program,title,link,upvotes,bounty,vuln_type,date
HackerOne,Login page password-guessing attack,hackerone.com/reports/110,22,0.0,,2014-01-16
HackerOne,Missing SPF for hackerone.com,hackerone.com/reports/120,48,0.0,Violation of Secure Design Principles,2014-01-09
HackerOne,Report title autocompletion,hackerone.com/reports/263,8,0.0,Information Disclosure,2015-06-08
HackerOne,Flawed account creation process allows registration of usernames corresponding to existing file names,hackerone.com/reports/275,15,0.0,,2015-06-08
HackerOne,Real impersonation,hackerone.com/reports/280,48,0.0,,2013-11-30
HackerOne,Broken Authentication and session management OWASP A2,hackerone.com/reports/284,35,0.0,Improper Authentication - Generic,2014-01-09
HackerOne,Session Management,hackerone.com/reports/288,14,0.0,,2014-04-19
HackerOne,RTL override symbol not stripped from file names,hackerone.com/reports/298,11,0.0,Violation of Secure Design Principles,2015-05-28
HackerOne,CSP not consistently applied,hackerone.com/reports/321,34,0.0,Cross-site Scripting (XSS) - Generic,2013-11-30
HackerOne,"Privilege escalation..., or not?!",hackerone.com/reports/345,11,0.0,Violation of Secure Design Principles,2015-06-08
HackerOne,Session not expired on logout,hackerone.com/reports/353,22,100.0,,2014-04-19
HackerOne,Pixel flood attack,hackerone.com/reports/390,66,500.0,Uncontrolled Resource Consumption,2013-11-30
HackerOne,GIF flooding,hackerone.com/reports/400,51,250.0,Uncontrolled Resource Consumption,2013-11-30
HackerOne,PNG compression DoS,hackerone.com/reports/454,18,500.0,Uncontrolled Resource Consumption,2015-05-28
HackerOne,Flawed account creation process allows registration of usernames corresponding to existing file names,hackerone.com/reports/477,11,100.0,,2014-04-19
HackerOne,DNS Cache Poisoning,hackerone.com/reports/487,41,100.0,,2014-01-09
Ruby,Ruby: Heap Overflow in Floating Point Parsing,hackerone.com/reports/499,26,0.0,,2013-11-22
Internet Bug Bounty,OpenSSH: Memory corruption in AES-GCM support,hackerone.com/reports/500,23,0.0,,2013-11-07
Internet Bug Bounty,TLS Virtual Host Confusion,hackerone.com/reports/501,23,0.0,,2014-11-10
Internet Bug Bounty,PHP openssl_x509_parse() Memory Corruption Vulnerability,hackerone.com/reports/523,16,0.0,Code Injection,2013-12-13
HackerOne,Logical issues with account settings,hackerone.com/reports/546,15,0.0,Violation of Secure Design Principles,2015-05-28
HackerOne,CSRF login,hackerone.com/reports/547,24,0.0,Cross-Site Request Forgery (CSRF),2014-01-13
HackerOne,Email spoofing ,hackerone.com/reports/575,28,0.0,Violation of Secure Design Principles,2015-05-28
HackerOne,Upload profile photo from URL,hackerone.com/reports/713,43,0.0,Server-Side Request Forgery (SSRF),2014-02-15
HackerOne,Switching the user to the attacker's account,hackerone.com/reports/727,27,150.0,Cross-Site Request Forgery (CSRF),2014-02-20
HackerOne,Improper session management,hackerone.com/reports/737,24,100.0,Improper Authentication - Generic,2014-02-19
HackerOne,Information disclosure (reset password token) and changing the user's password,hackerone.com/reports/738,24,100.0,Cross-Site Request Forgery (CSRF),2014-02-19
HackerOne,A password reset page does not properly validate the authenticity token at the server side.,hackerone.com/reports/742,10,100.0,Cross-Site Request Forgery (CSRF),2014-04-19
HackerOne,Enumeration of users,hackerone.com/reports/761,20,0.0,Violation of Secure Design Principles,2014-10-03
Phabricator,Log in a user to another account,hackerone.com/reports/774,21,300.0,Cross-Site Request Forgery (CSRF),2014-02-22
Phabricator,Improperly implemented password recovery link functionality,hackerone.com/reports/809,14,300.0,Improper Authentication - Generic,2014-02-27
HackerOne,Autocomplete enabled in Paypal preferences,hackerone.com/reports/842,8,0.0,Violation of Secure Design Principles,2015-05-28
HackerOne,LinkedIN URL should be HTTPS,hackerone.com/reports/1093,10,0.0,,2016-05-18
Internet Bug Bounty,PHP Heap Overflow Vulnerability in imagecrop(),hackerone.com/reports/1356,8,0.0,,2014-02-06
Factlink,Proxy discloses internal web servers,hackerone.com/reports/1409,10,0.0,Information Disclosure,2014-04-08
Secret,SSL Not Enforced,hackerone.com/reports/1425,7,0.0,,2014-03-16
Secret,Strict Transport Security on secret.ly,hackerone.com/reports/1498,3,0.0,,2014-04-22
HackerOne,DNS Misconfiguration,hackerone.com/reports/1509,19,0.0,,2014-02-15
Internet Bug Bounty,Flash type confusion vulnerability leads to code execution,hackerone.com/reports/2106,8,0.0,,2013-12-10
Internet Bug Bounty,Handling of jar: URIs bypasses AllowScriptAccess=never,hackerone.com/reports/2107,6,2000.0,,2014-01-14
Internet Bug Bounty,Flash local-with-fileaccess Sandbox Bypass,hackerone.com/reports/2140,6,0.0,Information Disclosure,2014-04-17
Internet Bug Bounty,Flash double free vulnerability leads to code execution,hackerone.com/reports/2170,5,0.0,Memory Corruption - Generic,2014-02-27
HackerOne,harvesting attack on user registration,hackerone.com/reports/2193,6,0.0,,2014-05-19
HackerOne,CSS leaks SCSS debug info,hackerone.com/reports/2221,13,0.0,Information Disclosure,2014-02-28
Phabricator,Bypass auth.email-domains,hackerone.com/reports/2224,15,1000.0,Improper Authentication - Generic,2014-03-25
Phabricator,Login CSRF using Twitter OAuth,hackerone.com/reports/2228,14,0.0,Cross-Site Request Forgery (CSRF),2014-03-26
Phabricator,Bypass auth.email-domains (2),hackerone.com/reports/2233,13,500.0,Improper Authentication - Generic,2014-03-26
Internet Bug Bounty,Widespread failure of certificate validation in Android apps,hackerone.com/reports/2293,5,0.0,Cryptographic Issues - Generic,2019-11-12
RelateIQ,open redirect,hackerone.com/reports/2414,1,0.0,Open Redirect,2014-05-19
RelateIQ,Value of JSESSIONID  and XSRF token parameter in cookie remains same before and after login,hackerone.com/reports/2421,5,0.0,Violation of Secure Design Principles,2014-05-14
RelateIQ,XSRF token problem,hackerone.com/reports/2427,1,0.0,Violation of Secure Design Principles,2014-04-20
HackerOne,Hackerone Email Addresses Enumeration,hackerone.com/reports/2429,24,0.0,Information Disclosure,2016-06-17
RelateIQ,Cross Site Scripting (XSS) - app.relateiq.com,hackerone.com/reports/2439,5,0.0,Cross-site Scripting (XSS) - Generic,2014-08-07
Slack,Reflective XSS can be triggered in IE,hackerone.com/reports/2497,4,150.0,Cross-site Scripting (XSS) - Generic,2015-03-15
Slack,Broken Authentication (including Slack OAuth bugs),hackerone.com/reports/2559,8,0.0,Violation of Secure Design Principles,2014-08-30
Slack,"Slack OAuth2 ""redirect_uri"" Bypass ",hackerone.com/reports/2575,10,0.0,Improper Authentication - Generic,2014-05-29
Slack,Session Fixation disclosing email address,hackerone.com/reports/2582,7,0.0,Information Disclosure,2014-03-31
HackerOne,Weird Bug - Ability to see partial of other user's notification,hackerone.com/reports/2584,8,0.0,,2014-04-19
Slack,Stored XSS in www.slack-files.com,hackerone.com/reports/2617,8,0.0,Cross-site Scripting (XSS) - Generic,2014-05-23
Slack,URL redirection flaw,hackerone.com/reports/2622,5,0.0,Open Redirect,2014-08-30
Slack,Stored XSS in username.slack.com,hackerone.com/reports/2625,4,0.0,Cross-site Scripting (XSS) - Generic,2014-08-07
Slack,CSRF vulnerability on https://sehacure.slack.com/account/settings,hackerone.com/reports/2628,5,0.0,Cross-Site Request Forgery (CSRF),2014-07-26
Slack,csrf,hackerone.com/reports/2635,4,0.0,Cross-Site Request Forgery (CSRF),2014-04-06
Slack,CSRF on add comment section,hackerone.com/reports/2638,2,0.0,Cross-Site Request Forgery (CSRF),2014-04-12
Slack,Stored XSS on this link https://sehacure.slack.com/help/requests/,hackerone.com/reports/2639,6,0.0,Cross-site Scripting (XSS) - Generic,2014-08-30
Slack,Stored XSS in Channel Chat ,hackerone.com/reports/2652,3,0.0,Cross-site Scripting (XSS) - Generic,2014-05-21
Slack,State parameter missing on google OAuth,hackerone.com/reports/2688,6,0.0,Cross-Site Request Forgery (CSRF),2014-04-06
Slack,Open redirect vulnerability ,hackerone.com/reports/2731,11,0.0,Open Redirect,2014-04-06
RelateIQ,"HTML injection in ""Invite Collaborators""",hackerone.com/reports/2735,9,0.0,Cross-site Scripting (XSS) - Generic,2014-04-06
Slack,Data exports stored on S3 can be scraped easily,hackerone.com/reports/2746,9,0.0,Improper Authentication - Generic,2014-12-09
Slack,Email enumeration,hackerone.com/reports/2766,8,0.0,Information Disclosure,2014-04-02
Slack,Reflected Xss,hackerone.com/reports/2777,3,500.0,Cross-site Scripting (XSS) - Generic,2014-05-19
Phabricator,CSRF token valid even after the session logout of a particular user,hackerone.com/reports/2857,2,0.0,Cross-Site Request Forgery (CSRF),2014-06-26
Slack,Stored XSS ,hackerone.com/reports/2926,4,0.0,Cross-site Scripting (XSS) - Generic,2014-04-06
Slack,Deleting Teams implemenation,hackerone.com/reports/2975,2,0.0,Improper Authentication - Generic,2014-08-21
Slack,Content Spoofing,hackerone.com/reports/2979,3,0.0,Violation of Secure Design Principles,2014-08-11
HackerOne,Control Characters Not Stripped From Username on Signup,hackerone.com/reports/3227,14,0.0,Violation of Secure Design Principles,2014-03-11
Phabricator,UnAuthorized Editorial Publishing to Blogs,hackerone.com/reports/3356,7,300.0,Improper Authentication - Generic,2014-04-05
Ruby on Rails,Directory traversal attack in view resolver,hackerone.com/reports/3370,8,0.0,Information Disclosure,2015-07-09
RelateIQ,RelateIQ GWT based application visible to unauthenticated users,hackerone.com/reports/3432,3,0.0,Information Disclosure,2014-04-11
RelateIQ,Captcha Bypass With Extension,hackerone.com/reports/3441,4,0.0,Cryptographic Issues - Generic,2014-04-20
Slack,flash content type sniff vulnerability in api.slack.com,hackerone.com/reports/3455,2,0.0,Cross-Site Request Forgery (CSRF),2014-04-08
Phabricator,OAuth access_token stealing in Phabricator,hackerone.com/reports/3596,9,450.0,Open Redirect,2014-04-11
HackerOne,Criptographic Issue: Strisct Transport Security with not good max age..(TOO SHORT!),hackerone.com/reports/3709,4,0.0,Cryptographic Issues - Generic,2014-04-22
Slack,User impersonation is possible with incoming webhooks,hackerone.com/reports/3722,3,0.0,Violation of Secure Design Principles,2014-04-10
Phabricator,Control character allowed in username,hackerone.com/reports/3921,8,300.0,,2014-04-12
HackerOne,Adding an user email address to the list before confirming.,hackerone.com/reports/3923,8,0.0,Violation of Secure Design Principles,2014-06-11
Phabricator,OAuth Stealing Attack (New),hackerone.com/reports/3930,10,400.0,Open Redirect,2014-04-13
HackerOne,Securing sensitive pages from SearchBots,hackerone.com/reports/3986,6,100.0,Violation of Secure Design Principles,2014-04-20
HackerOne,Accepting Invalid characters on email address,hackerone.com/reports/3991,7,0.0,Violation of Secure Design Principles,2016-04-25
Phabricator,Persistent XSS: Editor link,hackerone.com/reports/4114,8,300.0,Cross-site Scripting (XSS) - Generic,2014-04-16
HackerOne,javascript: and mailto: links are allowed on users' profiles,hackerone.com/reports/4184,8,0.0,Cross-site Scripting (XSS) - Generic,2015-05-13
MoneyStream,Here is another XSS i got for you,hackerone.com/reports/4276,7,0.0,Cross-site Scripting (XSS) - Generic,2014-08-06
RelateIQ,TRACE disclosure attack may be possible,hackerone.com/reports/4409,6,0.0,Information Disclosure,2014-07-25
Slack,Open Redirect in Slack,hackerone.com/reports/4549,2,0.0,Open Redirect,2014-05-21
Slack,Stored XSS in Slackbot Direct Messages,hackerone.com/reports/4561,8,0.0,Cross-site Scripting (XSS) - Generic,2014-05-04
Slack,Duplicate of #4550,hackerone.com/reports/4638,3,0.0,,2014-05-21
Internet Bug Bounty,SPDY memory corruption,hackerone.com/reports/4689,18,0.0,,2014-03-24
Internet Bug Bounty,SPDY heap buffer overflow,hackerone.com/reports/4690,14,0.0,,2014-03-24
Concrete CMS,XSS in Theme Preview Tools File,hackerone.com/reports/4777,2,0.0,Cross-site Scripting (XSS) - Generic,2014-08-28
Concrete CMS,HttpOnly flag not set for cookie on concrete5.org,hackerone.com/reports/4792,10,0.0,Violation of Secure Design Principles,2014-04-16
Concrete CMS,Bypass auth.email-domains,hackerone.com/reports/4795,11,0.0,Improper Authentication - Generic,2014-04-30
Concrete CMS,/index.php/dashboard/sitemap/explore/ Cross-site scripting,hackerone.com/reports/4808,4,0.0,Cross-site Scripting (XSS) - Generic,2014-06-09
Concrete CMS,dashboard/pages/types [Unknown column 'Array' in 'where clause'] disclosure.,hackerone.com/reports/4811,2,0.0,Information Disclosure,2014-06-09
Concrete CMS,XSS in private message,hackerone.com/reports/4826,7,0.0,Cross-site Scripting (XSS) - Generic,2014-05-14
Concrete CMS,XSS IN member List (Because of City Textbox),hackerone.com/reports/4839,6,0.0,Cross-site Scripting (XSS) - Generic,2014-04-16
Concrete CMS,CONCRETE5 - path disclosure.,hackerone.com/reports/4931,2,0.0,Information Disclosure,2014-06-09
Concrete CMS,page_controls_menu_js can reveal collection version of page,hackerone.com/reports/4938,4,0.0,Information Disclosure,2014-03-31
Coinbase,Information Disclosure That shows the webroot of CoinBase Server,hackerone.com/reports/5073,3,0.0,Information Disclosure,2014-05-04
Coinbase,Improper Validation of the Referrer header leading to Open URL Redirection,hackerone.com/reports/5199,2,0.0,Open Redirect,2014-04-29
Coinbase,"User Enumeration, Information Disclosure and Lack of Rate Limitation on API",hackerone.com/reports/5200,4,0.0,Violation of Secure Design Principles,2014-03-31
Coinbase, Cookie missing the HttpOnly flag  ,hackerone.com/reports/5204,2,0.0,,2014-04-30
Coinbase,IFRAME loaded from External Domains  ,hackerone.com/reports/5205,2,0.0,,2014-04-30
Coinbase,Coinbase Android Application - Bitcoin Wallet Leaks OAuth Response Code,hackerone.com/reports/5314,14,0.0,Information Disclosure,2014-11-26
MS-DOS,CRITICAL BUG!,hackerone.com/reports/5426,5,0.0,Violation of Secure Design Principles,2014-04-01
MS-DOS,Please contact me @sehacure otherwise i am going to disclose in Full disclosure mailing list :p ,hackerone.com/reports/5437,10,0.0,Uncontrolled Resource Consumption,2014-04-02
MS-DOS,Hack administrator password even if you are a guest,hackerone.com/reports/5441,7,0.0,Improper Authentication - Generic,2014-04-01
MS-DOS,Bug in Source Code Files(v1.1),hackerone.com/reports/5466,6,0.0,Memory Corruption - Generic,2014-04-01
MS-DOS,Arbitrary command execution in MS-DOS,hackerone.com/reports/5499,5,0.0,Command Injection - Generic,2014-04-01
MS-DOS,Permanent Denial of Service ,hackerone.com/reports/5534,19,0.0,Uncontrolled Resource Consumption,2014-04-01
MS-DOS,History Disclosure of MS-Dos,hackerone.com/reports/5549,3,0.0,Information Disclosure,2014-07-20
MS-DOS,Injecting Distrust and Disbelief in Addicted Gamers ,hackerone.com/reports/5559,3,0.0,,2014-06-04
MS-DOS,एमएस  डॉस प्राणघाती है।  ,hackerone.com/reports/5596,5,0.0,Improper Authentication - Generic,2014-04-04
Slack,TLS1/SSLv3 Renegotiation Vulnerability,hackerone.com/reports/5617,2,0.0,,2014-08-14
C2FO,OPTIONS Method Enabled,hackerone.com/reports/5654,4,0.0,,2014-04-07
C2FO,User guessing/enumeration at  https://app.c2fo.com/api/password-reset,hackerone.com/reports/5688,4,0.0,Information Disclosure,2014-05-19
C2FO,Password reset token leakage through referrer at https://app.c2fo.com/password/reset/,hackerone.com/reports/5691,4,0.0,Information Disclosure,2014-04-15
Coinbase,Coinbase Android Security Vulnerabilities,hackerone.com/reports/5786,9,0.0,Cryptographic Issues - Generic,2014-05-07
Internet Bug Bounty,Uncontrolled Resource Consumption with XMPP-Layer Compression,hackerone.com/reports/5928,3,500.0,Uncontrolled Resource Consumption,2014-04-20
Coinbase,Multiple Issues related to registering applications,hackerone.com/reports/5933,3,1000.0,Violation of Secure Design Principles,2014-05-29
HackerOne,Marking notifications as read CSRF bug,hackerone.com/reports/5946,4,0.0,Cross-Site Request Forgery (CSRF),2015-04-28
Slack,Stored XSS in Slack.com,hackerone.com/reports/6002,5,0.0,Cross-site Scripting (XSS) - Generic,2015-03-09
Slack,Facebook Takeover using Slack using 302 from files.slack.com with access_token,hackerone.com/reports/6017,17,0.0,Open Redirect,2015-01-11
Slack,open redirect in https://slack.com,hackerone.com/reports/6035,2,0.0,Open Redirect,2014-05-31
Khan Academy,http://smarthistory.khanacademy.org/search-results.html XSS,hackerone.com/reports/6344,4,0.0,Cross-site Scripting (XSS) - Generic,2014-04-09
HackerOne,creating titleless and non-closable bugs ,hackerone.com/reports/6350,6,0.0,,2014-04-17
Khan Academy,Dom based XSS https://www.khanacademy.org/,hackerone.com/reports/6352,4,0.0,Cross-site Scripting (XSS) - Generic,2014-04-09
RelateIQ,Wildcard DNS in website,hackerone.com/reports/6353,7,0.0,Violation of Secure Design Principles,2014-06-01
Khan Academy,https://www.khanacademy.org/login open-redirect,hackerone.com/reports/6357,3,0.0,Open Redirect,2014-04-09
Khan Academy,Full Path Disclosure on [smarthistory.khanacademy.org],hackerone.com/reports/6362,3,0.0,Information Disclosure,2014-04-11
Khan Academy,Stored XSS {dangerous?} https://www.khanacademy.org/coach/roster/?listId=allStudents,hackerone.com/reports/6369,4,0.0,Cross-site Scripting (XSS) - Generic,2014-04-09
Khan Academy,Possible clickjacking at shop.khanacademy.org,hackerone.com/reports/6370,2,0.0,UI Redressing (Clickjacking),2014-05-08
Khan Academy,Lighttpd version disclosure / directory listing,hackerone.com/reports/6371,4,0.0,Information Disclosure,2014-04-12
Khan Academy,User guessing/enumeration at sw.khanacademy.org,hackerone.com/reports/6376,3,0.0,Information Disclosure,2014-04-15
Khan Academy,CSRF - Adding/Removing items to cart - shop.khanacademy.org,hackerone.com/reports/6378,4,0.0,Cross-Site Request Forgery (CSRF),2014-05-08
Internet Bug Bounty,Same Origin Security Bypass Vulnerability,hackerone.com/reports/6380,3,2000.0,,2014-03-11
Internet Bug Bounty,Integer overflow in strop.expandtabs,hackerone.com/reports/6389,4,0.0,,2014-03-31
Khan Academy,https://www.khanacademy.org/coach/reports/activity XSS,hackerone.com/reports/6409,3,0.0,Cross-site Scripting (XSS) - Generic,2014-04-09
Khan Academy,Persistent class XSS [the fuck],hackerone.com/reports/6412,5,0.0,Cross-site Scripting (XSS) - Generic,2014-04-09
Concrete CMS,https://concrete5.org ::: HeartBleed Attack (CVE-2014-0160),hackerone.com/reports/6475,3,0.0,Information Disclosure,2014-04-09
Khan Academy,Weak Ciphers Enabled,hackerone.com/reports/6488,10,0.0,Information Disclosure,2014-04-09
C2FO,c2fo.com is releasing sensitive Information about Database Configuration.,hackerone.com/reports/6491,4,0.0,Information Disclosure,2014-05-08
ReddAPI,Session Fixation Found,hackerone.com/reports/6504,5,0.0,,2014-04-20
HackerOne,(lack of) smtp transport layer security,hackerone.com/reports/6547,4,0.0,Cryptographic Issues - Generic,2015-05-05
Khan Academy,Open Redirection in SmartHistory KhanAcademy,hackerone.com/reports/6564,5,0.0,Open Redirect,2014-04-09
ReddAPI,Login page password-guessing attack,hackerone.com/reports/6574,6,0.0,,2014-05-09
Khan Academy,XSS at  http://smarthistory.khanacademy.org,hackerone.com/reports/6575,7,0.0,Cross-site Scripting (XSS) - Generic,2014-04-09
Internet Bug Bounty,TLS heartbeat read overrun,hackerone.com/reports/6626,10,0.0,,2014-04-07
ReddAPI,No Captcha or rate limit on Login Page,hackerone.com/reports/6697,7,0.0,Improper Authentication - Generic,2014-04-23
C2FO,The server supports only older protocols for HTTPS connections,hackerone.com/reports/6794,2,0.0,Cryptographic Issues - Generic,2014-05-15
Faceless,Blocking yourself,hackerone.com/reports/6826,2,0.0,Violation of Secure Design Principles,2014-04-11
Concrete CMS,Cross-Site Scripting in getMarketplacePurchaseFrame,hackerone.com/reports/6843,2,0.0,Cross-site Scripting (XSS) - Generic,2014-08-18
Concrete CMS,XSS on [/concrete/concrete/elements/dashboard/sitemap.php],hackerone.com/reports/6853,6,0.0,Cross-site Scripting (XSS) - Generic,2014-08-28
IRCCloud,Login CSRF,hackerone.com/reports/6871,2,100.0,Cross-Site Request Forgery (CSRF),2014-04-21
IRCCloud,Sign up CSRF,hackerone.com/reports/6872,4,100.0,Cross-Site Request Forgery (CSRF),2014-05-14
IRCCloud,"Unsecure cookies, cookie flag secure not set",hackerone.com/reports/6877,3,100.0,Violation of Secure Design Principles,2014-05-15
IRCCloud,Bruteforcing irccloud login,hackerone.com/reports/6883,3,100.0,Violation of Secure Design Principles,2014-05-26
IRCCloud,Leaking Referrer in Reset Password Link,hackerone.com/reports/6884,5,100.0,Violation of Secure Design Principles,2014-04-12
IRCCloud,HTML Form without CSRF protection,hackerone.com/reports/6888,3,0.0,Cross-Site Request Forgery (CSRF),2014-05-14
IRCCloud,Session Token is not Verified while changing Account Setting's which Result In account Takeover,hackerone.com/reports/6907,5,0.0,Cross-Site Request Forgery (CSRF),2014-04-23
IRCCloud,Full account takeover using CSRF and password reset,hackerone.com/reports/6910,16,0.0,Cross-Site Request Forgery (CSRF),2014-04-14
IRCCloud,Session cookie can be leaked over an unencrypted HTTP connection,hackerone.com/reports/6927,1,0.0,Violation of Secure Design Principles,2014-05-15
IRCCloud,Missing X-Content-Type-Options,hackerone.com/reports/6935,6,0.0,Violation of Secure Design Principles,2014-05-15
IRCCloud,"""SESSION""  Cookie without HttpOnly flag set",hackerone.com/reports/7033,5,0.0,Improper Authentication - Generic,2014-05-11
IRCCloud,Bug in iOS application which could lead to unauthorised access.,hackerone.com/reports/7036,6,0.0,Improper Authentication - Generic,2014-05-15
IRCCloud,iOS application does not destroy session upon logout.,hackerone.com/reports/7041,5,0.0,Improper Authentication - Generic,2014-05-22
IRCCloud, User Account Creation CSRF ,hackerone.com/reports/7051,3,0.0,Cross-Site Request Forgery (CSRF),2014-06-25
IRCCloud,DNS Misconfiguration,hackerone.com/reports/7085,5,0.0,,2014-04-11
IRCCloud,CSRF to Account Take Over Bug ,hackerone.com/reports/7116,4,0.0,Cross-Site Request Forgery (CSRF),2014-09-08
IRCCloud,Persistent Cross Site Scripting within the IRCCloud Pastebin ,hackerone.com/reports/7121,3,500.0,Cross-site Scripting (XSS) - Generic,2014-10-01
IRCCloud,Login page password-guessing attack(Brute-force attack-High).,hackerone.com/reports/7226,8,0.0,Improper Authentication - Generic,2014-04-26
Faceless,Bruteforce attack in login panel,hackerone.com/reports/7270,4,0.0,Violation of Secure Design Principles,2014-04-15
Internet Bug Bounty,TLS Triple Handshake Attack,hackerone.com/reports/7277,14,0.0,,2014-03-03
IRCCloud,CSRF - Creating accounts,hackerone.com/reports/7332,1,0.0,Cross-Site Request Forgery (CSRF),2014-05-14
IRCCloud,Host Header is not validated resulting in Open Redirect,hackerone.com/reports/7357,4,100.0,Violation of Secure Design Principles,2014-04-24
Coinbase,2 factor authentication design flaw,hackerone.com/reports/7369,2,0.0,Violation of Secure Design Principles,2014-06-06
IRCCloud,Unwanted Spamming Using CSRF [LOGGED IN USER],hackerone.com/reports/7436,4,0.0,Cross-Site Request Forgery (CSRF),2014-05-17
IRCCloud,Dangerous Persistent xss,hackerone.com/reports/7441,4,0.0,Cross-site Scripting (XSS) - Generic,2014-05-13
IRCCloud,Log Out Cross site Request Forgery,hackerone.com/reports/7516,1,0.0,Cross-Site Request Forgery (CSRF),2014-06-13
IRCCloud,Login CSRF can be bypassed (Similar approach to previous one).,hackerone.com/reports/7531,8,0.0,Cross-Site Request Forgery (CSRF),2014-05-20
Automattic,Simplenote Silverlight cross-domain policy misconfiguration,hackerone.com/reports/7571,1,0.0,Cross-Site Request Forgery (CSRF),2014-05-17
Automattic,Session Cookie without Secure flag set,hackerone.com/reports/7680,2,0.0,,2014-05-21
Concrete CMS,FULL PATH DISCLOSUR ,hackerone.com/reports/7736,6,0.0,Information Disclosure,2014-04-17
Internet Bug Bounty,Security bypass could lead to information disclosure,hackerone.com/reports/7803,3,2000.0,,2014-04-08
Automattic,Session Cookie without Secure flag set,hackerone.com/reports/7843,1,0.0,,2014-05-21
Automattic,HTML form without CSRF protection,hackerone.com/reports/7849,4,0.0,Cross-Site Request Forgery (CSRF),2014-07-08
Localize,ClickJacking,hackerone.com/reports/7862,2,0.0,UI Redressing (Clickjacking),2014-05-17
Localize,HTML Form Without CSRF protection,hackerone.com/reports/7863,3,0.0,Cryptographic Issues - Generic,2014-04-18
Localize,Sign-up Form CSRF,hackerone.com/reports/7865,9,0.0,Cross-Site Request Forgery (CSRF),2014-04-18
Localize,XSS in Groups,hackerone.com/reports/7868,10,0.0,Cross-site Scripting (XSS) - Generic,2014-04-18
Localize,No BruteForce Protection,hackerone.com/reports/7869,2,0.0,Cryptographic Issues - Generic,2014-04-22
Localize,Change user settings through CSRF,hackerone.com/reports/7870,2,0.0,Cross-Site Request Forgery (CSRF),2014-05-18
Localize,Stored XSS,hackerone.com/reports/7873,3,0.0,Cross-site Scripting (XSS) - Generic,2014-04-20
Localize,XSS & HTML injection,hackerone.com/reports/7876,11,0.0,Cross-Site Request Forgery (CSRF),2014-04-18
Localize,XSS in main page,hackerone.com/reports/7882,10,0.0,Cross-site Scripting (XSS) - Generic,2014-04-18
Localize,Password Policy,hackerone.com/reports/7883,2,0.0,Violation of Secure Design Principles,2014-05-18
Localize,XSS in main page (invitation),hackerone.com/reports/7886,7,0.0,Cross-site Scripting (XSS) - Generic,2014-04-18
Localize,XSS in invite approval,hackerone.com/reports/7887,10,0.0,Cross-site Scripting (XSS) - Generic,2014-04-18
Localize,Unexpected array leaks information about the system,hackerone.com/reports/7888,4,0.0,Information Disclosure,2014-04-18
Localize,XSS in Localize.io,hackerone.com/reports/7890,4,0.0,Cross-site Scripting (XSS) - Generic,2014-04-18
Localize,Full path disclosure,hackerone.com/reports/7894,3,0.0,Information Disclosure,2014-04-18
Localize,"HTML/Javascript possible in ""Discussion"" section of reviews",hackerone.com/reports/7897,6,0.0,Cross-site Scripting (XSS) - Generic,2014-04-19
Respondly,Persistent Cross-site scripting vulnerability settings.,hackerone.com/reports/7898,2,0.0,Cross-site Scripting (XSS) - Generic,2014-04-21
Respondly,OAuth open redirect,hackerone.com/reports/7900,8,0.0,Open Redirect,2014-04-22
Localize,Path Disclosure (Info Disclosure) in  http://www.localize.io,hackerone.com/reports/7903,4,0.0,Information Disclosure,2014-04-18
Localize,Business logic Failure - Browser cache management and logout vulnerability.,hackerone.com/reports/7909,13,0.0,Improper Authentication - Generic,2014-05-18
Respondly,Import emails from Gmail are activate XSS,hackerone.com/reports/7913,2,0.0,Cross-site Scripting (XSS) - Generic,2014-04-21
Localize,Server header - information disclosure ,hackerone.com/reports/7914,3,0.0,Information Disclosure,2014-05-19
Localize,Uninitialized variable error message leaks information ,hackerone.com/reports/7915,4,0.0,Information Disclosure,2014-04-18
Localize,No Cross-Site Request Forgery protection at multiple locations,hackerone.com/reports/7916,3,0.0,Cross-Site Request Forgery (CSRF),2014-04-18
Respondly,"Find, private notes Cross-site scripting.",hackerone.com/reports/7917,2,0.0,Cross-site Scripting (XSS) - Generic,2014-04-21
Respondly,XSS via Email,hackerone.com/reports/7919,4,0.0,Cross-site Scripting (XSS) - Generic,2014-04-21
Localize,Assigning a non-existing role to user causes exception when opening project page,hackerone.com/reports/7921,3,0.0,Uncontrolled Resource Consumption,2014-04-19
Localize,Apache2 /icons/ folder accessible,hackerone.com/reports/7923,4,0.0,Information Disclosure,2014-05-18
Respondly,Clickjacking - changing role,hackerone.com/reports/7924,1,0.0,UI Redressing (Clickjacking),2014-04-21
HackerOne,Arbitrary file uploads to Amazon WS.,hackerone.com/reports/7929,4,0.0,Violation of Secure Design Principles,2014-04-26
Localize,Information Disclosure (Directory Structure),hackerone.com/reports/7930,4,0.0,Information Disclosure,2014-04-18
HackerOne,Issue with remember_user_token,hackerone.com/reports/7931,4,150.0,Violation of Secure Design Principles,2015-05-28
Secret,Login CSRF in Secret.ly,hackerone.com/reports/7936,5,0.0,Cross-Site Request Forgery (CSRF),2014-06-09
Localize,A Serious Bug on SIGNUP Process!,hackerone.com/reports/7941,4,0.0,Memory Corruption - Generic,2014-04-22
Respondly,x-frame options-sameorigin warning,hackerone.com/reports/7945,4,0.0,Violation of Secure Design Principles,2014-05-18
Respondly,DNS Misconfiguration,hackerone.com/reports/7949,2,0.0,,2014-05-18
Localize,User credentials are sent in clear text,hackerone.com/reports/7950,2,0.0,Information Disclosure,2014-04-18
Localize,Password type input with auto-complete enabled,hackerone.com/reports/7954,4,0.0,Improper Authentication - Generic,2014-04-19
Localize,CSRF in adding phrase.,hackerone.com/reports/7962,12,0.0,Cross-Site Request Forgery (CSRF),2014-04-19
Localize,Sensitive file,hackerone.com/reports/7968,5,0.0,Violation of Secure Design Principles,2014-04-18
Respondly,HTTP Strict transport security policy not enabled,hackerone.com/reports/7969,2,0.0,Violation of Secure Design Principles,2014-04-21
Localize,Full Path Disclosure,hackerone.com/reports/7972,4,0.0,Information Disclosure,2014-04-19
Localize,XSS in password,hackerone.com/reports/7995,5,0.0,Cross-site Scripting (XSS) - Generic,2014-05-11
Respondly,XSS via Email Link,hackerone.com/reports/8010,4,0.0,Cross-site Scripting (XSS) - Generic,2014-04-21
Localize,Full Path Disclosure (2),hackerone.com/reports/8013,3,0.0,Information Disclosure,2014-04-19
Localize,Login page password-guessing attack,hackerone.com/reports/8017,6,0.0,,2014-04-20
Localize,Possible sensitive files,hackerone.com/reports/8019,7,0.0,Information Disclosure,2014-04-20
Respondly,X-Content-Type-Options header missing,hackerone.com/reports/8053,1,0.0,Violation of Secure Design Principles,2014-05-21
Localize,Apache Documentation,hackerone.com/reports/8055,5,0.0,Information Disclosure,2014-04-18
Localize,X-Content-Type-Options header missing,hackerone.com/reports/8059,2,0.0,Violation of Secure Design Principles,2014-05-19
Localize,Numerous open ports/services,hackerone.com/reports/8064,5,0.0,Information Disclosure,2014-04-21
HackerOne,Password Reset Bug,hackerone.com/reports/8082,15,100.0,Violation of Secure Design Principles,2014-09-25
Localize,Full Path Disclosure (FPD) in www.localize.io,hackerone.com/reports/8088,3,0.0,Information Disclosure,2014-04-19
Localize,Full Path Disclosure / Info Disclosure in Creating New Group,hackerone.com/reports/8090,12,0.0,Information Disclosure,2014-04-19
Localize,Full Path Disclosure / Info Disclosure in Importing XML Section!,hackerone.com/reports/8091,3,0.0,Information Disclosure,2014-04-19
Localize,infinite number of new project creation!,hackerone.com/reports/8093,3,0.0,Memory Corruption - Generic,2014-04-22
Localize,Making groups in any project without permission ,hackerone.com/reports/8102,3,0.0,Privilege Escalation,2014-04-20
Localize,Deleting groups in any project without permission ,hackerone.com/reports/8104,3,0.0,Privilege Escalation,2014-04-20
Localize,OPTIONS Method Enabled,hackerone.com/reports/8184,3,0.0,,2014-04-21
Localize,Group Creation Via CSRF,hackerone.com/reports/8216,2,0.0,Cross-Site Request Forgery (CSRF),2014-04-21
Localize,Group Deletion Via CSRF,hackerone.com/reports/8218,2,0.0,Cross-Site Request Forgery (CSRF),2014-04-21
Localize, Private Project Access Request Accpeted Via CSRF ,hackerone.com/reports/8224,2,0.0,Cross-Site Request Forgery (CSRF),2014-04-21
Localize,Private Project Access Request Invitation Sent Via CSRF ,hackerone.com/reports/8226,9,0.0,Cross-Site Request Forgery (CSRF),2014-04-21
Localize,No Wildcard DNS,hackerone.com/reports/8239,2,0.0,Violation of Secure Design Principles,2014-04-21
Respondly,Allowed method disclosure,hackerone.com/reports/8242,2,0.0,Violation of Secure Design Principles,2014-04-21
Localize,Projects Watch or Notifications Settings Change Via CSRF,hackerone.com/reports/8273,3,0.0,Cross-Site Request Forgery (CSRF),2014-05-21
Respondly,Deleting team members,hackerone.com/reports/8737,8,0.0,Cross-site Scripting (XSS) - Generic,2014-04-23
StopTheHacker,Information Disclosure (FPD) - stopthehacker.com,hackerone.com/reports/8780,4,0.0,Information Disclosure,2014-07-08
StopTheHacker,CSRF - Disabling orders at https://panel.stopthehacker.com/manage/disable-order/order/ID,hackerone.com/reports/8843,2,0.0,Cross-Site Request Forgery (CSRF),2014-07-19
StopTheHacker,XSS in Stopthehacker support,hackerone.com/reports/8862,3,0.0,Cross-site Scripting (XSS) - Generic,2014-07-19
Respondly,No Bruteforce Protection,hackerone.com/reports/8996,4,0.0,Improper Authentication - Generic,2014-05-22
Localize,Criptographic Issue: Strisct Transport Security with not good max age..(TOO SHORT!),hackerone.com/reports/9008,3,0.0,Cryptographic Issues - Generic,2014-04-23
Localize,"Atttacker can send ""Invitation Request"" to a Project that is not even created yet!",hackerone.com/reports/9088,5,0.0,Improper Authentication - Generic,2014-04-23
Respondly,Full Path Disclosure,hackerone.com/reports/9137,3,0.0,Information Disclosure,2014-04-23
StopTheHacker,XSS Reflected - https://www.stopthehacker.com/,hackerone.com/reports/9148,2,0.0,Cross-site Scripting (XSS) - Generic,2014-08-08
StopTheHacker,XSS 1,hackerone.com/reports/9230,7,0.0,Cross-site Scripting (XSS) - Generic,2014-07-18
Localize,Full Path Disclosure (FPD) in www.localize.im,hackerone.com/reports/9256,3,0.0,Information Disclosure,2014-04-23
Ian Dunn,Stored XSS in all fields in Basic Google Maps Placemarks Settings,hackerone.com/reports/9375,2,25.0,Cross-site Scripting (XSS) - Generic,2014-04-23
Ian Dunn,Xss in CampTix Event Ticketing,hackerone.com/reports/9391,4,0.0,Cross-site Scripting (XSS) - Generic,2014-04-24
Respondly,OAuth Bug,hackerone.com/reports/9460,5,0.0,Improper Authentication - Generic,2014-04-30
HackerOne,Anti-MIME-Sniffing header X-Content-Type-Options header has not been set.,hackerone.com/reports/9479,9,0.0,Violation of Secure Design Principles,2015-04-28
Ian Dunn,Multiple Path Disclosure,hackerone.com/reports/9485,9,0.0,Information Disclosure,2016-07-16
Ian Dunn,PHP and Wordpress version disclosure,hackerone.com/reports/9516,2,0.0,Information Disclosure,2014-06-11
Automattic,https://polldaddy.com storage.swf XSS,hackerone.com/reports/9522,4,0.0,Cross-site Scripting (XSS) - Generic,2014-07-08
StopTheHacker,Reflected cross site scripting in login page ,hackerone.com/reports/9735,5,0.0,Cross-site Scripting (XSS) - Generic,2014-09-07
Localize,Full Path Disclosure (FPD) in www.localize.im,hackerone.com/reports/9745,4,0.0,Information Disclosure,2014-07-08
Slack,Stored XSS Found,hackerone.com/reports/9774,9,0.0,Cross-site Scripting (XSS) - Generic,2014-06-01
HackerOne,All Active user sessions should be deleted when user change his password!,hackerone.com/reports/9950,11,100.0,Violation of Secure Design Principles,2016-04-25
HackerOne,Flooding mailbox of user,hackerone.com/reports/10109,6,0.0,Violation of Secure Design Principles,2014-04-30
RelateIQ,Old Sessions remain valid after the password change.,hackerone.com/reports/10186,3,0.0,Improper Authentication - Generic,2014-06-11
Slack,Stored XSS in slack.com (integrations),hackerone.com/reports/10297,2,0.0,Cross-site Scripting (XSS) - Generic,2014-05-29
Internet Bug Bounty,Bypassing Same Origin Policy With JSONP APIs and Flash,hackerone.com/reports/10373,5,0.0,,2014-07-19
C2FO,All Active user sessions should be destroyed when user change his password!,hackerone.com/reports/10377,1,0.0,Violation of Secure Design Principles,2014-09-23
Coinbase,Bypassing 2FA for BTC transfers,hackerone.com/reports/10554,18,1000.0,Improper Authentication - Generic,2014-09-25
Coinbase,"CSRF on ""Set as primary"" option on the accounts page",hackerone.com/reports/10563,3,100.0,Cross-Site Request Forgery (CSRF),2014-07-26
Localize,XSS in Team Only Area,hackerone.com/reports/10577,4,0.0,Cross-site Scripting (XSS) - Generic,2014-07-08
Coinbase,"CSRF in function ""Set as primary"" on  accounts page",hackerone.com/reports/10829,1,0.0,Cross-Site Request Forgery (CSRF),2014-06-06
Slack,XSS in gist integration,hackerone.com/reports/11073,157,500.0,Cross-site Scripting (XSS) - Generic,2019-04-28
Hubdia,Subscribe User bug,hackerone.com/reports/11625,2,0.0,Violation of Secure Design Principles,2014-07-08
Coinbase,Simultaneous Session Logon : Improper Session Management,hackerone.com/reports/11722,4,0.0,Improper Authentication - Generic,2014-08-26
Ian Dunn,Path Disclosure Vulnerability,hackerone.com/reports/11729,6,0.0,Information Disclosure,2016-08-18
joola.io,HTTP Strict Transport Security (HSTS) Policy Not Enabled,hackerone.com/reports/11945,1,0.0,Violation of Secure Design Principles,2014-07-08
joola.io,SSH Port Wide Open,hackerone.com/reports/11951,2,0.0,Information Disclosure,2014-07-08
joola.io,Login password guessing attack,hackerone.com/reports/12042,3,0.0,Violation of Secure Design Principles,2014-05-19
Internet Bug Bounty,Python vulnerability: reading arbitrary process memory,hackerone.com/reports/12297,1,0.0,,2014-06-20
Kadira,MISSING SPF (Sender Policy Framework) for meteorapm.com,hackerone.com/reports/12341,4,0.0,Information Disclosure,2014-07-08
Kadira,Undeletable File,hackerone.com/reports/12355,2,0.0,Cryptographic Issues - Generic,2014-07-08
Respondly,XSS in the input,hackerone.com/reports/12389,3,0.0,Cross-site Scripting (XSS) - Generic,2014-07-08
Kadira,API keys being cached ,hackerone.com/reports/12425,3,0.0,Violation of Secure Design Principles,2014-07-08
ReddAPI,Strict Transport Security Misconfiguration,hackerone.com/reports/12453,5,0.0,Cryptographic Issues - Generic,2014-10-28
ReddAPI,Browser cross-site scripting filter misconfiguration,hackerone.com/reports/12454,3,0.0,Violation of Secure Design Principles,2014-10-28
ReddAPI, Content Sniffing not disabled,hackerone.com/reports/12457,2,0.0,Violation of Secure Design Principles,2014-10-28
Internet Bug Bounty,Adobe Flash Player FileReference Use-after-Free Vulnerability,hackerone.com/reports/12497,4,7500.0,Memory Corruption - Generic,2014-10-07
Secret,Content Sniffing not disabled,hackerone.com/reports/12506,2,0.0,Violation of Secure Design Principles,2014-07-08
joola.io,X-Content-Type-Options header missing,hackerone.com/reports/12613,2,0.0,Violation of Secure Design Principles,2014-07-08
Faceless,Account hijacking possible through ADB backup feature,hackerone.com/reports/12617,2,0.0,Information Disclosure,2014-05-21
HackerOne,Spamming any user from Reset Password Function,hackerone.com/reports/12782,5,0.0,Violation of Secure Design Principles,2016-05-03
HackerOne,Improper filtering of classes used in codeblocks in Markdown,hackerone.com/reports/12815,5,0.0,Cross-site Scripting (XSS) - Generic,2014-07-08
Localize,missing sender policy framework (SPF),hackerone.com/reports/12836,4,0.0,Violation of Secure Design Principles,2014-08-09
Urban Dictionary,Open Redirection,hackerone.com/reports/12949,2,0.0,Open Redirect,2014-07-08
Urban Dictionary,Open URL Redirection,hackerone.com/reports/12964,4,0.0,Open Redirect,2014-07-08
Secret,secret app for iOS and android is sending some info over HTTP,hackerone.com/reports/12977,3,0.0,Cryptographic Issues - Generic,2014-08-16
Localize,full path disclosure from false language,hackerone.com/reports/13237,3,0.0,Information Disclosure,2014-08-06
Khan Academy,Suffix of url-path is vulnerable to XSS-attack,hackerone.com/reports/13285,3,0.0,Cross-site Scripting (XSS) - Generic,2014-09-16
IRCCloud,Host Header Injection - irccloud.com,hackerone.com/reports/13286,10,100.0,Violation of Secure Design Principles,2014-07-08
Khan Academy,CRLF Injection,hackerone.com/reports/13314,2,0.0,Cross-Site Request Forgery (CSRF),2014-08-07
Khan Academy,Unchecking hidden parameter is vulnerable to XSS-attack,hackerone.com/reports/13506,3,0.0,Cross-site Scripting (XSS) - Generic,2014-08-07
Factlink,Click jacking,hackerone.com/reports/13550,2,0.0,UI Redressing (Clickjacking),2014-07-08
Factlink,HTML5 cross-origin resource sharing,hackerone.com/reports/13551,4,0.0,,2014-07-08
Factlink,Url Redirection,hackerone.com/reports/13553,2,0.0,Open Redirect,2014-06-10
Factlink,Login CSRF using Twitter oauth,hackerone.com/reports/13555,7,0.0,Cross-Site Request Forgery (CSRF),2014-07-05
Factlink,Leaking of password reset token through referer,hackerone.com/reports/13557,4,0.0,Information Disclosure,2014-07-08
Factlink,Missing SPF for factlink.com and Staging.factlink.com,hackerone.com/reports/13563,4,0.0,Cryptographic Issues - Generic,2014-07-08
Factlink,Password Complexity very low.,hackerone.com/reports/13567,5,0.0,Improper Authentication - Generic,2014-07-08
Factlink,Sign  up CSRF,hackerone.com/reports/13583,3,0.0,Cross-Site Request Forgery (CSRF),2014-06-05
Factlink,Session not expired on logout,hackerone.com/reports/13602,5,0.0,,2014-07-08
IRCCloud,Password type input with auto-complete enabled,hackerone.com/reports/13628,3,0.0,Violation of Secure Design Principles,2014-11-17
IRCCloud,Missing Character Restriction,hackerone.com/reports/13634,2,0.0,Violation of Secure Design Principles,2014-11-17
Factlink,X/Csrf token problem,hackerone.com/reports/13639,3,0.0,Improper Authentication - Generic,2014-05-30
Factlink,Proxy service crash DoS,hackerone.com/reports/13652,9,0.0,Uncontrolled Resource Consumption,2014-06-04
Factlink,Meta characters not filtered on signup,hackerone.com/reports/13679,7,0.0,Violation of Secure Design Principles,2014-07-08
Automattic,xss in app.simplenote.com,hackerone.com/reports/13703,3,0.0,Cross-site Scripting (XSS) - Generic,2014-07-08
Automattic,logout csrf app.simplenote.com/logout,hackerone.com/reports/13705,4,0.0,Cross-Site Request Forgery (CSRF),2014-07-08
Automattic,xss in simperium.com,hackerone.com/reports/13746,2,0.0,Cross-site Scripting (XSS) - Generic,2014-08-10
HackerOne,Potential denial of service in hackerone.com/teams/new,hackerone.com/reports/13748,3,0.0,Uncontrolled Resource Consumption,2014-06-20
Automattic,XSS on gravatar,hackerone.com/reports/13794,2,0.0,Cross-site Scripting (XSS) - Generic,2014-09-07
X / xAI,CSRF   in crashlytics.com,hackerone.com/reports/13856,1,0.0,Cross-Site Request Forgery (CSRF),2014-09-08
Automattic,information disclosure,hackerone.com/reports/13939,1,0.0,Information Disclosure,2014-07-16
Automattic,privilege escalation,hackerone.com/reports/13959,9,0.0,Improper Authentication - Generic,2014-08-10
Slack,Remote file Inclusion - RFI in upload,hackerone.com/reports/14092,7,0.0,Code Injection,2014-07-08
Slack,SSRF on https://whitehataudit.slack.com/account/photo,hackerone.com/reports/14127,5,0.0,Command Injection - Generic,2014-12-21
X / xAI,Token remains alive ever after logging out!,hackerone.com/reports/14177,3,0.0,Improper Authentication - Generic,2014-11-17
X / xAI,uclfinal.twitter.com and euro2012.twitter.com are vulnerable to CRIME attack,hackerone.com/reports/14199,3,0.0,Cryptographic Issues - Generic,2014-08-16
Automattic,http://jetpack.me/ Self XSS,hackerone.com/reports/14303,2,0.0,Cross-site Scripting (XSS) - Generic,2014-07-08
Automattic,genericons.com - DOM based XSS.,hackerone.com/reports/14305,2,0.0,Cross-site Scripting (XSS) - Generic,2014-07-08
Factlink,Password reset link doesn't expire.,hackerone.com/reports/14461,2,0.0,Violation of Secure Design Principles,2014-06-05
Mavenlink,Clickjacking & CSRF attack can be done at https://app.mavenlink.com/login,hackerone.com/reports/14494,3,0.0,Cross-Site Request Forgery (CSRF),2014-09-19
Mavenlink,The web application https://mavenlink.com discloses version details of the underlying Platform / Server,hackerone.com/reports/14529,3,0.0,Information Disclosure,2014-07-08
Mavenlink,Login password guessing attack,hackerone.com/reports/14570,6,0.0,Violation of Secure Design Principles,2014-07-22
Mavenlink,Clickjacking at https://www.mavenlink.com/ main website ,hackerone.com/reports/14631,4,0.0,UI Redressing (Clickjacking),2014-09-19
Factlink,Anonymous Proxy and IP leak ,hackerone.com/reports/14747,2,0.0,,2014-06-04
Automattic,Serving Transitions From: HTTP Protocol (not secure),hackerone.com/reports/14803,2,0.0,Information Disclosure,2014-06-04
X / xAI,[mobile.twitter.com / twitter.com] CSRF protection bypass,hackerone.com/reports/14883,6,0.0,Cross-Site Request Forgery (CSRF),2015-05-04
X / xAI,Captcha bypass with extension at http://www.mopub.com/about/contact/,hackerone.com/reports/15047,1,0.0,Cryptographic Issues - Generic,2014-09-22
X / xAI,XSS vulnerability in video player page,hackerone.com/reports/15125,2,0.0,Cross-site Scripting (XSS) - Generic,2014-08-02
Mavenlink,Password reset token not expiring,hackerone.com/reports/15166,6,0.0,Improper Authentication - Generic,2014-07-10
X / xAI,Cookie not marked as secure.,hackerone.com/reports/15232,2,0.0,,2014-08-04
X / xAI,XSS ON MOPUB.COM,hackerone.com/reports/15356,4,0.0,Cross-site Scripting (XSS) - Generic,2014-08-15
Internet Bug Bounty,Flash Sandbox Bypass,hackerone.com/reports/15362,5,0.0,Information Disclosure,2014-06-19
Coinbase,Leaking CSRF token over HTTP resulting in CSRF protection bypass,hackerone.com/reports/15412,6,1000.0,Cross-Site Request Forgery (CSRF),2014-10-16
FanFootage,NO CSRF token found on user details update,hackerone.com/reports/15454,1,0.0,Cross-Site Request Forgery (CSRF),2014-07-07
FanFootage,Session Token is not Verified while changing Account Setting's which Result In account Takeover,hackerone.com/reports/15476,3,0.0,Cross-Site Request Forgery (CSRF),2014-06-14
Factlink,Criptographic Issue: Strisct Transport Security with not good max age..(TOO SHORT!),hackerone.com/reports/15518,1,0.0,Cryptographic Issues - Generic,2014-07-13
FanFootage,Reporting Bugs,hackerone.com/reports/15574,2,0.0,,2016-06-16
FanFootage,Same user name and uuid for multiple user names,hackerone.com/reports/15578,1,0.0,Violation of Secure Design Principles,2014-07-13
FanFootage,Cookie fixation,hackerone.com/reports/15619,3,0.0,Uncontrolled Resource Consumption,2014-08-07
Localize,Bug on registration as new Translator user,hackerone.com/reports/15679,4,0.0,,2014-08-06
Automattic,Process of changing email address and password does not asks old Password.,hackerone.com/reports/15777,3,0.0,Improper Authentication - Generic,2014-07-11
HackerOne,Session not invalidated after password reset,hackerone.com/reports/15785,15,0.0,Violation of Secure Design Principles,2014-06-10
Mavenlink,Non Validation of session after password reset,hackerone.com/reports/15852,5,0.0,Violation of Secure Design Principles,2014-07-22
Localize,PHP PDOException and Full Path Disclosure,hackerone.com/reports/15899,3,0.0,Information Disclosure,2014-07-07
Phabricator,Abusing VCS control on phabricator,hackerone.com/reports/16315,1,600.0,Privilege Escalation,2014-06-13
Internet Bug Bounty,Multiple issues in looking-glass software (aka from web to BGP injections),hackerone.com/reports/16330,2,0.0,Cross-site Scripting (XSS) - Generic,2014-09-17
Phabricator,Abusing daemon logs for Privilege escalation under certain scenarios,hackerone.com/reports/16392,2,300.0,Privilege Escalation,2014-06-18
Automattic,User Enumeration and Guessable User Account Attack on WORDPRESS,hackerone.com/reports/16439,2,0.0,,2014-09-13
RelateIQ,Failed Certificate Validation On Custom Server (Register),hackerone.com/reports/16568,3,0.0,Cryptographic Issues - Generic,2014-08-25
RelateIQ,SSRF (Portscan) via Register Function (Custom Server),hackerone.com/reports/16571,3,0.0,Violation of Secure Design Principles,2014-07-26
Coinbase,2FA settings allowed to be changed with no delay/freeze on funds,hackerone.com/reports/16696,5,0.0,Violation of Secure Design Principles,2014-08-25
Slack,Open Redirect login account,hackerone.com/reports/16718,7,100.0,Open Redirect,2014-08-25
Internet Bug Bounty,Cross-site information assertion leak via Content Security Policy,hackerone.com/reports/16910,13,0.0,Information Disclosure,2018-09-05
HackerOne,Cache leads to Privacy leaks,hackerone.com/reports/17105,4,0.0,Improper Authentication - Generic,2014-07-17
Slack,Password Policy issue (Weak Protect),hackerone.com/reports/17160,5,0.0,Violation of Secure Design Principles,2014-09-04
Uzbey,"SQL injection, tile ID",hackerone.com/reports/17225,2,0.0,Command Injection - Generic,2014-08-07
Uzbey,"SQL injection, time zoom script, tile ID",hackerone.com/reports/17227,2,0.0,SQL Injection,2014-07-18
Uzbey,Album image XSS,hackerone.com/reports/17235,2,0.0,Cross-site Scripting (XSS) - Generic,2014-07-18
Uzbey,Missing HSTS (Strict Transport Security),hackerone.com/reports/17239,2,0.0,Violation of Secure Design Principles,2014-08-29
Uzbey,Cross-site scripting  vulnerability detected,hackerone.com/reports/17241,1,0.0,Uncontrolled Resource Consumption,2014-07-08
Uzbey,All Active user sessions should be destroyed when user change his password!,hackerone.com/reports/17252,3,0.0,Improper Authentication - Generic,2014-07-30
Uzbey,Language version disclosure in response header ,hackerone.com/reports/17256,2,0.0,Violation of Secure Design Principles,2014-07-23
Uzbey,email field doesn't filtered against XSS,hackerone.com/reports/17287,2,0.0,Cross-site Scripting (XSS) - Generic,2014-07-08
Uzbey,CMS Information Disclosure,hackerone.com/reports/17297,3,0.0,Information Disclosure,2014-08-07
Uzbey,Cross site scripting in type parameter,hackerone.com/reports/17299,2,0.0,Cross-site Scripting (XSS) - Generic,2014-08-07
Uzbey,Breach Attack Vulnerability,hackerone.com/reports/17311,1,0.0,Information Disclosure,2014-07-23
Uzbey,HTML Form Without CSRF Protection Vulnerability,hackerone.com/reports/17312,3,0.0,Cross-Site Request Forgery (CSRF),2014-07-23
Uzbey,Clickjacking at https://staging.uzbey.com/,hackerone.com/reports/17315,1,0.0,UI Redressing (Clickjacking),2014-08-07
Uzbey,Email Flooding Vuln,hackerone.com/reports/17321,3,0.0,Violation of Secure Design Principles,2014-08-07
HackerOne,Category- Broken Authentication and Session Management (leads to account compromise if some conditions are met),hackerone.com/reports/17383,15,0.0,Improper Authentication - Generic,2014-07-26
Uzbey,Flash Content-Type Sniffing Vulnerability ,hackerone.com/reports/17390,1,0.0,,2014-07-23
Phabricator,Broken Authentication and Session Management,hackerone.com/reports/17474,26,0.0,Improper Authentication - Generic,2014-08-05
Uzbey,Price Manipulation,hackerone.com/reports/17502,2,0.0,Violation of Secure Design Principles,2014-08-29
HackerOne,Account takeover,hackerone.com/reports/17512,16,0.0,Improper Authentication - Generic,2014-07-17
Uzbey,Information Disclosure (phpinfo()),hackerone.com/reports/17514,6,0.0,Information Disclosure,2014-06-28
IRCCloud,Reflected XSS in Pastebin-view,hackerone.com/reports/17540,3,0.0,Cross-site Scripting (XSS) - Generic,2014-06-28
Uzbey,Mass invitation send,hackerone.com/reports/17638,2,0.0,,2014-09-29
Factlink,Click-Jacking due to missing X-frame header,hackerone.com/reports/17664,4,0.0,Violation of Secure Design Principles,2014-08-13
Internet Bug Bounty,LZ4 Core,hackerone.com/reports/17688,1,0.0,Memory Corruption - Generic,2014-07-25
Faceless,Tap Jacking Attack on Button Tags,hackerone.com/reports/17766,2,0.0,,2014-07-07
HackerOne,Denial of Service,hackerone.com/reports/17785,4,100.0,Uncontrolled Resource Consumption,2015-04-28
jsDelivr,Directory Traversal at http://staging.jsdelivr.net/,hackerone.com/reports/18371,4,0.0,Command Injection - Generic,2014-08-20
jsDelivr,XSS,hackerone.com/reports/18372,2,0.0,Cross-site Scripting (XSS) - Generic,2014-07-29
jsDelivr,Using nmap revealing sensitive information ,hackerone.com/reports/18382,6,0.0,Information Disclosure,2014-08-28
jsDelivr,HSTS Policy not enabled on cdn.jsdelivr.net,hackerone.com/reports/18398,3,0.0,Violation of Secure Design Principles,2014-07-29
Automattic,Top 10 2013-A2-Broken Authentication and Session Management - wordpress.com,hackerone.com/reports/18503,4,0.0,Improper Authentication - Generic,2014-08-16
Phabricator,XSS in editor by any user,hackerone.com/reports/18691,3,1000.0,Cross-site Scripting (XSS) - Generic,2014-08-13
RelateIQ,Resubmitted with POC #18685 Password reset CSRF,hackerone.com/reports/18698,5,0.0,Cross-Site Request Forgery (CSRF),2014-09-16
Factlink,XSS 01 on staging.fct.li,hackerone.com/reports/18805,3,0.0,Cross-site Scripting (XSS) - Generic,2014-07-07
Internet Bug Bounty,use-after-free vulnerability in Flash Player,hackerone.com/reports/18843,1,0.0,Memory Corruption - Generic,2019-11-12
HackerOne,Email changing,hackerone.com/reports/18846,8,0.0,,2014-08-28
Secret,ClientId gives away platform (iOS/Android) from which a secret was posted.,hackerone.com/reports/19210,1,0.0,Information Disclosure,2014-08-01
Localize,PHP PDOException and Full Path Disclosure,hackerone.com/reports/19363,2,0.0,Information Disclosure,2015-01-18
Uzbey,IFXSS (image filename XSS) by creating a new Photo Gallery,hackerone.com/reports/19451,2,0.0,Cross-site Scripting (XSS) - Generic,2014-07-23
Uzbey,"Missing ""size check"" on files to upload could make memory leaks.",hackerone.com/reports/19532,5,0.0,Memory Corruption - Generic,2014-08-22
HackerOne,Session Hijacking attack (Different Scenario),hackerone.com/reports/19640,10,0.0,Improper Authentication - Generic,2014-07-17
RelateIQ,Cross-site Scripting in mailing (username),hackerone.com/reports/20049,2,0.0,Cross-site Scripting (XSS) - Generic,2014-12-27
X / xAI,password sent over HTTP,hackerone.com/reports/20081,1,0.0,Cryptographic Issues - Generic,2014-08-05
HackerOne,No option to logout concurrent sessions,hackerone.com/reports/20122,5,0.0,,2014-07-17
ExpressionEngine,Cross Site Scripting (Stored) ,hackerone.com/reports/20221,2,0.0,Cross-site Scripting (XSS) - Generic,2014-09-30
DigitalSellz,Verbose SQL error messages,hackerone.com/reports/20279,2,0.0,Information Disclosure,2014-08-17
DigitalSellz,"USER Account is not being deleted after user ""Delete Account"" from DASHBOARD",hackerone.com/reports/20305,3,0.0,Violation of Secure Design Principles,2014-08-17
Internet Bug Bounty,integer overflow in 'buffer' type allows reading memory,hackerone.com/reports/20671,1,0.0,,2014-06-24
Internet Bug Bounty,moderate: mod_deflate denial of service,hackerone.com/reports/20861,3,500.0,,2014-07-14
Internet Bug Bounty,rsync hash collisions may allow an attacker to corrupt or modify files,hackerone.com/reports/20873,1,0.0,Cryptographic Issues - Generic,2014-11-17
Coinbase,Invoice Details activate JS that filled in ,hackerone.com/reports/21034,3,0.0,Cross-site Scripting (XSS) - Generic,2015-03-30
Phabricator,Back - Refresh - Attack To  Obtain User Credentials,hackerone.com/reports/21064,3,0.0,Information Disclosure,2014-07-23
Mavenlink,Login CSRF,hackerone.com/reports/21069,4,0.0,Cross-Site Request Forgery (CSRF),2014-07-31
HackerOne,Account Hijacking (Only rare case scenario),hackerone.com/reports/21083,4,0.0,Improper Authentication - Generic,2014-08-23
Mavenlink,Clickjacking,hackerone.com/reports/21110,2,0.0,UI Redressing (Clickjacking),2014-08-21
Mavenlink,Flash XSS  on swfupload.swf showing at app.mavenlink.com,hackerone.com/reports/21150,4,0.0,Cross-site Scripting (XSS) - Generic,2014-07-24
Mavenlink,Cookies are not cleared from Server side on Logout,hackerone.com/reports/21172,4,0.0,,2017-05-09
Mavenlink,privilege escalation,hackerone.com/reports/21210,3,0.0,Privilege Escalation,2014-08-05
Slack,Content spoofing at Stripe Integrations,hackerone.com/reports/21248,2,100.0,Violation of Secure Design Principles,2014-08-25
IRCCloud,Bruteforce protection not enabled on the login page https://www.irccloud.com/,hackerone.com/reports/21603,5,0.0,Cryptographic Issues - Generic,2014-10-08
X / xAI,Password reset link not validated.,hackerone.com/reports/22012,4,0.0,Uncontrolled Resource Consumption,2014-08-31
Slack,Content Spoofing all Integrations in https://team.slack.com/services/new/,hackerone.com/reports/22093,4,200.0,Violation of Secure Design Principles,2014-09-03
Automattic,Open Redirect in WordPress Feed Statistics {Affected All Versions},hackerone.com/reports/22142,1,0.0,Open Redirect,2014-08-07
X / xAI,Broken authentication and invalidated email address leads to account takeover,hackerone.com/reports/22203,9,0.0,Cryptographic Issues - Generic,2014-11-28
Phabricator,Password Reset Links Not Expiring,hackerone.com/reports/22858,4,0.0,Improper Authentication - Generic,2014-09-06
Uzbey,XSS in 3rd party plugin (not affecting Uzbey's users),hackerone.com/reports/23010,3,0.0,Cross-site Scripting (XSS) - Generic,2014-11-02
Uzbey,SQL Injection,hackerone.com/reports/23014,4,0.0,SQL Injection,2014-11-02
Phabricator,Forgot Password Issue,hackerone.com/reports/23363,8,0.0,Improper Authentication - Generic,2014-09-10
HackerOne,Redirect while opening links in new tabs,hackerone.com/reports/23386,8,500.0,Open Redirect,2014-09-12
Secret,Broken Authentication and Session Management,hackerone.com/reports/23579,11,0.0,Improper Authentication - Generic,2014-11-17
X / xAI,User's DM won't deleted after logout from Twitter for iOS (com.atebits.xxx.application-state),hackerone.com/reports/23913,3,0.0,,2015-02-25
Concrete CMS,broken authentication,hackerone.com/reports/23921,6,0.0,Improper Authentication - Generic,2014-09-21
Greenhouse.io,openssh-server Forced Command Handling Information Disclosure Vulnerability on blog.greenhouse.io,hackerone.com/reports/24984,0,0.0,Information Disclosure,2014-10-10
X / xAI,HTML form without CSRF protection at http://try.crashlytics.com/enterprise/,hackerone.com/reports/25128,0,0.0,Cross-Site Request Forgery (CSRF),2014-10-02
Phabricator,Open redirection on secure.phabricator.com,hackerone.com/reports/25160,2,0.0,Open Redirect,2014-09-17
Greenhouse.io,SMTP protection not used (please read carefully ),hackerone.com/reports/25191,2,0.0,Improper Authentication - Generic,2014-12-07
Greenhouse.io,[greenhouse.io] CRLF Injection / Insecure nginx configuration,hackerone.com/reports/25275,8,0.0,,2016-11-02
HackerOne,Change Any username and profile link in hackerone,hackerone.com/reports/25281,9,100.0,Privilege Escalation,2014-09-25
Internet Bug Bounty,external entity expansion in Apache POI ,hackerone.com/reports/25537,3,0.0,Information Disclosure,2019-10-14
Mavenlink,DNS load balancing not enabled,hackerone.com/reports/26181,2,0.0,Violation of Secure Design Principles,2015-03-25
HackerOne,Notification of previous signed out user leakage.,hackerone.com/reports/26395,2,0.0,Information Disclosure,2014-09-01
ExpressionEngine,Stored Cross-Site Scripting Vulnerability in /admin.php?/cp/admin_system/general_configuration,hackerone.com/reports/26482,1,0.0,Cross-site Scripting (XSS) - Generic,2014-11-17
Django,CSRF protection bypass on any Django powered site via Google Analytics,hackerone.com/reports/26647,70,0.0,,2016-09-26
Phabricator,Password Policy issue,hackerone.com/reports/26758,3,0.0,Violation of Secure Design Principles,2014-10-02
Slack,HTTP Strict Transport Policy not enabled on newly made accounts,hackerone.com/reports/26763,2,0.0,Violation of Secure Design Principles,2014-10-03
X / xAI,Full path disclosure at ads.twitter.com,hackerone.com/reports/26825,2,140.0,Information Disclosure,2014-11-17
Internet Bug Bounty,open redirect in rfc6749,hackerone.com/reports/26962,6,3000.0,Open Redirect,2015-04-06
X / xAI,Missing Rate Limiting on https://twitter.com/account/complete,hackerone.com/reports/27166,1,0.0,Information Disclosure,2014-11-10
X / xAI,Delete Credit Cards from any Twitter Account in ads.twitter.com [New Vulnerability],hackerone.com/reports/27404,6,0.0,Improper Authentication - Generic,2014-09-30
X / xAI,ads.twitter.com xss,hackerone.com/reports/27511,4,0.0,Cross-site Scripting (XSS) - Generic,2014-11-17
Phabricator,Content spoofing,hackerone.com/reports/27564,3,0.0,Cross-site Scripting (XSS) - Generic,2014-09-11
GlassWire,Clickjacking: X-Frame-Options header missing,hackerone.com/reports/27594,1,0.0,UI Redressing (Clickjacking),2014-10-12
Internet Bug Bounty,Flash Local Sandbox Bypass,hackerone.com/reports/27651,5,0.0,Information Disclosure,2014-10-07
X / xAI,Stored xss,hackerone.com/reports/27846,4,0.0,Cross-site Scripting (XSS) - Generic,2014-09-27
HackerOne,Window Opener Property Bug,hackerone.com/reports/27987,4,0.0,,2014-10-28
X / xAI,Cross site scripting on ads.twitter.com,hackerone.com/reports/28150,7,0.0,Cross-site Scripting (XSS) - Generic,2014-10-16
Internet Bug Bounty,SPL ArrayObject/SPLObjectStorage Unserialization Type Confusion Vulnerabilities,hackerone.com/reports/28445,1,0.0,,2014-07-04
Ruby on Rails,Active Record SQL Injection Vulnerability Affecting PostgreSQL,hackerone.com/reports/28449,2,0.0,,2014-07-02
Ruby on Rails,Active Record SQL Injection Vulnerability Affecting PostgreSQL,hackerone.com/reports/28450,2,0.0,,2014-07-02
X / xAI,iOS App can establish Facetime calls without user's permission,hackerone.com/reports/28500,4,0.0,Cross-Site Request Forgery (CSRF),2015-04-27
Mavenlink,Email field filtering problem.,hackerone.com/reports/28632,4,0.0,Improper Authentication - Generic,2014-11-17
Internet Bug Bounty,Ericsson Erlang OTP Core Allocation Subsystem Integer Overflow (All Versions),hackerone.com/reports/28640,2,0.0,Memory Corruption - Generic,2019-11-12
IRCCloud,Weak password policy,hackerone.com/reports/28703,4,0.0,Improper Authentication - Generic,2014-11-27
Phabricator,Content Spoofing through URL,hackerone.com/reports/28792,5,0.0,Violation of Secure Design Principles,2014-09-20
HackerOne,Redirect FILTER bypass in report/comment,hackerone.com/reports/28865,6,500.0,Open Redirect,2014-10-19
HackerOne,"""early preview"" programs disclosure",hackerone.com/reports/29185,9,0.0,Information Disclosure,2015-01-21
X / xAI,Twitter Flight SSL 2.0 deprecated protocol vulnerability.,hackerone.com/reports/29206,1,0.0,Cryptographic Issues - Generic,2014-10-07
Coinbase,Credit Card Validation Issue,hackerone.com/reports/29234,2,0.0,,2015-03-12
X / xAI,XSS platform.twitter.com,hackerone.com/reports/29328,3,0.0,Cross-site Scripting (XSS) - Generic,2014-11-17
HackerOne,No email verification on username change,hackerone.com/reports/29331,11,500.0,Information Disclosure,2014-11-17
X / xAI,XSS platform.twitter.com | video-js metadata,hackerone.com/reports/29360,1,0.0,Cross-site Scripting (XSS) - Generic,2014-11-17
IRCCloud,Unvalidated Channel names causes IRC Command Injection,hackerone.com/reports/29480,1,300.0,Cross-Site Request Forgery (CSRF),2014-10-01
HackerOne,homograph attack. IDNs displayed in unicode in bug reports and on external link warning page,hackerone.com/reports/29491,12,500.0,Violation of Secure Design Principles,2014-10-09
X / xAI,Profile Pic padding (Length-hiding) fails due to use of GZIP,hackerone.com/reports/29835,7,280.0,Information Disclosure,2016-03-18
Internet Bug Bounty,GNU Bourne-Again Shell (Bash) 'Shellshock' Vulnerability,hackerone.com/reports/29839,19,0.0,,2014-10-01
Concrete CMS,Stored XSS in concrete5 5.7.0.4.,hackerone.com/reports/30019,3,0.0,Cross-site Scripting (XSS) - Generic,2015-03-11
Coinbase,New Device confirmation tokens are not properly validated.,hackerone.com/reports/30238,5,100.0,Improper Authentication - Generic,2015-05-25
Internet Bug Bounty,Adobe Flash Player MP4 Use-After-Free Vulnerability,hackerone.com/reports/30567,3,2000.0,Memory Corruption - Generic,2015-03-11
Bookfresh,Missing Function Level Access Control in /cindex.php/widget/customize/,hackerone.com/reports/30575,3,0.0,Violation of Secure Design Principles,2016-03-23
Localize,PHP reveals potentially sensitive information via certain HTTP requests that contain specific QUERY strings.,hackerone.com/reports/30787,2,0.0,,2015-02-17
RelateIQ,Relateiq SSLv3 deprecated protocol vulnerability.,hackerone.com/reports/30852,3,0.0,Cryptographic Issues - Generic,2014-12-24
X / xAI,Improper Verification of email address while saving Account Settings,hackerone.com/reports/30975,6,560.0,Violation of Secure Design Principles,2015-08-13
Khan Academy,Sql injection And XSS,hackerone.com/reports/31023,4,0.0,Cross-site Scripting (XSS) - Generic,2015-12-08
X / xAI,Unauthorized Tweeting on behalf of Account Owners,hackerone.com/reports/31082,2,420.0,Violation of Secure Design Principles,2015-05-07
joola.io,Weak Random Number Generator for Auth Tokens,hackerone.com/reports/31166,3,0.0,Cryptographic Issues - Generic,2014-10-25
joola.io,Timing Attack Side-Channel on API Token Verification,hackerone.com/reports/31167,4,0.0,Cryptographic Issues - Generic,2014-10-25
WP API,Cryptographic Side Channel in OAuth Library,hackerone.com/reports/31168,4,0.0,Cryptographic Issues - Generic,2014-10-29
Concrete CMS,Weak random number generator used in concrete/authentication/concrete/controller.php,hackerone.com/reports/31171,2,0.0,Cryptographic Issues - Generic,2014-10-26
Bookfresh,Reflected XSS on www.bookfresh.com/index.html?view=upload_form,hackerone.com/reports/31187,5,0.0,Cross-site Scripting (XSS) - Generic,2017-08-31
X / xAI,Creating Unauthorized Audience Lists,hackerone.com/reports/31188,2,0.0,Violation of Secure Design Principles,2014-11-28
Localize,files likes of README.md is public,hackerone.com/reports/31255,2,0.0,Information Disclosure,2015-02-17
HackerOne,Ability to see common response titles of other teams (limited),hackerone.com/reports/31383,8,0.0,Information Disclosure,2014-10-15
Internet Bug Bounty,Adobe Flash Player Out-of-Bound Read/Write Vulnerability,hackerone.com/reports/31408,2,5000.0,Memory Corruption - Generic,2015-03-11
RelateIQ,PoodleBleed,hackerone.com/reports/31415,4,0.0,Cryptographic Issues - Generic,2015-08-13
X / xAI,Singup Page HTML Injection Vulnerability,hackerone.com/reports/31554,5,0.0,Command Injection - Generic,2015-03-22
Internet Bug Bounty,Drupal 7 pre auth sql injection and remote code execution,hackerone.com/reports/31756,21,0.0,SQL Injection,2015-04-06
HackerOne,Content Spoofing via reports,hackerone.com/reports/32137,4,0.0,Violation of Secure Design Principles,2016-05-25
X / xAI,XSS in fabric.io,hackerone.com/reports/32519,3,0.0,Cross-site Scripting (XSS) - Generic,2014-12-23
X / xAI,URGENT - Subdomain Takeover on media.vine.co due to unclaimed domain pointing to AWS,hackerone.com/reports/32825,50,0.0,Cross-site Scripting (XSS) - Generic,2014-11-03
WP API,MD5 used for Key-Auth signatures,hackerone.com/reports/32944,4,0.0,Cryptographic Issues - Generic,2014-10-29
HackerOne,Enumeration/Guess of Private (Invited) Programs,hackerone.com/reports/32990,6,0.0,Violation of Secure Design Principles,2015-05-09
Slack,a stored xss in  slack integration  https://onerror.slack.com/services/import,hackerone.com/reports/33018,6,500.0,Cross-site Scripting (XSS) - Generic,2016-05-22
X / xAI,DOM Cross-Site Scripting ( XSS ),hackerone.com/reports/33091,3,1400.0,Cross-site Scripting (XSS) - Generic,2014-12-03
Uzbey,Test,hackerone.com/reports/33153,2,0.0,Information Disclosure,2014-10-31
Uzbey,Test,hackerone.com/reports/33154,1,0.0,,2014-10-31
X / xAI,Flaw in valid password policy.,hackerone.com/reports/33331,3,0.0,Improper Authentication - Generic,2014-11-30
Uzbey,test,hackerone.com/reports/33358,5,0.0,,2014-10-31
X / xAI,BROKEN AUTHENTICATION IN MOBILE VERIFICATION  ,hackerone.com/reports/33432,2,0.0,Violation of Secure Design Principles,2014-12-14
HackerOne,File Name Enumeration ,hackerone.com/reports/33935,17,0.0,Information Disclosure,2014-11-17
X / xAI,Option Method Enabled on web server,hackerone.com/reports/33986,2,0.0,,2014-12-25
X / xAI,Options Method Enabled,hackerone.com/reports/33987,1,0.0,,2014-12-26
X / xAI,Bad extended ascii handling in HTTP 301 redirects of t.co,hackerone.com/reports/34084,1,0.0,Open Redirect,2015-08-09
Block.io,"SMPT Protection not used, I can hijack your email server.",hackerone.com/reports/34112,4,0.0,Cryptographic Issues - Generic,2015-08-13
Block.io,Various Low level Vulnerabilities,hackerone.com/reports/34188,2,0.0,Cross-site Scripting (XSS) - Generic,2015-05-03
X / xAI,XSS via Fabrico Account Name,hackerone.com/reports/34725,5,0.0,Cross-site Scripting (XSS) - Generic,2016-07-11
Block.io,Bypassed or command injection,hackerone.com/reports/34917,2,0.0,Command Injection - Generic,2015-01-01
Ian Dunn,XSS in Tagregator plugin,hackerone.com/reports/35036,4,0.0,Cross-site Scripting (XSS) - Generic,2016-08-18
Internet Bug Bounty,Locale::parseLocale Double Free,hackerone.com/reports/35102,1,2500.0,,2014-06-27
HackerOne,Gain reputation by creating a duplicate of an existing report,hackerone.com/reports/35237,14,0.0,Violation of Secure Design Principles,2015-08-14
X / xAI,getting emails of users/removing them from victims account [using typical attack],hackerone.com/reports/35287,4,0.0,Improper Authentication - Generic,2015-03-13
Factlink,File name/folder enumeration.,hackerone.com/reports/35823,7,0.0,Information Disclosure,2014-11-18
X / xAI,Headers Missing,hackerone.com/reports/36053,3,0.0,Violation of Secure Design Principles,2014-11-15
Phabricator,Content injection ,hackerone.com/reports/36112,2,0.0,Violation of Secure Design Principles,2014-12-15
HackerOne,Logic Issue with Reputation: Boost Reputation Points,hackerone.com/reports/36211,8,0.0,Violation of Secure Design Principles,2015-04-28
Internet Bug Bounty,mod_proxy_fcgi buffer overflow,hackerone.com/reports/36264,2,0.0,,2014-11-12
Internet Bug Bounty,Adobe Flash Player MP4 Use-After-Free Vulnerability,hackerone.com/reports/36279,2,2000.0,Memory Corruption - Generic,2015-03-11
Openfolio,Options Method Enabled,hackerone.com/reports/36409,1,0.0,Violation of Secure Design Principles,2014-12-21
ThisData,Missing SPF header on revert.io,hackerone.com/reports/36459,1,0.0,Violation of Secure Design Principles,2015-01-18
Coinbase,"New Device Confirmation, token is valid until not used. ",hackerone.com/reports/36594,3,0.0,Cryptographic Issues - Generic,2015-05-24
X / xAI,Notifications can mark as read by CSRF,hackerone.com/reports/36980,4,0.0,Cross-Site Request Forgery (CSRF),2015-01-03
X / xAI,[Stored XSS] vine.co - profile page,hackerone.com/reports/36986,2,0.0,Cross-site Scripting (XSS) - Generic,2015-03-26
X / xAI, Homograph attack. ,hackerone.com/reports/37108,2,0.0,Violation of Secure Design Principles,2015-01-01
Internet Bug Bounty,Race condition in Flash workers may cause an exploitabl​e double free,hackerone.com/reports/37240,14,0.0,Memory Corruption - Generic,2019-11-12
X / xAI,"Abuse of ""Remember Me"" functionality.",hackerone.com/reports/37822,3,0.0,Improper Authentication - Generic,2014-12-29
Greenhouse.io,Subdomain Takeover using blog.greenhouse.io pointing to Hubspot,hackerone.com/reports/38007,33,0.0,Cross-site Scripting (XSS) - Generic,2015-02-26
Internet Bug Bounty,Misc Python bugs (Memory Corruption & Use After Free),hackerone.com/reports/38170,2,0.0,,2014-10-04
Openfolio,xss in /browse/contacts/,hackerone.com/reports/38189,2,100.0,Cross-site Scripting (XSS) - Generic,2015-01-14
HackerOne,Breaking Bugs as team member,hackerone.com/reports/38232,4,0.0,Uncontrolled Resource Consumption,2014-12-09
HackerOne,Issue with password change,hackerone.com/reports/38343,5,500.0,Violation of Secure Design Principles,2015-05-28
Concrete CMS,SQL injection in conc/index.php/ccm/system/search/users/submit,hackerone.com/reports/38778,3,0.0,SQL Injection,2016-04-26
Concrete CMS,stored XSS in concrete5 5.7.2.1,hackerone.com/reports/38890,3,0.0,Cross-site Scripting (XSS) - Generic,2016-04-26
Phabricator,Phabricator Diffusion application allows unauthorized users to delete mirrors,hackerone.com/reports/38965,3,300.0,Improper Authentication - Generic,2015-01-09
HackerOne,"URL Crashing browser. {Tested on firefox, Chrome and Safari}",hackerone.com/reports/39139,5,0.0,Uncontrolled Resource Consumption,2016-05-25
Vimeo,[vimeopro.com] CRLF Injection,hackerone.com/reports/39181,10,0.0,,2016-10-24
C2FO,[admin.c2fo.com] Open Redirect,hackerone.com/reports/39198,10,0.0,Open Redirect,2016-10-29
Informatica,Missing SPF for informatica.com,hackerone.com/reports/39250,1,0.0,Violation of Secure Design Principles,2015-01-12
Phabricator,Phabricator Phame Blog Skins Local File Inclusion,hackerone.com/reports/39428,2,500.0,Code Injection,2015-01-14
X / xAI,Open redirection in fabric.io,hackerone.com/reports/39631,3,280.0,Open Redirect,2014-12-18
HackerOne,Reflected File Download,hackerone.com/reports/39658,10,0.0,Violation of Secure Design Principles,2016-04-25
X / xAI,"POODLE Bug: 199.16.156.44, 199.16.156.108, mx4.twitter.com",hackerone.com/reports/41240,1,140.0,Cryptographic Issues - Generic,2015-09-20
Enter,Error stack trace,hackerone.com/reports/41469,7,0.0,Information Disclosure,2015-04-03
Enter,Stored XSS in api key of operator wallet,hackerone.com/reports/41758,4,0.0,Cross-site Scripting (XSS) - Generic,2015-04-03
X / xAI,HTML/XSS rendered in Android App of Crashlytics through fabric.io,hackerone.com/reports/41856,5,0.0,Cross-site Scripting (XSS) - Generic,2015-02-18
Nearby Live,Gain access to any user's email address,hackerone.com/reports/42154,5,0.0,Information Disclosure,2015-03-14
Enter,stored xss in transaction,hackerone.com/reports/42161,3,0.0,Cross-site Scripting (XSS) - Generic,2015-04-03
X / xAI,"URGENT - Subdomain Takeover on users.tweetdeck.com , the same issue  of report #32825",hackerone.com/reports/42236,4,420.0,Code Injection,2015-01-01
Internet Bug Bounty,chrome allows POST requests with custom headers using flash + 307 redirect,hackerone.com/reports/42240,4,0.0,,2015-02-09
Concrete CMS,Stored XSS in adding fileset,hackerone.com/reports/42248,2,0.0,Cross-site Scripting (XSS) - Generic,2016-04-26
X / xAI,No rate limiting on creating lists,hackerone.com/reports/42250,1,0.0,Violation of Secure Design Principles,2015-01-06
Uber,XSS on partners.uber.com,hackerone.com/reports/42393,5,500.0,Cross-site Scripting (XSS) - Generic,2016-03-24
X / xAI,Account Deleted without any confirmation,hackerone.com/reports/42403,4,0.0,Improper Authentication - Generic,2015-02-05
Informatica,[careers.informatica.com] Cross Site Script Vulnerability on informatica,hackerone.com/reports/42537,10,0.0,Cross-site Scripting (XSS) - Generic,2017-05-10
Vimeo,Vimeo.com - Reflected XSS Vulnerability,hackerone.com/reports/42582,1,0.0,Cross-site Scripting (XSS) - Generic,2015-04-08
Vimeo,Vimeo.com - reflected xss vulnerability,hackerone.com/reports/42584,1,0.0,Cross-site Scripting (XSS) - Generic,2015-03-09
Vimeo,Vimeo.com Insecure Direct Object References Reset Password,hackerone.com/reports/42587,32,0.0,Improper Authentication - Generic,2015-02-26
Vimeo,APIs for channels allow HTML entities that may cause XSS issue,hackerone.com/reports/42702,2,0.0,Cross-site Scripting (XSS) - Generic,2015-01-08
Ruby on Rails,Data-Tags and the New HTML Sanitizer Subverts CSRF protection,hackerone.com/reports/42728,6,0.0,Cross-site Scripting (XSS) - Generic,2016-03-13
Nearby Live,Web Server information disclosure.,hackerone.com/reports/42780,2,0.0,Information Disclosure,2015-12-20
Ruby on Rails,Denial of Service in Action Pack Exception Handling,hackerone.com/reports/42797,8,0.0,Uncontrolled Resource Consumption,2015-06-16
X / xAI,fabric.io - app member can make himself an admin,hackerone.com/reports/42961,4,1400.0,Privilege Escalation,2015-03-09
X / xAI,Fabric.io - an app admin can delete team members from other user apps,hackerone.com/reports/43065,3,1120.0,Privilege Escalation,2015-03-09
Vimeo,Misconfigured crossdomain.xml - vimeo.com,hackerone.com/reports/43070,5,0.0,Cryptographic Issues - Generic,2015-02-09
HackerOne,HTTPS is not enforced for objects stored by HackerOne on Amazon S3,hackerone.com/reports/43280,5,0.0,Violation of Secure Design Principles,2015-03-08
Ruby on Rails,Arbitrary file existence disclosure in Action Pack,hackerone.com/reports/43440,5,0.0,,2014-11-20
Internet Bug Bounty,PyUnicode_FromFormatV crasher,hackerone.com/reports/43443,1,0.0,,2014-12-15
Vimeo,Buying ondemand videos that  0.1  and sometimes for free ,hackerone.com/reports/43602,4,0.0,Privilege Escalation,2015-02-13
Vimeo,Adding profile picture to anyone on Vimeo,hackerone.com/reports/43617,8,0.0,Violation of Secure Design Principles,2015-02-26
Vimeo,player.vimeo.com - Reflected XSS Vulnerability,hackerone.com/reports/43672,2,0.0,Cross-site Scripting (XSS) - Generic,2015-03-09
Vimeo,profile photo update bypass ,hackerone.com/reports/43758,2,0.0,Privilege Escalation,2015-02-17
Vimeo,Ability to Download Music Tracks Without Paying (Missing permission check on`/musicstore/download`),hackerone.com/reports/43770,5,0.0,Improper Authentication - Generic,2015-03-01
Vimeo,"Securing ""Reset password"" pages from bots",hackerone.com/reports/43807,11,0.0,Violation of Secure Design Principles,2017-01-31
Vimeo,No Limitation on Following allows user to follow people automatically!,hackerone.com/reports/43846,2,0.0,Cross-Site Request Forgery (CSRF),2016-05-02
Vimeo,abusing Thumbnails(https://vimeo.com/upload/select_thumb) to see a private video,hackerone.com/reports/43850,2,0.0,Privilege Escalation,2015-04-03
X / xAI,twitter android app Fragment Injection,hackerone.com/reports/43988,2,0.0,Command Injection - Generic,2015-04-11
Vimeo,CRITICAL full source code/config disclosure for Cameo,hackerone.com/reports/43998,5,0.0,Information Disclosure,2015-05-11
Vimeo,USER PRIVACY VIOLATED (PRIVATE DATA GETTING TRANSFER OVER INSECURE CHANNEL ) ,hackerone.com/reports/44056,2,0.0,Violation of Secure Design Principles,2015-01-20
Vimeo,Make API calls on behalf of another user (CSRF protection bypass),hackerone.com/reports/44146,31,0.0,Cross-Site Request Forgery (CSRF),2015-01-22
Vimeo,Open Redirection Security Filter bypassed,hackerone.com/reports/44157,3,0.0,Open Redirect,2015-06-28
Vimeo,Poodle bleed vulnerability in cloud sub domain,hackerone.com/reports/44202,6,0.0,Cryptographic Issues - Generic,2015-03-05
Vimeo,Application XSS filter function Bypass may allow Multiple stored XSS,hackerone.com/reports/44217,8,0.0,Cross-site Scripting (XSS) - Generic,2015-06-28
HackerOne,"Add text to the title of the page ""Thanks""",hackerone.com/reports/44359,5,0.0,Violation of Secure Design Principles,2016-04-25
X / xAI,Path disclosure in platform0.twitter.com,hackerone.com/reports/44371,1,0.0,Information Disclosure,2015-02-20
Vimeo,unvalid open authentication with facebook,hackerone.com/reports/44425,4,0.0,Improper Authentication - Generic,2015-01-21
X / xAI,Flaw in login with twitter to steal Oauth tokens,hackerone.com/reports/44492,6,0.0,Improper Authentication - Generic,2015-02-18
Vimeo,XSS on any site that includes the moogaloop flash player | deprecated embed code ,hackerone.com/reports/44512,6,0.0,Cross-site Scripting (XSS) - Generic,2015-02-22
Ruby on Rails,RCE due to Web Console IP Whitelist bypass in Rails 4.0 and 4.1,hackerone.com/reports/44513,13,0.0,Code Injection,2015-06-16
X / xAI,URGENT - SUBDOMAIN TAKEOVER ON TWITTER ACQ.,hackerone.com/reports/44578,2,0.0,Code Injection,2015-02-21
Mobile Vikings,Insecure crossdomain.xml,hackerone.com/reports/44652,6,0.0,Information Disclosure,2015-04-04
X / xAI,Insecure Data Storage in Vine Android App,hackerone.com/reports/44727,6,140.0,Cryptographic Issues - Generic,2015-06-24
Vimeo,Vimeo Search - XSS Vulnerability [http://vimeo.com/search],hackerone.com/reports/44798,3,0.0,Cross-site Scripting (XSS) - Generic,2015-01-23
HackerOne,Improper way of validating a program,hackerone.com/reports/44888,5,0.0,Cryptographic Issues - Generic,2015-02-04
Informatica,[community.informatica.com] - CSRF in Private Messages allows to move user's messages to Trash,hackerone.com/reports/45050,3,0.0,Cross-Site Request Forgery (CSRF),2016-03-02
Vimeo,Full account takeover via Add a New Email to account without email verified and without password confirmation.,hackerone.com/reports/45084,3,0.0,Violation of Secure Design Principles,2015-03-06
Mobile Vikings,Stored XSS in Direct debit name,hackerone.com/reports/45233,2,0.0,Cross-site Scripting (XSS) - Generic,2015-03-04
Mobile Vikings,"Number, username and name disclosure",hackerone.com/reports/45243,2,0.0,Information Disclosure,2015-03-04
Vimeo,ftp upload of video allows naming that is not sanitized as the manual naming,hackerone.com/reports/45368,2,0.0,Violation of Secure Design Principles,2015-01-29
Vimeo,CSRF bypass,hackerone.com/reports/45428,4,0.0,Cross-Site Request Forgery (CSRF),2015-01-30
Vimeo,XSS on Vimeo,hackerone.com/reports/45484,2,0.0,Cross-site Scripting (XSS) - Generic,2015-01-29
Zaption,[zaption.com] Open Redirect,hackerone.com/reports/45516,9,0.0,Open Redirect,2016-10-29
Vimeo,CRITICAL vulnerability - Insecure Direct Object Reference - Unauthorized access to `Videos` of Channel whose privacy is set to `Private`.,hackerone.com/reports/45960,5,0.0,Privilege Escalation,2015-03-18
Ruby on Rails,"Explicit, dynamic render path: Dir. Trav + RCE",hackerone.com/reports/46019,9,500.0,Code Injection,2016-02-12
HackerOne,Vulnerability with the way \ escaped characters in <http://danlec.com> style links are rendered,hackerone.com/reports/46072,21,5000.0,Cross-site Scripting (XSS) - Generic,2015-02-03
Vimeo,"Brute force on ""vimeo"" cookie",hackerone.com/reports/46109,3,0.0,Improper Authentication - Generic,2015-02-02
Vimeo,Can message users without the proper authorization,hackerone.com/reports/46113,7,0.0,Improper Authentication - Generic,2015-04-01
HackerOne,"In markdown, parsing things like @danlec and #46072 after links is unsafe",hackerone.com/reports/46312,7,0.0,,2015-07-04
Whisper,Directory index and information disclosure,hackerone.com/reports/46345,5,0.0,Information Disclosure,2017-03-29
Whisper,Error stack trace,hackerone.com/reports/46366,11,0.0,Information Disclosure,2017-03-29
Nearby Live,Group Invite not properly authenticated,hackerone.com/reports/46379,2,0.0,Improper Authentication - Generic,2015-02-12
HackerOne,Insecure Direct Object Reference vulnerability,hackerone.com/reports/46397,8,500.0,Violation of Secure Design Principles,2015-02-20
HackerOne,Team member invitations to sandboxed teams are not invalidated consistently,hackerone.com/reports/46429,5,500.0,Improper Authentication - Generic,2015-03-28
X / xAI,Problem with OAuth,hackerone.com/reports/46485,7,1260.0,Improper Authentication - Generic,2015-11-14
Enter,Frictionless Transferring of Wallet Ownership,hackerone.com/reports/46618,2,50.0,Violation of Secure Design Principles,2015-03-23
Enter,CSRF token leakage,hackerone.com/reports/46736,6,0.0,Cross-Site Request Forgery (CSRF),2015-03-23
Slack,Team admin can change unauthorized team setting (require_at_for_mention),hackerone.com/reports/46747,2,200.0,Privilege Escalation,2015-04-30
Slack,Team admin can change unauthorized team setting (allow_message_deletion),hackerone.com/reports/46750,3,100.0,Privilege Escalation,2015-05-30
X / xAI,Twitter Card - Parent Window Redirection,hackerone.com/reports/46818,3,560.0,Cross-site Scripting (XSS) - Generic,2015-05-04
HackerOne,Markdown parsing issue enables insertion of malicious tags and event handlers,hackerone.com/reports/46916,16,5000.0,Cross-site Scripting (XSS) - Generic,2015-04-07
HackerOne,Markdown code block sequence makes report unreadable,hackerone.com/reports/46952,6,0.0,,2015-06-29
Vimeo,subdomain takeover 1511493148.cloud.vimeo.com,hackerone.com/reports/46954,4,0.0,Violation of Secure Design Principles,2015-03-13
Internet Bug Bounty,Adobe Flash Player Out-of-Bound Access Vulnerability,hackerone.com/reports/47012,2,2000.0,Memory Corruption - Generic,2015-03-25
Internet Bug Bounty,Race condition in workers may cause an exploitable double free by abusing bytearray.compress()  ,hackerone.com/reports/47227,5,0.0,Memory Corruption - Generic,2015-03-25
Internet Bug Bounty,Use after free during the StageVideoAvailabilityEvent can result in arbitrary code execution,hackerone.com/reports/47232,1,0.0,Memory Corruption - Generic,2015-03-25
Internet Bug Bounty,Use After Free in Flash MessageChannel.send can cause arbitrary code execution,hackerone.com/reports/47234,1,0.0,Memory Corruption - Generic,2015-03-25
Informatica,XSS in Search Communities Function,hackerone.com/reports/47235,1,0.0,Cross-site Scripting (XSS) - Generic,2015-07-31
Ruby on Rails,JSON keys are not properly escaped,hackerone.com/reports/47280,8,0.0,Cross-site Scripting (XSS) - Generic,2015-06-16
Mobile Vikings,Reflected xss in user name thru cookie,hackerone.com/reports/47341,2,0.0,Cross-site Scripting (XSS) - Generic,2015-03-04
Mobile Vikings,Stored xss in user name,hackerone.com/reports/47343,2,0.0,Cross-site Scripting (XSS) - Generic,2015-03-04
Mobile Vikings,Stored xss in user name (2) affected another user.,hackerone.com/reports/47349,2,0.0,Cross-site Scripting (XSS) - Generic,2015-03-04
Mobile Vikings,CSRF token from another valid user session accepted,hackerone.com/reports/47357,2,0.0,Cross-Site Request Forgery (CSRF),2015-04-03
Mobile Vikings,Username and sim id enum,hackerone.com/reports/47358,3,0.0,Information Disclosure,2015-03-04
Mobile Vikings,Enum phone numbers thru /en/sims/topup/add/,hackerone.com/reports/47362,3,0.0,Improper Authentication - Generic,2015-04-03
Mobile Vikings,Approve topup method by sender of this method,hackerone.com/reports/47384,3,0.0,Improper Authentication - Generic,2015-03-04
HackerOne,"CSP Bypass: Click handler for links with data-method=""post"" can cause authenticity_token to be sent off domain",hackerone.com/reports/47472,10,2000.0,Cross-Site Request Forgery (CSRF),2015-02-26
Enter,Email Enumeration (POC),hackerone.com/reports/47627,12,0.0,Violation of Secure Design Principles,2015-05-27
Internet Bug Bounty,Heap overflow in H. Spencer’s regex library on 32 bit systems ,hackerone.com/reports/47779,2,0.0,Memory Corruption - Generic,2015-04-06
X / xAI,Reporting user's profile by using another people's ID,hackerone.com/reports/47888,4,140.0,Open Redirect,2015-06-11
Slack,Team admin can add billing contacts,hackerone.com/reports/47940,2,200.0,Privilege Escalation,2015-04-03
Coinbase,open authentication bug,hackerone.com/reports/48065,4,0.0,Improper Authentication - Generic,2015-03-11
Internet Bug Bounty,Bad Write in TTF font parsing (win32k.sys),hackerone.com/reports/48100,2,0.0,Memory Corruption - Generic,2015-03-01
HackerOne,Restrict any user from logging into his account.,hackerone.com/reports/48416,8,0.0,Improper Authentication - Generic,2015-03-24
HackerOne,Team member invitations to sandboxed teams are not invalidated consistently (v2),hackerone.com/reports/48422,6,500.0,Privilege Escalation,2015-02-27
X / xAI,Redirect URL in /intent/ functionality is not properly escaped,hackerone.com/reports/48516,3,0.0,Cross-site Scripting (XSS) - Generic,2015-02-24
Yelp,Information disclosure - emails disclosed in response > staging.seatme.us,hackerone.com/reports/49170,21,0.0,Cross-Site Request Forgery (CSRF),2017-05-11
Vimeo,Bypassing Email verification ,hackerone.com/reports/49304,2,0.0,,2015-03-29
Airbnb,I Can Delete Any Airbnb Users Symbol!,hackerone.com/reports/49356,5,0.0,Improper Authentication - Generic,2015-07-03
HackerOne,Substantially weakened authenticity verification when using 'Remember me for a week',hackerone.com/reports/49357,4,0.0,Cryptographic Issues - Generic,2015-03-12
X / xAI,Cross site Port Scanning bug in twitter developers console ,hackerone.com/reports/49474,4,0.0,Cryptographic Issues - Generic,2015-05-23
Airbnb,Generating Unlimited Free Travel Gift Invites | IDOR,hackerone.com/reports/49499,10,0.0,Information Disclosure,2015-04-04
Airbnb,Vulnerability type xss uncovered in airbnb.es,hackerone.com/reports/49513,4,0.0,Cross-site Scripting (XSS) - Generic,2015-04-08
Airbnb,SSL Issues,hackerone.com/reports/49537,3,0.0,Cryptographic Issues - Generic,2015-04-11
Vimeo,Vimeo + & Vimeo PRO Unautorised Tax bypass,hackerone.com/reports/49561,3,0.0,,2015-04-18
HackerOne,Auto Approval of Invitation to join Team as a Team member,hackerone.com/reports/49566,6,0.0,Violation of Secure Design Principles,2015-03-11
HackerOne,Improperly validated fields allows injection of arbitrary HTML via spoofed React objects,hackerone.com/reports/49652,22,5000.0,Cross-site Scripting (XSS) - Generic,2015-03-18
Vimeo,URGENT - Subdomain Takeover on status.vimeo.com due to unclaimed domain pointing to statuspage.io,hackerone.com/reports/49663,14,0.0,Cross-Site Request Forgery (CSRF),2015-04-18
X / xAI,Open Redirect leak of authenticity_token lead to full account take over.,hackerone.com/reports/49759,7,1400.0,Open Redirect,2015-04-03
X / xAI,Twitter Ads Campaign information disclosure through admin without any authentication.,hackerone.com/reports/49806,6,560.0,Improper Authentication - Generic,2015-04-25
Yelp,Missing X-Frame-Options header,hackerone.com/reports/49888,4,0.0,UI Redressing (Clickjacking),2017-11-09
Ruby on Rails,rails-ujs will send CSRF tokens to other origins,hackerone.com/reports/49935,3,0.0,Cross-Site Request Forgery (CSRF),2015-06-16
Enter,The csrf token remains same after user logs in,hackerone.com/reports/49974,4,50.0,Violation of Secure Design Principles,2015-11-26
X / xAI,XSS in original referrer after follow,hackerone.com/reports/50134,5,0.0,Cross-site Scripting (XSS) - Generic,2015-03-09
Adobe,Reflected Cross Site Scripting - 'puser' Parameter in login page,hackerone.com/reports/50157,5,0.0,Cross-site Scripting (XSS) - Generic,2015-05-09
Internet Bug Bounty,FREAK: Factoring RSA_EXPORT Keys to Impersonate TLS Servers,hackerone.com/reports/50170,5,0.0,Cryptographic Issues - Generic,2015-04-01
Adobe,files.acrobat.com stored XSS via send file,hackerone.com/reports/50358,4,0.0,Cross-site Scripting (XSS) - Generic,2015-04-14
Adobe,Open redirect and reflected xss in http://youthvoices.adobe.com/community?return_url=[payload her],hackerone.com/reports/50379,4,0.0,Cross-site Scripting (XSS) - Generic,2015-05-20
Adobe,Adobe XSS,hackerone.com/reports/50389,8,0.0,Cross-site Scripting (XSS) - Generic,2016-10-18
Concrete CMS,Self Xss on File Replace,hackerone.com/reports/50481,1,0.0,Cross-site Scripting (XSS) - Generic,2015-07-08
Phabricator,Server Side Request Forgery in macro creation,hackerone.com/reports/50537,3,0.0,Information Disclosure,2015-03-09
Concrete CMS,Stored XSS on Blog's page Tile,hackerone.com/reports/50552,2,0.0,Cross-site Scripting (XSS) - Generic,2015-07-08
Concrete CMS,Stored XSS on Title of Page List in edit page list,hackerone.com/reports/50554,2,0.0,Cross-site Scripting (XSS) - Generic,2015-07-08
Concrete CMS,Stored XSS on Search Title,hackerone.com/reports/50556,2,0.0,Cross-site Scripting (XSS) - Generic,2015-07-08
Concrete CMS,Stored XSS in Contact Form,hackerone.com/reports/50564,3,0.0,Cross-site Scripting (XSS) - Generic,2015-07-08
Concrete CMS,Stored XSS in Title of the topic List,hackerone.com/reports/50626,2,0.0,Cross-site Scripting (XSS) - Generic,2015-07-08
Concrete CMS,Stored XSS in title of date navigation,hackerone.com/reports/50627,3,0.0,Cross-site Scripting (XSS) - Generic,2015-07-08
Concrete CMS,Stored XSS in Feature tile ,hackerone.com/reports/50639,3,0.0,Cross-site Scripting (XSS) - Generic,2015-07-08
Concrete CMS,Stored Xss in Feature Paragraph,hackerone.com/reports/50642,2,0.0,Cross-site Scripting (XSS) - Generic,2015-07-08
Concrete CMS,Stored XSS in  Testimonial  name,hackerone.com/reports/50644,2,0.0,Cross-site Scripting (XSS) - Generic,2015-07-08
Concrete CMS,Stored XSS in Testimonial Position,hackerone.com/reports/50645,2,0.0,Cross-site Scripting (XSS) - Generic,2015-07-08
Concrete CMS,Stored XSS in testimonial Company,hackerone.com/reports/50656,2,0.0,Cross-site Scripting (XSS) - Generic,2015-07-08
HackerOne,Reflected File Download attack allows attacker to 'upload' executables to hackerone.com domain,hackerone.com/reports/50658,4,0.0,Command Injection - Generic,2015-04-16
Concrete CMS,Stored XSS In Company URL,hackerone.com/reports/50662,2,0.0,Cross-site Scripting (XSS) - Generic,2015-07-08
Ubiquiti Inc.,CSRF in login form would led to account takeover,hackerone.com/reports/50703,10,0.0,Cross-Site Request Forgery (CSRF),2016-06-20
X / xAI,open redirect sends authenticity_token to any website or (ip address),hackerone.com/reports/50752,1,560.0,Open Redirect,2015-03-14
Vimeo,A user can edit comments even after video comments are disabled,hackerone.com/reports/50776,3,0.0,Privilege Escalation,2015-03-11
Concrete CMS,Stored XSS in Bio/Quote,hackerone.com/reports/50779,2,0.0,Cross-site Scripting (XSS) - Generic,2015-07-08
Concrete CMS,Stored XSS in Message to Display When No Pages Listed.,hackerone.com/reports/50780,2,0.0,Cross-site Scripting (XSS) - Generic,2015-07-08
Concrete CMS,Stored XSS in Image Alt. Text,hackerone.com/reports/50782,2,0.0,Cross-site Scripting (XSS) - Generic,2015-07-08
Vimeo,A user can add videos to other user's private groups,hackerone.com/reports/50786,3,0.0,Privilege Escalation,2015-04-23
Vimeo,A user can post comments on other user's private videos,hackerone.com/reports/50829,3,0.0,Privilege Escalation,2015-03-11
Whisper,Bypass pin(4 digit passcode on your android app),hackerone.com/reports/50884,3,100.0,Privilege Escalation,2015-04-12
Whisper,CVE-2014-0224 openssl ccs vulnerability,hackerone.com/reports/50885,2,10.0,Cryptographic Issues - Generic,2015-04-10
Vimeo,A user can enhance their videos with paid tracks without buying the track,hackerone.com/reports/50941,2,0.0,Privilege Escalation,2015-10-14
IRCCloud,Email verification links still valid after changing it 2x,hackerone.com/reports/51166,4,0.0,Violation of Secure Design Principles,2015-03-13
Internet Bug Bounty,Flash Cross Domain Policy Bypass by Using File Upload and Redirection - only in Chrome,hackerone.com/reports/51265,3,0.0,,2015-05-06
Vimeo,Post in private groups after getting removed,hackerone.com/reports/51817,2,0.0,Privilege Escalation,2015-05-01
HackerOne,"Open redirect in ""Language change"".",hackerone.com/reports/52035,12,500.0,Open Redirect,2015-06-19
X / xAI,HTTP Response Splitting (CRLF injection) in report_story,hackerone.com/reports/52042,59,0.0,,2015-04-21
Vimeo,Insecure Direct Object References in https://vimeo.com/forums,hackerone.com/reports/52176,5,0.0,Improper Authentication - Generic,2015-05-04
Vimeo,Insecure Direct Object References that allows to read any comment (even if it should be private),hackerone.com/reports/52181,5,0.0,Improper Authentication - Generic,2015-05-04
HackerOne,"""learn more here"", reward email - domain expired.",hackerone.com/reports/52532,7,0.0,Open Redirect,2015-03-23
Ubiquiti Inc.,UniFi v3.2.10 Cross-Site Request Forgeries / Referer-Check Bypass,hackerone.com/reports/52635,8,0.0,Cross-Site Request Forgery (CSRF),2016-01-07
X / xAI,Insecure direct object reference - have access to deleted DM's,hackerone.com/reports/52646,10,0.0,Improper Authentication - Generic,2015-10-12
Vimeo,Invite any user to your group without even following him,hackerone.com/reports/52707,6,0.0,Privilege Escalation,2016-08-25
Vimeo,Share your channel to any user on vimeo without following him,hackerone.com/reports/52708,1,0.0,Privilege Escalation,2015-09-28
Phabricator,XSS with Time-of-Day Format,hackerone.com/reports/52822,2,0.0,Cross-site Scripting (XSS) - Generic,2015-04-19
Vimeo,[URGENT ISSUE] Add or Delete the videos in watch later list of any user .,hackerone.com/reports/52982,2,0.0,Cross-Site Request Forgery (CSRF),2015-05-01
Coinbase,Blacklist bypass on Callback URLs,hackerone.com/reports/53004,12,100.0,Information Disclosure,2016-09-14
Phabricator,SSRF vulnerability (access to metadata server on EC2 and OpenStack),hackerone.com/reports/53088,4,300.0,Information Disclosure,2015-03-26
X / xAI,XSS in twitter.com/safety/unsafe_link_warning,hackerone.com/reports/53098,4,1400.0,Cross-site Scripting (XSS) - Generic,2015-04-03
Mapbox,Logging a user into attacker's account using password reset link,hackerone.com/reports/53531,23,600.0,Violation of Secure Design Principles,2017-10-20
Mapbox,Stored xss in editor ,hackerone.com/reports/53730,12,1000.0,Cross-site Scripting (XSS) - Generic,2017-08-17
X / xAI,HTTP Response Splitting (CRLF injection) due to headers overflow,hackerone.com/reports/53843,30,0.0,,2015-05-04
X / xAI,Insecure Direct Object Reference - access to other user/group DM's,hackerone.com/reports/53858,10,0.0,Privilege Escalation,2015-10-03
HackerOne,Reflected Filename Download,hackerone.com/reports/54034,9,0.0,Code Injection,2016-04-25
Internet Bug Bounty,HTTP MitM on Flash Player settings manager allows attacker to set sandbox settings,hackerone.com/reports/54094,12,0.0,,2018-12-23
Shopify,Xss in website's link,hackerone.com/reports/54321,5,0.0,Cross-site Scripting (XSS) - Generic,2015-05-13
Mapbox,Persistent cross-site scripting (XSS) in map attribution,hackerone.com/reports/54327,7,1000.0,Cross-site Scripting (XSS) - Generic,2016-03-30
Slack,Logout any user of same team,hackerone.com/reports/54610,2,0.0,Cross-Site Request Forgery (CSRF),2015-05-05
Snapchat,Vulnerable to JavaScript injection. (WXS)  (Javascript injection)!,hackerone.com/reports/54631,14,0.0,Command Injection - Generic,2015-10-22
Snapchat,Captcha Bypass in Snapchat's Geofilter Submission Process,hackerone.com/reports/54641,9,0.0,Violation of Secure Design Principles,2015-05-04
Coinbase,Sandboxed iframes don't show confirmation screen,hackerone.com/reports/54733,3,0.0,UI Redressing (Clickjacking),2015-04-04
Shopify,Missing spf flags for myshopify.com,hackerone.com/reports/54779,8,0.0,,2015-04-16
Factlink,Frameset Proxy Problem,hackerone.com/reports/55009,1,0.0,Violation of Secure Design Principles,2015-05-09
Internet Bug Bounty,Multiple Python integer overflows,hackerone.com/reports/55017,3,0.0,,2015-02-04
Internet Bug Bounty,Segmentation fault for invalid PSS parameters,hackerone.com/reports/55018,2,0.0,,2015-03-19
Internet Bug Bounty,Free called on unitialized pointer in exif.c,hackerone.com/reports/55028,2,0.0,,2015-01-20
Internet Bug Bounty,Use after free vulnerability in unserialize() with DateTimeZone,hackerone.com/reports/55029,4,0.0,,2015-02-27
Internet Bug Bounty,SoapClient's __call() type confusion through unserialize(),hackerone.com/reports/55030,1,0.0,,2015-03-03
Internet Bug Bounty,Use after free vulnerability in unserialize(),hackerone.com/reports/55033,1,0.0,,2015-01-20
Faceless,Bypass Setup by External Activity Invoke,hackerone.com/reports/55064,2,0.0,,2015-05-09
Internet Bug Bounty,Race Conditions in OAuth 2 API implementations,hackerone.com/reports/55140,50,0.0,Improper Authentication - Generic,2017-09-19
drchrono,XML Parser Bug: XXE over which leads to RCE,hackerone.com/reports/55431,35,0.0,Code Injection,2016-06-13
X / xAI,Privacy Issue on protected tweets,hackerone.com/reports/55506,2,0.0,Improper Authentication - Generic,2015-05-14
Shopify,Open redirection in OAuth,hackerone.com/reports/55525,14,500.0,Open Redirect,2015-07-03
Shopify,Authentication Failed Mobile version,hackerone.com/reports/55530,9,500.0,Improper Authentication - Generic,2015-06-02
Shopify,Open Redirect after login at http://ecommerce.shopify.com,hackerone.com/reports/55546,6,500.0,Open Redirect,2015-10-05
Shopify,Lack of SSL Pinning on POS Application ( iOS ),hackerone.com/reports/55644,3,0.0,Cryptographic Issues - Generic,2015-05-21
X / xAI,Fabric.io:  Ex-admin of an organization can delete team members,hackerone.com/reports/55670,8,280.0,Privilege Escalation,2015-11-01
Shopify,Force 500 Internal Server Error on any shop (for one user),hackerone.com/reports/55716,7,0.0,Uncontrolled Resource Consumption,2015-06-09
Coinbase,iframes considered harmful,hackerone.com/reports/55827,1,0.0,Violation of Secure Design Principles,2015-12-01
Shopify,[persistent cross-site scripting] customers can target admins,hackerone.com/reports/55842,4,0.0,Cross-site Scripting (XSS) - Generic,2015-07-01
Shopify,CSRF token fixation in facebook store app that can lead to adding attacker to victim acc ,hackerone.com/reports/55911,4,500.0,Violation of Secure Design Principles,2015-06-25
Shopify,"Shopify android client all API request's response leakage, including access_token, cookie, response header, response body content",hackerone.com/reports/56002,8,0.0,Improper Authentication - Generic,2015-07-04
X / xAI,"Privecy Issue : view ""Protected users"" followers and following",hackerone.com/reports/56119,3,0.0,Improper Authentication - Generic,2015-05-15
Coin.Space,SMTP protection not used,hackerone.com/reports/56177,2,0.0,Improper Authentication - Generic,2015-06-10
Vimeo,May cause account take over (Via invitation page),hackerone.com/reports/56182,1,0.0,Violation of Secure Design Principles,2015-05-20
Internet Bug Bounty,Double free vulnerability in Flash Player Settings Manager (CVE-2015-0346),hackerone.com/reports/56385,35,5000.0,Memory Corruption - Generic,2019-10-18
Shopify,IDOR expire other user sessions,hackerone.com/reports/56511,29,1000.0,Improper Authentication - Generic,2015-04-17
Shopify,Shop admin can change external login services,hackerone.com/reports/56626,5,1000.0,Privilege Escalation,2015-10-02
Shopify,Payment gateway status transferred to Shopify without authentication,hackerone.com/reports/56628,7,0.0,Cross-Site Request Forgery (CSRF),2016-09-27
Shopify,XSS - URL Redirects,hackerone.com/reports/56662,4,0.0,Cross-site Scripting (XSS) - Generic,2015-05-16
Shopify,Invitation issue,hackerone.com/reports/56726,3,0.0,Privilege Escalation,2015-09-16
HackerOne,SPF whitelist of mandrill leads to email forgery,hackerone.com/reports/56742,6,0.0,Improper Authentication - Generic,2015-06-08
Shopify,XSS on support.shopify.com,hackerone.com/reports/56760,3,0.0,Cross-site Scripting (XSS) - Generic,2015-06-09
Shopify,XSS on ecommerce.shopify.com,hackerone.com/reports/56779,2,0.0,Cross-site Scripting (XSS) - Generic,2015-09-06
Whisper,Missing DMARC record,hackerone.com/reports/56793,4,0.0,Violation of Secure Design Principles,2016-10-28
Shopify,Multiple issues on Checkout Process,hackerone.com/reports/56800,3,0.0,Violation of Secure Design Principles,2015-05-21
Shopify,Notification request disclose private information about other myshopify accounts,hackerone.com/reports/56936,4,0.0,Improper Authentication - Generic,2015-09-24
Shopify,comment out causes information disclosure,hackerone.com/reports/57125,5,0.0,Information Disclosure,2015-04-19
HackerOne,Open-redirect on hackerone.com,hackerone.com/reports/57163,6,0.0,Open Redirect,2015-04-23
WordPoints,Rank Creation function not validating user inputs.,hackerone.com/reports/57263,1,0.0,Command Injection - Generic,2015-06-04
X / xAI,DOM based cookie bomb,hackerone.com/reports/57356,55,0.0,Uncontrolled Resource Consumption,2017-04-11
Shopify,XSS in experts.shopify.com,hackerone.com/reports/57459,7,0.0,Cross-site Scripting (XSS) - Generic,2015-05-19
Shopify,amazon aws s3 bucket content is public :-  http://shopify.com.s3.amazonaws.com/,hackerone.com/reports/57505,12,0.0,Memory Corruption - Generic,2015-10-15
Vimeo,API: missing invalidation of OAuth2 Authorization Code during access revocation causes authorization bypass,hackerone.com/reports/57603,8,0.0,Improper Authentication - Generic,2015-05-31
Enter,Server responds with the server error logs on account creation,hackerone.com/reports/57692,1,50.0,Information Disclosure,2015-11-26
HackerOne,Missing spf flags for hackerone.com,hackerone.com/reports/57736,5,0.0,Cryptographic Issues - Generic,2015-04-23
Coinbase,ByPassing the email Validation Email on Sign up process in mobile apps,hackerone.com/reports/57764,7,100.0,Violation of Secure Design Principles,2016-11-28
Enter,HTML injection in email sent by romit.io,hackerone.com/reports/57914,1,50.0,Command Injection - Generic,2015-11-26
Whisper,Insecure Local Data Storage  : Application stores data using a binary sqlite database,hackerone.com/reports/57918,8,50.0,Information Disclosure,2017-03-03
HackerOne,Homograph attack,hackerone.com/reports/58612,5,0.0,Violation of Secure Design Principles,2015-05-02
Shopify,Content Spoofing,hackerone.com/reports/58630,9,0.0,Violation of Secure Design Principles,2015-05-05
Shopify,SSL cookie without secure flag set,hackerone.com/reports/58679,9,0.0,Violation of Secure Design Principles,2015-07-13
Shopify,Stored XSS in the Shopify Discussion Forums,hackerone.com/reports/59015,6,500.0,Cross-site Scripting (XSS) - Generic,2015-05-31
HackerOne,Making any Report Failed to load,hackerone.com/reports/59369,6,0.0,Uncontrolled Resource Consumption,2015-05-09
HackerOne,Homograph Attack,hackerone.com/reports/59372,5,0.0,Open Redirect,2015-05-09
HackerOne,Homograph attack,hackerone.com/reports/59375,17,0.0,Violation of Secure Design Principles,2015-05-09
HackerOne,Fake URL + Additional vectors for homograph attack,hackerone.com/reports/59469,3,0.0,Violation of Secure Design Principles,2015-05-09
drchrono,Create and Update patients vulnerability,hackerone.com/reports/59505,11,0.0,Privilege Escalation,2017-03-10
drchrono,Accessing all appointments vulnerability,hackerone.com/reports/59508,6,0.0,Privilege Escalation,2016-07-21
HackerOne,Reopen Disable Accounts/ Hidden Access After Disable,hackerone.com/reports/59659,6,0.0,Improper Authentication - Generic,2015-06-08
Concrete CMS,Multiple Cross Site Request Forgery Vulnerabilities in Concrete5 version 5.7.3.1,hackerone.com/reports/59660,3,0.0,Cross-Site Request Forgery (CSRF),2016-06-26
Concrete CMS,Multiple Reflected Cross Site Scripting Vulnerabilities in Concrete5 version 5.7.3.1,hackerone.com/reports/59661,2,0.0,Cross-site Scripting (XSS) - Generic,2015-06-06
Concrete CMS,Multiple Stored Cross Site Scripting Vulnerabilities in Concrete5 version 5.7.3.1,hackerone.com/reports/59662,3,0.0,Cross-site Scripting (XSS) - Generic,2016-06-26
Concrete CMS,Sendmail Remote Code Execution Vulnerability in Concrete5 version 5.7.3.1,hackerone.com/reports/59663,3,0.0,Command Injection - Generic,2015-06-06
Concrete CMS,SQL Injection Vulnerability in Concrete5 version 5.7.3.1,hackerone.com/reports/59664,1,0.0,SQL Injection,2015-06-11
Concrete CMS,Local File Inclusion Vulnerability in Concrete5 version 5.7.3.1,hackerone.com/reports/59665,11,0.0,Violation of Secure Design Principles,2016-06-26
Concrete CMS,Unsafe usage of Host HTTP header in Concrete5 version 5.7.3.1,hackerone.com/reports/59666,3,0.0,Violation of Secure Design Principles,2018-01-11
Udemy,xss profile,hackerone.com/reports/60016,3,0.0,Cross-site Scripting (XSS) - Generic,2015-07-16
Udemy,teach.udemy.com log poison vulnerability through wordpress debug.log being publically available,hackerone.com/reports/60058,7,0.0,Code Injection,2015-06-09
Mobile Vikings,XSS Vulnerability on all pages,hackerone.com/reports/60201,2,0.0,Cross-site Scripting (XSS) - Generic,2015-05-13
Udemy,Misconfigured SPF Record Flag,hackerone.com/reports/60260,3,0.0,Violation of Secure Design Principles,2016-02-22
HackerOne,Content Spoofing - External Link Warning Page,hackerone.com/reports/60402,5,0.0,Violation of Secure Design Principles,2015-05-11
HackerOne,Logical Issue (Boosting Reputation points),hackerone.com/reports/60429,6,0.0,,2015-07-21
Slack,"Bypass of the SSRF protection (Slack commands, Phabricator integration)",hackerone.com/reports/61312,14,100.0,,2016-09-14
Udemy,xss on autoserch,hackerone.com/reports/61367,1,0.0,Cross-site Scripting (XSS) - Generic,2015-07-08
Udemy,leak receipt of another user,hackerone.com/reports/61371,2,0.0,Information Disclosure,2015-11-13
Concrete CMS,Multiple XSS Vulnerabilities in Concrete5 5.7.3.1,hackerone.com/reports/62294,2,0.0,Cross-site Scripting (XSS) - Generic,2015-07-15
Udemy,"Ability to add pishing links in discusion ,"" Bypassing uneductional Links  add """,hackerone.com/reports/62301,10,0.0,Information Disclosure,2016-07-09
jsDelivr,Pretty Photo Dom XSS ,hackerone.com/reports/62385,2,0.0,Cross-site Scripting (XSS) - Generic,2015-05-20
Udemy,XSS on https://www.udemy.com/asset/export.html,hackerone.com/reports/62400,3,0.0,Cross-site Scripting (XSS) - Generic,2015-10-08
Shopify,XSS in myshopify.com Admin site in TAX Overrides,hackerone.com/reports/62427,4,0.0,Cross-site Scripting (XSS) - Generic,2015-06-09
Udemy,Multiple sub domain are vulnerable because of leaking full path ,hackerone.com/reports/62778,2,0.0,Information Disclosure,2015-06-25
HackerOne,Email Notification should be get while changing Paypal Email,hackerone.com/reports/62827,5,0.0,Improper Authentication - Generic,2015-06-19
Shopify,Bulk Discount App in myshopify.com exposes http://bulkdiscounts.shopifyapps.com vulnerable to XSS,hackerone.com/reports/62861,2,0.0,Cross-site Scripting (XSS) - Generic,2015-07-23
Ruby on Rails,Changeable model ids on vanilla update can lead to severely bad side-effects,hackerone.com/reports/63131,4,0.0,Violation of Secure Design Principles,2016-02-12
HackerOne,External URL page bypass,hackerone.com/reports/63158,3,0.0,,2015-05-28
Internet Bug Bounty,"Flash Player information disclosure (etc.) CVE-2015-3044, PSIRT-3298",hackerone.com/reports/63324,8,2000.0,Information Disclosure,2019-10-18
Mavenlink,XSS in https://app.mavenlink.com/workspaces/,hackerone.com/reports/63537,3,0.0,Cross-site Scripting (XSS) - Generic,2015-06-22
HackerOne,Logic error with notifications: user that has left team continues to receive notifications and can not 'clean' this area on account,hackerone.com/reports/63729,4,500.0,Violation of Secure Design Principles,2015-06-04
HackerOne,Potential denial of service in hackerone.com/<program>/reward_settings,hackerone.com/reports/63865,5,0.0,Uncontrolled Resource Consumption,2015-06-10
Enter,Cross site scripting,hackerone.com/reports/63888,2,0.0,Cross-site Scripting (XSS) - Generic,2015-07-12
Shopify,Privilege Escalation - A `MEMBER` with no ACCESS to `ORDERS` can still access the orders by using  `Order Printer APP` ,hackerone.com/reports/64164,8,1000.0,Privilege Escalation,2016-04-20
Concrete CMS,"No csrf protection on index.php/ccm/system/user/add_group, index.php/ccm/system/user/remove_group",hackerone.com/reports/64184,1,0.0,Cross-Site Request Forgery (CSRF),2015-08-26
VK.com,Page replacement and redirect loop,hackerone.com/reports/64529,13,0.0,Violation of Secure Design Principles,2019-02-24
Legal Robot,missing SPF for legalrobot.com ,hackerone.com/reports/64561,6,0.0,Improper Authentication - Generic,2016-09-25
MapLogin,Not Completed Accounts Take Over (Urgent bug),hackerone.com/reports/64626,3,0.0,Improper Authentication - Generic,2015-06-09
Legal Robot,"Missing security headers, possible clickjacking",hackerone.com/reports/64645,5,0.0,UI Redressing (Clickjacking),2016-09-06
MapLogin,Bypass verification of email while creating account(No rate limiting enable for verification code),hackerone.com/reports/64666,13,0.0,Improper Authentication - Generic,2016-08-25
VK.com,Able to intercept app Traffic after choosing up the Secured Connection using SSL (HTTPS),hackerone.com/reports/64731,4,100.0,Information Disclosure,2017-03-03
VK.com,"Просмотр лайков и репостов фотографии, которая находятся в приватном альбоме",hackerone.com/reports/64754,13,0.0,Violation of Secure Design Principles,2019-04-26
Shopify,Header Misconfiguration - PHP API,hackerone.com/reports/64941,4,0.0,Violation of Secure Design Principles,2015-06-11
Legal Robot,Registration bypass using OAuth logical bug,hackerone.com/reports/64946,7,0.0,UI Redressing (Clickjacking),2016-09-06
VK.com,API: Bug in method auth.validatePhone,hackerone.com/reports/64963,3,0.0,,2015-07-17
Coinbase,Big Bug with Vault which i have already reported: Case #606962,hackerone.com/reports/65084,1,0.0,,2016-01-20
Legal Robot,CSRF,hackerone.com/reports/65167,7,0.0,Cross-Site Request Forgery (CSRF),2016-09-09
Mapbox,Stored Cross-Site Scripting in Map Share Page,hackerone.com/reports/65284,4,0.0,Cross-site Scripting (XSS) - Generic,2016-04-19
VK.com,XSS on added name album on videos.,hackerone.com/reports/65324,2,0.0,Cross-site Scripting (XSS) - Generic,2015-06-26
VK.com,Не достаточная проверка логина скайп,hackerone.com/reports/65330,1,100.0,Command Injection - Generic,2015-10-30
Concrete CMS,"No CSRF protection when creating new community points actions, and related stored XSS",hackerone.com/reports/65808,2,0.0,Cross-site Scripting (XSS) - Generic,2015-08-26
Coinbase,OAuth authorization page vulnerable to clickjacking,hackerone.com/reports/65825,15,5000.0,Improper Authentication - Generic,2016-02-07
VK.com,Уязвимость приватных записей пользователя (личных),hackerone.com/reports/65966,9,400.0,Information Disclosure,2017-02-09
VK.com,XSS at http://vk.com on IE using flash files,hackerone.com/reports/66121,2,500.0,Cross-site Scripting (XSS) - Generic,2015-10-30
HackerOne,Invitation is not properly cancelled while inviting to bug reports.,hackerone.com/reports/66151,6,0.0,Improper Authentication - Generic,2015-07-10
Coinbase,Two-factor authentication (via SMS),hackerone.com/reports/66223,5,0.0,Improper Authentication - Generic,2015-06-16
VK.com,Уязвимость в Указание мест на фото + фича + хакинг,hackerone.com/reports/66235,3,200.0,Code Injection,2015-09-07
HackerOne,mailto: link injection on https://hackerone.com/directory,hackerone.com/reports/66262,5,0.0,Violation of Secure Design Principles,2015-06-10
Legal Robot,No valid SPF record,hackerone.com/reports/66385,5,0.0,Improper Authentication - Generic,2016-09-19
Shopify,[www.*.myshopify.com] CRLF Injection,hackerone.com/reports/66386,5,500.0,,2015-06-10
Yelp,[engineeringblog.yelp.com] CRLF Injection,hackerone.com/reports/66391,14,0.0,,2017-11-09
LibSass,type confusion in Sass::ParserState::ParserState(Sass::ParserState const&),hackerone.com/reports/66724,1,0.0,Memory Corruption - Generic,2015-06-11
Legal Robot,- Guessing registered users in legalrobot.com,hackerone.com/reports/66845,7,0.0,Improper Authentication - Generic,2016-09-16
Internet Bug Bounty,Misusing of FPU Instruction Could Cause Security Vulnerabilities in Adobe Flash Player,hackerone.com/reports/66962,2,0.0,Memory Corruption - Generic,2019-11-12
Slack,Link vulnerability leads to phishing attacks,hackerone.com/reports/66994,1,0.0,,2015-07-13
Shopify,XSS at importing Product List,hackerone.com/reports/67125,3,500.0,Cross-site Scripting (XSS) - Generic,2015-06-17
Shopify,XSS at Bulk editing products,hackerone.com/reports/67132,3,500.0,Cross-site Scripting (XSS) - Generic,2015-06-17
Shopify,Expire User Sessions in Admin Site does not expire user session in Shopify Application in IOS,hackerone.com/reports/67220,3,0.0,Improper Authentication - Generic,2015-07-15
VK.com,Уязвимость получения всех номеров телефонов вк (по совместительству логинов профилей),hackerone.com/reports/67317,8,200.0,Code Injection,2017-02-13
Shopify,SSRF via 'Add Image from URL' feature,hackerone.com/reports/67377,9,0.0,Violation of Secure Design Principles,2015-07-15
Shopify,SSRF via 'Insert Image' feature of Products/Collections/Frontpage,hackerone.com/reports/67389,5,0.0,Violation of Secure Design Principles,2015-08-24
Shopify,Bypass access restrictions from API,hackerone.com/reports/67557,4,1000.0,Improper Authentication - Generic,2015-09-18
VK.com,Issue in the implementation of captcha and race condition,hackerone.com/reports/67562,14,0.0,Violation of Secure Design Principles,2016-09-29
Automattic,Verification code issues for Two-Step Authentication,hackerone.com/reports/67660,5,0.0,Improper Authentication - Generic,2015-09-20
HackerOne,Redirection Page throwing error instead of redirecting to site,hackerone.com/reports/67929,3,0.0,Violation of Secure Design Principles,2016-05-25
Airbnb,authenticity_token is not random across page loads,hackerone.com/reports/71006,4,0.0,Cross-Site Request Forgery (CSRF),2015-08-12
VK.com,Отвязываем Twitter от любого профиля вк ! + несколько багов по дизайну,hackerone.com/reports/71337,4,250.0,Cross-Site Request Forgery (CSRF),2016-04-04
Shopify,XSS in Myshopify Admin Site in DISCOUNTS,hackerone.com/reports/71614,2,0.0,Cross-site Scripting (XSS) - Generic,2015-07-20
Shopify,XSS at Bulk editing ProductVariants,hackerone.com/reports/72331,2,500.0,Cross-site Scripting (XSS) - Generic,2015-06-25
ThisData,Xss via Dropbox,hackerone.com/reports/72526,1,0.0,Cross-site Scripting (XSS) - Generic,2016-03-07
VK.com,Уязвимость Создание фотографий без ведома пользователей,hackerone.com/reports/72775,7,300.0,Cross-Site Request Forgery (CSRF),2017-02-09
HackerOne,CSV Injection with the CVS export feature,hackerone.com/reports/72785,13,0.0,Command Injection - Generic,2015-09-21
Shopify,Prevent Shop Admin From Seeing his Installed Apps / Install Persistent Unremovable App,hackerone.com/reports/72793,4,0.0,Uncontrolled Resource Consumption,2015-09-29
Shopify,Body injection in mailto link while commenting shop blog,hackerone.com/reports/72976,2,0.0,,2015-09-10
Internet Bug Bounty,out of bounds read crashes php-cgi,hackerone.com/reports/73234,2,0.0,,2014-12-30
Internet Bug Bounty,Use After Free Vulnerability in unserialize(),hackerone.com/reports/73235,3,0.0,,2015-03-17
Internet Bug Bounty,X509_to_X509_REQ NULL pointer deref,hackerone.com/reports/73236,2,0.0,,2015-03-15
Internet Bug Bounty,Buffer Over flow when parsing tar/zip/phar in phar_set_inode,hackerone.com/reports/73237,1,1000.0,,2015-04-14
Internet Bug Bounty,Buffer Over-read in unserialize when parsing Phar,hackerone.com/reports/73238,1,1000.0,,2015-04-14
Internet Bug Bounty,ZIP Integer Overflow leads to writing past heap boundary,hackerone.com/reports/73239,1,1500.0,,2015-03-18
Internet Bug Bounty,Integer overflow in ftp_genlist() resulting in heap overflow,hackerone.com/reports/73240,1,0.0,,2015-05-12
Internet Bug Bounty,Malformed ECParameters causes infinite loop,hackerone.com/reports/73241,1,0.0,,2015-06-11
Internet Bug Bounty,libcurl: URL request injection,hackerone.com/reports/73242,1,0.0,,2015-01-08
Internet Bug Bounty,Use after free vulnerability in unserialize() with DateInterval,hackerone.com/reports/73244,3,0.0,,2015-03-17
Internet Bug Bounty,Type Confusion Vulnerability in SoapClient,hackerone.com/reports/73245,5,0.0,,2015-04-16
Internet Bug Bounty,Use-after-free in php_curl related to CURLOPT_FILE/_INFILE/_WRITEHEADER,hackerone.com/reports/73246,4,0.0,,2015-04-14
Internet Bug Bounty,php_stream_url_wrap_http_ex() type-confusion vulnerability,hackerone.com/reports/73247,3,0.0,,2015-04-14
Internet Bug Bounty,Tokenizer crash when processing undecodable source code,hackerone.com/reports/73248,2,0.0,,2015-04-21
Internet Bug Bounty,Multiple use after free bugs in element module,hackerone.com/reports/73249,2,0.0,,2015-05-18
Internet Bug Bounty,Multiple use after free bugs in heapq module,hackerone.com/reports/73250,2,0.0,,2015-05-03
Internet Bug Bounty,Multiple use after free bugs in json encoding,hackerone.com/reports/73251,2,0.0,,2015-05-03
Internet Bug Bounty,Use after free in get_filter,hackerone.com/reports/73252,2,0.0,,2015-05-03
Internet Bug Bounty,Multiple type confusions in unicode error handlers,hackerone.com/reports/73253,2,0.0,,2015-05-18
Internet Bug Bounty,str_repeat() sign mismatch based memory corruption,hackerone.com/reports/73255,1,0.0,,2015-05-12
Internet Bug Bounty,PHP yaml_parse/yaml_parse_file/yaml_parse_url Double Free,hackerone.com/reports/73256,1,1500.0,,2015-05-18
Internet Bug Bounty,PHP yaml_parse/yaml_parse_file/yaml_parse_url Unsafe Deserialization,hackerone.com/reports/73257,1,500.0,,2015-05-18
Internet Bug Bounty,Python: imageop Unsafe Arithmetic,hackerone.com/reports/73258,1,1000.0,,2015-05-31
Internet Bug Bounty,Integer overflow in _pickle.c,hackerone.com/reports/73259,1,500.0,,2015-06-27
Internet Bug Bounty,Integer overflow in _json_encode_unicode leads to crash,hackerone.com/reports/73260,1,0.0,,2015-06-27
Internet Bug Bounty,"Internet-based attacker can run Flash apps in local sandboxes by using  special URL schemes (PSIRT-3299, CVE-2015-3079)",hackerone.com/reports/73276,11,2000.0,Information Disclosure,2019-10-18
Internet Bug Bounty,pngcrush_measure_idat() off-by-one error (CVE-2015-2158),hackerone.com/reports/73429,3,0.0,Code Injection,2019-10-04
Ubiquiti Inc.,Arbritrary file Upload on AirMax,hackerone.com/reports/73480,21,0.0,Path Traversal,2016-02-13
Ubiquiti Inc.,Buffer Overflow in PHP of the AirMax Products,hackerone.com/reports/73491,4,0.0,Memory Corruption - Generic,2016-04-01
Shopify,Reflected XSS in chat,hackerone.com/reports/73566,2,0.0,Cross-site Scripting (XSS) - Generic,2015-08-11
Shopify,Attention! Remote Code Execution at http://wpt.ec2.shopify.com/,hackerone.com/reports/73567,28,0.0,Command Injection - Generic,2015-07-16
Udemy,Extremely high Course rating values could be set in order to make really high Average rating of the course. Negative values could be set to.,hackerone.com/reports/73808,5,0.0,Violation of Secure Design Principles,2015-09-25
Ubiquiti Inc.,Other Buffer Overflow in PHP of the AirMax Products,hackerone.com/reports/74004,4,0.0,Memory Corruption - Generic,2016-04-07
Ubiquiti Inc.,Yet another Buffer Overflow in PHP of the AirMax Products,hackerone.com/reports/74025,3,0.0,Memory Corruption - Generic,2016-04-07
Enter,"Potential for financial loss, negative Values for ""Buy fee"" and ""Sell Fee""",hackerone.com/reports/74147,2,250.0,Violation of Secure Design Principles,2015-11-26
DigitalSellz,Own downloading link isn't properly checked in the email template,hackerone.com/reports/74514,3,0.0,,2015-11-16
DigitalSellz,The email updates issues,hackerone.com/reports/74518,3,0.0,,2015-08-25
DigitalSellz,The product/status method CSRF,hackerone.com/reports/74595,3,0.0,Cross-Site Request Forgery (CSRF),2015-08-25
Mapbox,Disclosure of map information,hackerone.com/reports/74933,6,0.0,Improper Authentication - Generic,2016-04-19
HackerOne,Accessing title of the report of which you are marked as duplicate,hackerone.com/reports/75556,7,500.0,Improper Authentication - Generic,2015-07-17
Enter,"No rate limit which leads to ""Users information Disclosure"" including verfification documents etc.",hackerone.com/reports/75702,1,250.0,Violation of Secure Design Principles,2015-11-27
Gratipay,weak ssl cipher suites,hackerone.com/reports/76303,6,0.0,Cryptographic Issues - Generic,2015-09-13
Gratipay,"Self XSS Protection not used , I can trick users to insert JavaScript",hackerone.com/reports/76307,2,0.0,Cross-site Scripting (XSS) - Generic,2015-09-11
Zaption,XSS - Gallery Search Listing,hackerone.com/reports/76713,1,0.0,Cross-site Scripting (XSS) - Generic,2015-08-12
Zaption,Using GET method for account login with CSRF token leaking to external sites Via Referer.,hackerone.com/reports/76733,4,0.0,Information Disclosure,2016-05-02
Zaption,Open redirect filter bypass,hackerone.com/reports/76738,4,0.0,Open Redirect,2015-08-24
Zaption,Cheating at gallery rating,hackerone.com/reports/76784,2,0.0,Privilege Escalation,2015-07-22
Enter,GA code not verified on the server side allows sending Verification Documents on behalf of another user,hackerone.com/reports/77076,3,250.0,Improper Authentication - Generic,2015-11-27
Mavenlink,Open/Unvalidated Redirect Issue,hackerone.com/reports/77221,2,0.0,Open Redirect,2015-08-06
WordPoints,Weak Cryptographic Hash,hackerone.com/reports/77231,3,0.0,Violation of Secure Design Principles,2015-07-23
MapLogin,Account creation code bypass,hackerone.com/reports/77330,5,0.0,Improper Authentication - Generic,2015-07-25
ok.ru,http://217.20.144.201 privilege escalation in apache tomcat SessionEample-script,hackerone.com/reports/77679,9,0.0,Privilege Escalation,2016-08-29
Shopify,TCP Source Port Pass Firewall,hackerone.com/reports/77802,6,0.0,Improper Authentication - Generic,2015-08-11
ok.ru,SSRF/XSPA в форме загрузки видео по URL,hackerone.com/reports/77817,2,0.0,Uncontrolled Resource Consumption,2016-02-17
ok.ru,cross siite scripting in the blog ,hackerone.com/reports/77904,7,0.0,Cross-site Scripting (XSS) - Generic,2017-04-17
ok.ru,Cross site scripting On api Calculator API requests,hackerone.com/reports/78003,3,0.0,Cross-site Scripting (XSS) - Generic,2016-02-17
ok.ru,xss in group,hackerone.com/reports/78052,6,0.0,Cross-site Scripting (XSS) - Generic,2016-07-10
Internet Bug Bounty,Wrong Handling of Content-Type allows Flash injection and Rosseta flash patch bypass,hackerone.com/reports/78158,1,3000.0,Cross-site Scripting (XSS) - Generic,2019-11-12
ok.ru,"Покупка песни дешевле, чем она стоит.",hackerone.com/reports/78219,3,0.0,,2016-04-29
ok.ru,"Покупка=>скачка песен, которые не предназначены для продажи",hackerone.com/reports/78253,7,0.0,,2017-03-20
ok.ru,Stored XSS в имени песни (2) на платёжном гейте.,hackerone.com/reports/78260,5,0.0,Cross-site Scripting (XSS) - Generic,2017-03-20
ok.ru,"(URGENT!) Покупка OK дешевле, чем он стоит",hackerone.com/reports/78436,5,0.0,Violation of Secure Design Principles,2016-04-29
ok.ru,Доступ к чужим приватным фотографиям (3) через обложку видео,hackerone.com/reports/78516,3,0.0,Privilege Escalation,2016-04-29
Flox,Email spoofing configuration missing,hackerone.com/reports/78685,1,0.0,Violation of Secure Design Principles,2015-07-27
Udemy,information disclosure,hackerone.com/reports/78765,1,0.0,Information Disclosure,2016-02-07
ok.ru,Critical : Access to group videos where videos are restricted for all users(Broken authentication ),hackerone.com/reports/78781,9,0.0,Improper Authentication - Generic,2016-08-01
ok.ru,Доступ к чужим групповым беседам.,hackerone.com/reports/79046,3,0.0,Privilege Escalation,2016-04-29
Flox,Content spoofing through Referel header,hackerone.com/reports/79185,3,0.0,Violation of Secure Design Principles,2015-08-29
Slack,OSX slack:// protocol handler javascript injection,hackerone.com/reports/79348,72,0.0,Command Injection - Generic,2016-06-24
Gratipay,[gratipay.com] CRLF Injection,hackerone.com/reports/79552,6,40.0,,2015-08-20
HackerOne,Information leakage - Private reports cached by Google ,hackerone.com/reports/80118,8,0.0,Information Disclosure,2018-07-23
VK.com,Внедрение произвольного javascript-сценария в функционале просмотра изображений мобильной версии сайта,hackerone.com/reports/80298,7,0.0,Cross-site Scripting (XSS) - Generic,2015-10-30
Coinbase,Runtime manipulation iOS app breaking the PIN,hackerone.com/reports/80512,1,0.0,Violation of Secure Design Principles,2016-11-16
HackerOne,Number of invited researchers disclosed as part of JSON search response,hackerone.com/reports/80597,4,0.0,Information Disclosure,2015-08-05
Urban Dictionary,Reflective Xss Vulnerability ,hackerone.com/reports/80694,4,0.0,Cross-site Scripting (XSS) - Generic,2015-09-16
Gratipay,Authentication errors in server side validaton of E-MAIL,hackerone.com/reports/80883,3,0.0,Improper Authentication - Generic,2015-08-10
HackerOne,Private Program and bounty details disclosed as part of JSON search response,hackerone.com/reports/80936,4,500.0,Improper Authentication - Generic,2015-08-31
Ubiquiti Inc.,JetBrains .idea project directory,hackerone.com/reports/80990,20,0.0,Violation of Secure Design Principles,2019-09-19
HackerOne,Internal bounty and swag details disclosed as part of JSON response,hackerone.com/reports/81083,3,500.0,Information Disclosure,2016-04-25
Informatica,[now.informatica.com] Reflective Xss,hackerone.com/reports/81191,6,0.0,Cross-site Scripting (XSS) - Generic,2016-05-19
Ruby on Rails,Potential XSS on sanitize/Rails::Html::WhiteListSanitizer,hackerone.com/reports/81212,5,0.0,Cross-site Scripting (XSS) - Generic,2016-03-13
Ruby on Rails,[Rails42] We can inject HTML tags when server is using strip_tags method,hackerone.com/reports/81396,3,0.0,Cross-site Scripting (XSS) - Generic,2016-03-13
Shopify,XSS https://delivery.shopifyapps.com/  (Digital Downloads App  in myshopify.com),hackerone.com/reports/81441,3,0.0,Cross-site Scripting (XSS) - Generic,2015-08-24
Gratipay,"Possible SQL injection on ""Jump to twitter""",hackerone.com/reports/81701,2,0.0,SQL Injection,2016-03-21
Automattic,XSS in WordPress ,hackerone.com/reports/81736,4,0.0,Cross-site Scripting (XSS) - Generic,2015-10-16
Shopify,Reflected XSS in chat.,hackerone.com/reports/81757,4,0.0,Cross-site Scripting (XSS) - Generic,2015-09-02
ownCloud,owncloud.com: DOM Based XSS,hackerone.com/reports/83178,2,0.0,Cross-site Scripting (XSS) - Generic,2015-10-11
ownCloud,owncloud.com: Allowed an attacker to force a user to change profile details. (XCSRF),hackerone.com/reports/83239,1,0.0,Cross-Site Request Forgery (CSRF),2015-09-11
ownCloud,owncloud.com: Content Sniffing not disabled,hackerone.com/reports/83251,3,0.0,Violation of Secure Design Principles,2015-11-12
ownCloud,owncloud.com: Cross Site Tracing,hackerone.com/reports/83373,2,0.0,Cross-site Scripting (XSS) - Generic,2015-10-11
ownCloud,apps.owncloud.com: XSS via referrer,hackerone.com/reports/83374,5,0.0,Cross-site Scripting (XSS) - Generic,2015-10-11
ownCloud,apps.owncloud.com: Multiple reflected XSS by insecure URL generation (IE only),hackerone.com/reports/83381,1,0.0,Cross-site Scripting (XSS) - Generic,2016-03-10
ownCloud,owncloud.com: PermError SPF Permanent Error: Too many DNS lookups,hackerone.com/reports/83578,1,0.0,Violation of Secure Design Principles,2015-10-11
Khan Academy,Html injection on khanacademy,hackerone.com/reports/83604,5,0.0,Command Injection - Generic,2015-12-14
ownCloud,apps.owncloud.com: Session Cookie in URL can be captured by hackers,hackerone.com/reports/83667,3,0.0,Improper Authentication - Generic,2015-10-31
ownCloud,apps.owncloud.com: SSL Session cookie without secure flag set,hackerone.com/reports/83710,3,0.0,Improper Authentication - Generic,2015-09-15
ownCloud,apps.owncloud.com: Path Disclosure,hackerone.com/reports/83801,2,0.0,Information Disclosure,2015-09-11
ownCloud,apps.owncloud.com: SSL Server Allows Anonymous Authentication Vulnerability (SMTP),hackerone.com/reports/83803,4,0.0,Memory Corruption - Generic,2015-09-11
ownCloud,demo.owncloud.org: Web Server HTTP Trace/Track Method Support Cross-Site Tracing Vulnerability,hackerone.com/reports/83837,2,0.0,Cross-site Scripting (XSS) - Generic,2015-09-11
ownCloud,s2.owncloud.com: Web Server HTTP Trace/Track Method Support Cross-Site Tracing Vulnerability,hackerone.com/reports/83855,1,0.0,Cross-site Scripting (XSS) - Generic,2016-02-05
ownCloud,s2.owncloud.com: SSL Session cookie without secure flag set,hackerone.com/reports/83856,1,0.0,Information Disclosure,2016-01-27
Ruby on Rails,DoS Attack in Controller Lookup Code,hackerone.com/reports/83962,3,0.0,Uncontrolled Resource Consumption,2016-03-13
ownCloud,test1.owncloud.com: Web Server HTTP Trace/Track Method Support Cross-Site Tracing Vulnerability,hackerone.com/reports/83971,2,0.0,Improper Authentication - Generic,2016-02-01
ownCloud,*.owncloud.com / *.owncloud.org: Using not strong enough SSL ciphers,hackerone.com/reports/84078,1,0.0,Violation of Secure Design Principles,2016-02-05
ownCloud,daily.owncloud.com: Information disclosure,hackerone.com/reports/84085,1,0.0,Privilege Escalation,2015-09-11
ownCloud,demo.owncloud.org: HTTP compression is enabled potentially leading to BREACH attack,hackerone.com/reports/84105,2,0.0,Cryptographic Issues - Generic,2015-10-09
Gratipay,"DKIM records not present, Email Hijacking is possible",hackerone.com/reports/84287,2,0.0,Improper Authentication - Generic,2015-09-23
ownCloud,apps.owncloud.com: Stored XSS in profile page,hackerone.com/reports/84371,3,0.0,Cross-site Scripting (XSS) - Generic,2015-10-11
ownCloud,owncloud.com: Account Compromise Through CSRF,hackerone.com/reports/84372,2,0.0,Cross-Site Request Forgery (CSRF),2016-03-11
ownCloud,apps.owncloud.com: Malicious file upload leads to remote code execution,hackerone.com/reports/84374,9,0.0,Code Injection,2015-09-01
ownCloud,CSRF in apps.owncloud.com,hackerone.com/reports/84395,3,0.0,Cross-Site Request Forgery (CSRF),2016-03-10
ownCloud,Lack of HSTS on https://apps.owncloud.com,hackerone.com/reports/84453,3,0.0,Cryptographic Issues - Generic,2016-03-10
ownCloud,owncloud.com: Outdated plugins contains public exploits  ,hackerone.com/reports/84581,2,0.0,Violation of Secure Design Principles,2015-10-11
X / xAI,XSS and cache poisoning via upload.twitter.com on ton.twitter.com,hackerone.com/reports/84601,198,0.0,Cross-site Scripting (XSS) - Generic,2019-05-01
Gratipay,Stored XSS On Statement,hackerone.com/reports/84740,8,0.0,Cross-site Scripting (XSS) - Generic,2015-09-03
ownCloud,Config,hackerone.com/reports/84797,2,0.0,Violation of Secure Design Principles,2015-10-11
Phabricator,Dashboard panel embedded onto itself causes a denial of service,hackerone.com/reports/85011,1,0.0,Uncontrolled Resource Consumption,2015-08-27
ownCloud,Full Path Disclosure ,hackerone.com/reports/85201,2,0.0,Information Disclosure,2016-01-06
Shopify,XSS https://www.shopify.com/signup,hackerone.com/reports/85291,2,500.0,Cross-site Scripting (XSS) - Generic,2015-08-31
Vimeo,Stored XSS on player.vimeo.com,hackerone.com/reports/85488,11,0.0,Cross-site Scripting (XSS) - Generic,2017-08-31
ownCloud,apps.owncloud.com: Edit Question didn't check ACLs,hackerone.com/reports/85532,3,0.0,Privilege Escalation,2015-09-11
ownCloud,apps.owncloud.com: Mixed Active Scripting Issue ,hackerone.com/reports/85541,1,0.0,Information Disclosure,2015-10-11
ownCloud,Password appears in user name field,hackerone.com/reports/85559,3,0.0,Violation of Secure Design Principles,2015-09-11
ownCloud,apps.owncloud.com: CSRF change privacy settings,hackerone.com/reports/85565,1,0.0,Cross-Site Request Forgery (CSRF),2016-03-11
ownCloud,apps.owncloud.com: Potential XSS,hackerone.com/reports/85577,3,0.0,Cross-site Scripting (XSS) - Generic,2015-11-04
Vimeo,Reflected XSS on vimeo.com/musicstore,hackerone.com/reports/85615,6,0.0,Cross-site Scripting (XSS) - Generic,2017-08-31
X / xAI,Highly wormable clickjacking in player card,hackerone.com/reports/85624,134,0.0,UI Redressing (Clickjacking),2018-05-17
Enter,IDOR on remoing Share,hackerone.com/reports/85720,6,250.0,Violation of Secure Design Principles,2015-11-27
Phabricator,Multiple so called  'type juggling' attacks. Most notably PhabricatorUser::validateCSRFToken() is 'bypassable' in certain cases.,hackerone.com/reports/86022,2,0.0,Cross-Site Request Forgery (CSRF),2015-10-01
HackerOne,Weak HSTS age in support hackerone site,hackerone.com/reports/86067,3,0.0,Violation of Secure Design Principles,2015-09-18
X / xAI,XSS on OAuth authorize/authenticate endpoint,hackerone.com/reports/87040,23,0.0,Cross-site Scripting (XSS) - Generic,2015-11-20
Shopify,www.shopify.com XSS on blog pages via sharing buttons,hackerone.com/reports/87168,2,500.0,Cross-site Scripting (XSS) - Generic,2015-10-21
ownCloud,Full Path Disclosure ,hackerone.com/reports/87505,1,0.0,Information Disclosure,2016-01-06
Gratipay,Mail spaming,hackerone.com/reports/87531,3,20.0,Violation of Secure Design Principles,2016-01-06
Coinbase,OAUTH pemission set as true= lead to authorize malicious application,hackerone.com/reports/87561,5,100.0,Improper Authentication - Generic,2015-12-01
Vimeo,Stored XSS on vimeo.com and player.vimeo.com,hackerone.com/reports/87577,4,0.0,Cross-site Scripting (XSS) - Generic,2015-11-30
Udemy,XSS Vulnerability,hackerone.com/reports/87588,3,0.0,Cross-site Scripting (XSS) - Generic,2015-11-09
ownCloud,gallery_plus: Content Spoofing ,hackerone.com/reports/87752,2,0.0,Violation of Secure Design Principles,2015-09-11
ownCloud,Webview Vulnerablity [OwnCloudAndroid Application] ,hackerone.com/reports/87835,5,0.0,Cross-site Scripting (XSS) - Generic,2015-10-11
Vimeo,XSS on vimeo.com/home after other user follows you,hackerone.com/reports/87854,19,0.0,Cross-site Scripting (XSS) - Generic,2017-08-31
Vimeo,"XSS on mobile version of vimeo.com where the button ""Follow"" appears",hackerone.com/reports/88088,7,0.0,Cross-site Scripting (XSS) - Generic,2017-08-31
Vimeo,"XSS on vimeo.com | ""Search within these results"" feature (requires user interaction)",hackerone.com/reports/88105,8,0.0,Cross-site Scripting (XSS) - Generic,2017-08-31
Phabricator,Information leakage through Graphviz blocks,hackerone.com/reports/88395,1,0.0,Information Disclosure,2015-09-13
Vimeo,XSS when using captions/subtitles on video player based on Flash (requires user interaction),hackerone.com/reports/88508,8,0.0,Cross-site Scripting (XSS) - Generic,2017-08-31
X / xAI,Multiple DOMXSS on Amplify Web Player,hackerone.com/reports/88719,66,0.0,Cross-site Scripting (XSS) - Generic,2017-04-15
ownCloud,Apache Range Header Denial of Service Attack (Confirmed PoC),hackerone.com/reports/88904,3,0.0,Uncontrolled Resource Consumption,2016-01-01
ownCloud,owncloud.com: CVE-2015-5477 BIND9 TKEY Vulnerability + Exploit (Denial of Service),hackerone.com/reports/89097,1,0.0,Uncontrolled Resource Consumption,2015-09-16
BitHunt,No rate limit or captcha to identify humans,hackerone.com/reports/89178,2,0.0,Violation of Secure Design Principles,2016-06-01
Slack,Self-XSS in posts by formatting text as code,hackerone.com/reports/89505,2,0.0,Cross-site Scripting (XSS) - Generic,2015-11-10
VK.com,"CSRF в получении резервных токенов+framing , приводящие к компроментации 2fa",hackerone.com/reports/90165,12,500.0,Cross-Site Request Forgery (CSRF),2017-05-31
X / xAI,Tweetdeck (twitter owned app) not revoked,hackerone.com/reports/90172,5,0.0,Improper Authentication - Generic,2016-04-29
Coinbase,User email enumuration using Gmail,hackerone.com/reports/90308,6,100.0,Information Disclosure,2015-12-23
ownCloud,Apache documentation,hackerone.com/reports/90321,1,0.0,Information Disclosure,2016-01-04
HackerOne,"Minor Bug: Public un-compiled CSS with original sass, versioning, source map, comments, etc.",hackerone.com/reports/90367,5,0.0,Information Disclosure,2015-09-25
Zaption,CSV Excel Macro Injection in Export Response,hackerone.com/reports/90415,3,0.0,Command Injection - Generic,2015-10-01
Ruby on Rails,"Nested attributes reject_if proc can be circumvented by providing ""_destroy"" parameter",hackerone.com/reports/90457,9,0.0,,2016-02-12
ownCloud,[s3.owncloud.com] Web Server HTTP Trace/Track Method Support ,hackerone.com/reports/90601,2,0.0,Violation of Secure Design Principles,2015-09-28
ownCloud,No email verification during registration,hackerone.com/reports/90643,5,0.0,Improper Authentication - Generic,2015-09-28
Shopify,Privilege escalation vulnerability,hackerone.com/reports/90671,3,0.0,Uncontrolled Resource Consumption,2015-10-14
Shopify,create staff member without owner access,hackerone.com/reports/90688,5,1000.0,Improper Authentication - Generic,2016-02-29
Shopify,change Login Services settings without owner access,hackerone.com/reports/90690,4,1000.0,Improper Authentication - Generic,2015-10-14
Gratipay,implement a cross-domain policy for Adobe products,hackerone.com/reports/90778,3,0.0,Violation of Secure Design Principles,2016-06-17
Gratipay,change bank account numbers,hackerone.com/reports/90805,13,0.0,Information Disclosure,2017-06-12
Shopify,Passwords Returned in Later Responses.,hackerone.com/reports/90862,3,0.0,Violation of Secure Design Principles,2015-09-30
IRCCloud,Inadequate input validation on API endpoint leading to self denial of service and increased system load.,hackerone.com/reports/90912,3,500.0,Uncontrolled Resource Consumption,2015-10-12
ownCloud,owncloud.com: WP Super Cache plugin is outdated,hackerone.com/reports/90980,2,0.0,Cross-site Scripting (XSS) - Generic,2015-10-30
Imgur,Open Url redirection on login with facebook,hackerone.com/reports/91332,3,0.0,Cryptographic Issues - Generic,2015-12-09
Imgur,Information disclosure (No rate limting in forgot password & other login),hackerone.com/reports/91343,30,0.0,Information Disclosure,2018-04-14
Imgur,"""Sign me out everywhere"" does not work for desktop sessions",hackerone.com/reports/91350,2,0.0,Cryptographic Issues - Generic,2015-12-23
Imgur,Content Sniffing not enabled,hackerone.com/reports/91366,1,0.0,Cryptographic Issues - Generic,2015-12-09
Imgur,Reflected Flash XSS using swfupload.swf with an epileptic reloading to bypass the button-event,hackerone.com/reports/91421,16,0.0,Cross-site Scripting (XSS) - Generic,2016-07-28
Automattic,WooCommerce: Support Ticket indirect object reference,hackerone.com/reports/91599,16,0.0,Cross-Site Request Forgery (CSRF),2016-09-02
Imgur,Crossdomain.xml settings on api.imgur.com too open,hackerone.com/reports/91604,2,0.0,Memory Corruption - Generic,2015-12-09
Imgur,Server Side Request Forgery In Video to GIF Functionality,hackerone.com/reports/91816,8,0.0,Cross-Site Request Forgery (CSRF),2016-03-22
ownCloud,Self-XSS in mails sent by hello@owncloud.com,hackerone.com/reports/92111,3,0.0,Violation of Secure Design Principles,2016-02-06
VK.com,Уязвимость дает возможность смотреть кто лайкал приватным фото или видео ,hackerone.com/reports/92113,17,100.0,Cross-Site Request Forgery (CSRF),2018-06-24
Uber,Issue with Password reset functionality,hackerone.com/reports/92251,5,100.0,Improper Authentication - Generic,2016-05-23
VK.com,Недочет в поиске по хештегам,hackerone.com/reports/92271,8,0.0,Cryptographic Issues - Generic,2018-03-04
Shopify,customers password hash leak!!!!,hackerone.com/reports/92344,4,500.0,Improper Authentication - Generic,2015-10-05
Automattic,CSV Injection in polldaddy.com,hackerone.com/reports/92353,1,0.0,,2015-11-20
Shopify,unauthorized access to all customers first and last name ,hackerone.com/reports/92453,4,2500.0,Improper Authentication - Generic,2015-10-06
Bumble,Tokens from services like Facebook can be stolen,hackerone.com/reports/92472,7,0.0,,2016-06-03
Shopify,Accessing Payments page and adding payment methods with limited access accounts,hackerone.com/reports/92481,3,500.0,Privilege Escalation,2015-11-10
HackerOne,Content spoofing on invitations page ,hackerone.com/reports/92607,4,0.0,,2015-10-21
Shopify,The POS Firmware is leaking the root Password which can be used for unauthorized access to the device.,hackerone.com/reports/92633,3,0.0,,2015-10-09
ownCloud,apps.owncloud.com: Referer protection Bypassed,hackerone.com/reports/92644,3,0.0,Improper Authentication - Generic,2016-01-02
HackerOne,HackerOne Private Programs users disclosure and de-anonymous-ize,hackerone.com/reports/92716,4,0.0,Information Disclosure,2015-12-08
Coinbase,SPF records not found,hackerone.com/reports/92740,1,0.0,Violation of Secure Design Principles,2015-10-14
Shopify,unauthorized access to all collections name,hackerone.com/reports/93004,2,2000.0,Privilege Escalation,2015-10-14
VK.com,Способ узнать имя человека и ВУЗ удаленной страницы,hackerone.com/reports/93020,3,0.0,Privilege Escalation,2016-10-17
Imgur,Csrf near report abuse meme ,hackerone.com/reports/93154,1,0.0,Cross-Site Request Forgery (CSRF),2015-12-09
Gratipay,"SPF Protection not used, I can hijack your email server",hackerone.com/reports/93157,2,0.0,Cryptographic Issues - Generic,2017-08-08
Shopify,First & Last Name Disclosure of any Shopify Store Admin,hackerone.com/reports/93294,3,0.0,Privilege Escalation,2015-11-09
Shopify,Unauthenticated access to details of hidden products in any shop via title emuneration,hackerone.com/reports/93394,3,1000.0,Improper Authentication - Generic,2015-10-23
Internet Bug Bounty,pngcrush double-free/segfault could result in DoS (CVE-2015-7700),hackerone.com/reports/93546,4,0.0,Uncontrolled Resource Consumption,2019-10-04
Adobe,Reflected XSS via. search,hackerone.com/reports/93550,6,0.0,Cross-site Scripting (XSS) - Generic,2016-04-13
Shopify,get users information without full access,hackerone.com/reports/93616,5,500.0,Privilege Escalation,2015-11-04
Shopify,Missing authorization check on dashboard overviews,hackerone.com/reports/93680,4,500.0,Privilege Escalation,2015-11-10
Shopify,Arbitrary write on s3://shopify-delivery-app-storage/files,hackerone.com/reports/93691,5,2000.0,Improper Authentication - Generic,2015-10-15
FanFootage,XSS by image file name,hackerone.com/reports/93807,7,0.0,Cross-site Scripting (XSS) - Generic,2015-12-09
Shopify,Bypassing password requirement during deletion of accout,hackerone.com/reports/93901,3,0.0,Improper Authentication - Generic,2015-11-03
Shopify,"Unauthorized access to all collections, products, pages from other stores",hackerone.com/reports/93921,6,2500.0,Improper Authentication - Generic,2015-10-20
Shopify,Arbitrary read on s3://shopify-delivery-app-storage/files,hackerone.com/reports/94087,3,1500.0,Improper Authentication - Generic,2015-10-20
HackerOne,Minimum bounty of a private program is visible for users that were removed from the program,hackerone.com/reports/94336,5,0.0,Information Disclosure,2015-10-21
Shopify,Some S3 Buckets are world readable (and one is world writeable),hackerone.com/reports/94502,4,500.0,Improper Authentication - Generic,2015-10-24
Ruby on Rails,http_basic_authenticate_with is suseptible to timing attacks.,hackerone.com/reports/94568,7,0.0,Improper Authentication - Generic,2016-03-13
Whisper,Host Header Injection/Redirection,hackerone.com/reports/94637,7,30.0,Open Redirect,2016-01-06
Whisper,SMS Invite Form Abuse,hackerone.com/reports/94642,8,30.0,Uncontrolled Resource Consumption,2017-03-21
Shopify,Paid account can review\download any invoice of any other shop,hackerone.com/reports/94899,5,0.0,Improper Authentication - Generic,2015-10-22
Coinbase,Balance Manipulation - BUG,hackerone.com/reports/94925,2,0.0,,2016-02-26
Shopify,Reflected XSS in cart at hardware.shopify.com,hackerone.com/reports/95089,10,500.0,Cross-site Scripting (XSS) - Generic,2015-12-22
X / xAI,"XSS in the ""Poll"" Feature on Twitter.com",hackerone.com/reports/95231,6,0.0,Cross-site Scripting (XSS) - Generic,2016-08-12
X / xAI,Following a User Actually Follows Another User,hackerone.com/reports/95243,1,280.0,Open Redirect,2015-12-02
Shopify,Unauthorized access to any Store Admin's First & Last name,hackerone.com/reports/95441,4,0.0,Improper Authentication - Generic,2015-11-07
X / xAI,IDOR- Activate Mopub on different organizations- steal api token- Fabric.io,hackerone.com/reports/95552,17,0.0,Improper Authentication - Generic,2016-01-25
X / xAI,CSRF on cards API,hackerone.com/reports/95555,41,0.0,Cross-Site Request Forgery (CSRF),2017-04-11
Imgur,Persistent XSS in image title,hackerone.com/reports/95564,4,0.0,Cross-site Scripting (XSS) - Generic,2016-03-31
Shopify,Privilege escalation and circumvention of permission to limited access user,hackerone.com/reports/95589,6,0.0,Improper Authentication - Generic,2015-11-11
Deriv.com,Cross Site Scripting,hackerone.com/reports/95599,5,50.0,Cross-site Scripting (XSS) - Generic,2015-11-13
Udemy,Reflected XSS and/or malicious redirection via JWPlayer 6 configuration modification,hackerone.com/reports/95640,2,0.0,Cross-site Scripting (XSS) - Generic,2016-02-24
Deriv.com,Http Response Splitting - Validate link,hackerone.com/reports/95981,11,75.0,,2015-11-15
Shopify,Domain takoever - https://sellocdn.com,hackerone.com/reports/96007,4,0.0,Improper Authentication - Generic,2015-11-03
Revive Adserver,Login page password-guessing attack,hackerone.com/reports/96115,46,0.0,Violation of Secure Design Principles,2024-04-19
withinsecurity,Uses unsafe-inline without nonce ,hackerone.com/reports/96218,1,0.0,Cryptographic Issues - Generic,2015-10-28
Vimeo,XSS on player.vimeo.com without user interaction and vimeo.com with user interaction,hackerone.com/reports/96229,6,0.0,Cross-site Scripting (XSS) - Generic,2017-08-31
withinsecurity,DDOS using xmlrpc.php,hackerone.com/reports/96294,7,0.0,Uncontrolled Resource Consumption,2015-10-29
Slack,"Stored XSS in Slack (weird, trial and error)",hackerone.com/reports/96337,4,0.0,Cross-site Scripting (XSS) - Generic,2015-11-10
Imgur,Persistent XSS in https://p.imgur.com/albumview.gif and http://p.imgur.com/imageview.gif / post statistics,hackerone.com/reports/96467,1,0.0,Cross-site Scripting (XSS) - Generic,2015-12-09
Shopify,Missing of csrf protection ,hackerone.com/reports/96470,9,500.0,Cross-Site Request Forgery (CSRF),2015-12-07
Snapchat,Password Reset - query param overrides postdata,hackerone.com/reports/96636,12,1500.0,Privilege Escalation,2015-12-24
Bumble,"crossdomain.xml too permissive on eu1.badoo.com, us1.badoo.com, etc.",hackerone.com/reports/96662,16,0.0,Violation of Secure Design Principles,2017-08-31
Shopify,Staff members with no permission to  access domains can access them.,hackerone.com/reports/96855,5,0.0,Improper Authentication - Generic,2015-11-03
Shopify,A 'Full access' administrator is able to see the shop owners user details,hackerone.com/reports/96890,3,500.0,Privilege Escalation,2015-11-10
Shopify,An administrator without the 'Settings' permission is able to see payment gateways,hackerone.com/reports/96908,5,500.0,Improper Authentication - Generic,2015-11-18
HackerOne,HTTP header injection in info.hackerone.com allows setting cookies for hackerone.com,hackerone.com/reports/97292,18,0.0,,2015-12-02
ok.ru,Multiple critical vulnerabilities in Odnoklassniki Android application,hackerone.com/reports/97295,16,0.0,,2016-07-26
HackerOne,Hackerone impersonation,hackerone.com/reports/97377,3,0.0,,2015-12-02
Shopify,"Staff members with no permission can access to the files, uploaded by the administrator",hackerone.com/reports/97452,7,500.0,Privilege Escalation,2016-07-07
Shopify,SVG parser loads external resources on image upload,hackerone.com/reports/97501,15,0.0,Cross-Site Request Forgery (CSRF),2016-06-02
X / xAI,Following a User After Favoriting Actually Follows Another User (related to #95243),hackerone.com/reports/97510,1,280.0,UI Redressing (Clickjacking),2015-12-02
Shopify,List of devices is accessible regardless of the account limitations,hackerone.com/reports/97535,3,500.0,Information Disclosure,2015-11-10
Deriv.com,User Enumeration : Due to rate limiting on registration,hackerone.com/reports/97609,5,0.0,Information Disclosure,2015-11-05
Slack,File upload XSS (Java applet) on http://slackatwork.com/,hackerone.com/reports/97657,1,200.0,Command Injection - Generic,2015-11-11
X / xAI,File Upload XSS in image uploading of App in mopub,hackerone.com/reports/97672,24,0.0,Cross-site Scripting (XSS) - Generic,2016-08-25
Slack,Reflected Self-XSS in Slack,hackerone.com/reports/97683,2,0.0,Cross-site Scripting (XSS) - Generic,2015-11-10
Imgur,XSS m.imgur.com,hackerone.com/reports/97938,3,0.0,Cross-site Scripting (XSS) - Generic,2016-01-21
HackerOne,Cross-domain AJAX request,hackerone.com/reports/97948,6,0.0,Open Redirect,2015-11-14
Algolia,Stored XSS on https://www.algolia.com/realtime-search-demo/*,hackerone.com/reports/98012,2,0.0,Cross-site Scripting (XSS) - Generic,2016-02-03
Shopify,Non-owner user can remove online store channel and re-add it.,hackerone.com/reports/98151,4,0.0,Improper Authentication - Generic,2015-12-03
Deriv.com,login to any user's cashier account and full account information disclosure,hackerone.com/reports/98247,27,0.0,Improper Authentication - Generic,2015-11-14
Shopify,'Limited' RCE in certain places where Liquid is accepted,hackerone.com/reports/98259,6,1500.0,Code Injection,2015-11-10
HackerOne,Pre-generation of 2FA secret/backup codes seems like an unnecessary risk,hackerone.com/reports/100509,15,1000.0,,2015-12-02
Slack,Executing scripts on slack-files.com using SVG,hackerone.com/reports/100565,4,0.0,Cross-site Scripting (XSS) - Generic,2016-02-18
Shopify,CSV Excel Macro Injection Vulnerability in export list of current users - app.shopify.com,hackerone.com/reports/100667,4,0.0,Command Injection - Generic,2015-12-01
X / xAI,Add tweet to collection CSRF ,hackerone.com/reports/100820,12,0.0,Cross-Site Request Forgery (CSRF),2016-08-22
Coinbase,Stored-XSS in https://www.coinbase.com/,hackerone.com/reports/100829,13,0.0,Cross-site Scripting (XSS) - Generic,2015-12-07
X / xAI,URGENT : NICHE.co Account Take Over Vulnerability,hackerone.com/reports/100849,7,560.0,Cross-Site Request Forgery (CSRF),2015-12-21
Imgur,Imgur dev environments facing the Internet,hackerone.com/reports/100916,4,0.0,Information Disclosure,2016-01-08
Yelp,Access to internal CMS containing private Data,hackerone.com/reports/100926,81,0.0,Improper Authentication - Generic,2016-10-07
X / xAI,xss in link items (mopub.com),hackerone.com/reports/100931,14,560.0,Cross-site Scripting (XSS) - Generic,2016-07-05
Shopify,An administrator without any permission is able to get order notifications using his APNS Token.,hackerone.com/reports/100938,10,500.0,Improper Authentication - Generic,2015-12-14
Shopify,"Cookie securing your ""Opening soon"" store is not secured against XSS",hackerone.com/reports/100956,2,0.0,Violation of Secure Design Principles,2015-12-01
X / xAI,Subdomain Expired,hackerone.com/reports/101104,3,0.0,Improper Authentication - Generic,2016-01-15
Automattic,Remove anyone's pic gravtar,hackerone.com/reports/101145,4,0.0,Improper Authentication - Generic,2016-06-05
