,40010,40015,40020,40025,40030,40035,40040,40045,40050,40055,40060,40065,40070,40075,40080,40085,40090,40092,40095,40100,40105,40110,40115,40120,40125,40130,40135,40140,40145,40150,41010,41015,41020,41025,41030,41035,41040,41045,41050,41055,41060,41065,41070,41075,41080,41085,41090,41095,41100,41105,41110,41115,41120,41125,41130,41135,41140,41145,41150,41155,41160,
2010-08-03 10:43,831.58620689655,213.62068965517,819.65517241379,244.03448275862,237,154.37931034483,730.27586206897,1083.724137931,520.89655172414,194.55172413793,799.8275862069,236.03448275862,1597.275862069,193.86206896552,333.51724137931,201.44827586207,415.20689655172,571.44827586207,195.37931034483,199.24137931034,270.27586206897,179.93103448276,1161.1724137931,1174.724137931,141.06896551724,2123.6896551724,141.79310344828,1056.4482758621,201.13793103448,647.86206896552,643.10344827586,205.72413793103,1001.4137931034,155.1724137931,1901.5517241379,427.34482758621,1085.2068965517,1189.3448275862,181.27586206897,267.27586206897,193.06896551724,382.72413793103,199.06896551724,605.62068965517,533.37931034483,183.20689655172,1388.9310344828,222.03448275862,244.20689655172,648,401.79310344828,183.13793103448,381.24137931034,1112.8275862069,484.93103448276,448.89655172414,205.51724137931,272.27586206897,790.44827586207,229.03448275862,861.75862068966
2010-08-03 10:58,833.93103448276,214.1724137931,810.68965517241,250,245.27586206897,154.06896551724,728.62068965517,1080.5517241379,519.03448275862,193.62068965517,813.72413793103,235.48275862069,1592.8620689655,193.03448275862,332.86206896552,201.37931034483,413.68965517241,569.8275862069,194.27586206897,199.68965517241,270.24137931034,180.13793103448,1150,1179.5172413793,140.89655172414,2121.724137931,141.51724137931,1055.6551724138,201.79310344828,651.48275862069,639.06896551724,206.03448275862,1002.6551724138,154.96551724138,1903.3793103448,428.1724137931,1086.4482758621,1172.3448275862,181.1724137931,267.55172413793,193.03448275862,380.1724137931,198.06896551724,602.27586206897,532.1724137931,183.37931034483,1341.7586206897,211.10344827586,232.10344827586,619.55172413793,412.62068965517,174.37931034483,346.10344827586,1057.4827586207,484,444.20689655172,208.1724137931,273.27586206897,780.31034482759,224.89655172414,837.51724137931
2010-08-03 11:13,829.51724137931,213.68965517241,808.8275862069,244.72413793103,237.96551724138,152.89655172414,725.20689655172,1080.9655172414,518.55172413793,194.44827586207,806.06896551724,235.03448275862,1591.5517241379,192.41379310345,331.1724137931,200.41379310345,416.44827586207,570.41379310345,195.41379310345,198.75862068966,270.34482758621,179.62068965517,1147.4827586207,1182.4137931034,141.10344827586,2124.0689655172,142.37931034483,1055.3103448276,201.75862068966,650.31034482759,664.96551724138,206.68965517241,1006,155.20689655172,1903.9655172414,427.89655172414,1086.6206896552,1173.1034482759,181.03448275862,267.10344827586,193,378.89655172414,198.48275862069,604.31034482759,532.1724137931,182.65517241379,1337.5862068966,211.51724137931,231.24137931034,621.37931034483,410.31034482759,165.31034482759,330.44827586207,1014.8965517241,466.37931034483,447.79310344828,207.86206896552,274.24137931034,786.1724137931,223.65517241379,836.58620689655
2010-08-03 11:28,836.86206896552,213.06896551724,807.34482758621,251.72413793103,236.93103448276,152.79310344828,726.55172413793,1080,517.10344827586,191.86206896552,791.44827586207,232.89655172414,1584.6551724138,191.8275862069,328.93103448276,200.41379310345,414.48275862069,569.27586206897,196.72413793103,199.10344827586,270.37931034483,179.65517241379,1147.6551724138,1181.5517241379,141.03448275862,2122.5172413793,141.93103448276,1058.3103448276,201.86206896552,651,701.1724137931,206.24137931034,1006.3103448276,155.20689655172,1900.1034482759,428.65517241379,1088.6896551724,1183.2068965517,180.96551724138,267.03448275862,193,381.34482758621,200.27586206897,603.68965517241,530.68965517241,182.89655172414,1340.3103448276,210.8275862069,231.1724137931,619.06896551724,376.41379310345,164.34482758621,329.10344827586,1015.0344827586,472.58620689655,444.93103448276,204.37931034483,278.44827586207,777.68965517241,239,800.41379310345
2010-08-03 11:58,821.93103448276,210.44827586207,798.96551724138,241.93103448276,235.24137931034,151.68965517241,721.58620689655,1078.6206896552,516.72413793103,191.51724137931,794.89655172414,235.55172413793,1588.5517241379,191.37931034483,331.93103448276,200.93103448276,414.34482758621,570.79310344828,197.58620689655,199.37931034483,270.1724137931,180.37931034483,1147.5862068966,1177.7586206897,140.55172413793,2119.8275862069,142.10344827586,1056.9655172414,201.96551724138,646.65517241379,767.68965517241,205.96551724138,1002.8965517241,155.27586206897,1900.4482758621,429.10344827586,1086,1173.7586206897,180.93103448276,267.10344827586,193,379.03448275862,200.96551724138,605.72413793103,529.93103448276,182.03448275862,1332.9655172414,209.75862068966,230.34482758621,616.79310344828,376.27586206897,163.68965517241,329.13793103448,1008.1379310345,459.55172413793,441.65517241379,203,278.96551724138,768.44827586207,210,767
2010-08-03 12:28,820.68965517241,209.79310344828,800.58620689655,241.93103448276,234.06896551724,151.86206896552,721.27586206897,1079.0344827586,515.06896551724,191.58620689655,794.48275862069,232.8275862069,1589.5862068966,192.79310344828,337.41379310345,200.03448275862,412.86206896552,567.31034482759,193.96551724138,198.41379310345,268.72413793103,179.1724137931,1146.8965517241,1180.9655172414,140.62068965517,2118.3103448276,141.62068965517,1053.275862069,201.06896551724,647,637.65517241379,205.27586206897,1004.5172413793,154.96551724138,1902,428.68965517241,1090,1174.4137931034,181.06896551724,267.34482758621,194.58620689655,494,263.79310344828,624.03448275862,529.37931034483,182.27586206897,1340.3448275862,209.20689655172,230.06896551724,616.27586206897,376.20689655172,164,329,1002.4137931034,460.8275862069,442.89655172414,205.13793103448,266.24137931034,754.44827586207,207.27586206897,766.1724137931
2010-08-03 16:28,1756.0344827586,784.37931034483,2704.8620689655,599.86206896552,730.96551724138,392.37931034483,1863.8965517241,2152.6896551724,746.34482758621,263.06896551724,1143.3103448276,308.62068965517,1947.8275862069,234.93103448276,417.31034482759,229.03448275862,482.27586206897,634.62068965517,206.34482758621,202.51724137931,296.24137931034,234.8275862069,1344.724137931,1316.1724137931,141.37931034483,2236.7586206897,146.79310344828,1147.3793103448,204.31034482759,669.51724137931,637.03448275862,204.8275862069,998.06896551724,154.96551724138,1897.3448275862,429.03448275862,1109.275862069,1159.2413793103,181.20689655172,267.72413793103,193.20689655172,378.31034482759,197.51724137931,600.51724137931,531.62068965517,182.68965517241,1360.6896551724,216.8275862069,231.93103448276,617.72413793103,376.75862068966,164.41379310345,329.72413793103,1042.4137931034,485.41379310345,451.8275862069,207,275.24137931034,805.10344827586,212.93103448276,855.48275862069
2010-08-03 22:28,897.96153846154,213.92307692308,814.03846153846,249.11538461538,238.5,152.5,708.23076923077,1110.7692307692,658.76923076923,192.38461538462,791.11538461538,235,1566.3846153846,190.73076923077,327.84615384615,197.5,411.92307692308,565.65384615385,195.65384615385,200.03846153846,269.23076923077,179.65384615385,1234.2692307692,1175.3461538462,141.07692307692,2138.5,142.96153846154,1067.0384615385,203.80769230769,641.26923076923,641.07692307692,210.46153846154,1015.1153846154,157.34615384615,1921.8461538462,433.42307692308,1096.2692307692,1172.0769230769,183.80769230769,269.26923076923,193.69230769231,380.69230769231,196.73076923077,596.57692307692,521.92307692308,181.88461538462,1314.3076923077,207.76923076923,228.30769230769,618.07692307692,377.15384615385,164.92307692308,333.84615384615,974.42307692308,449.11538461538,435.46153846154,206.19230769231,266.07692307692,751.5,214.46153846154,774.11538461538
2010-08-04 04:28,747.25925925926,203.07407407407,755.25925925926,228,228.85185185185,143.62962962963,693.44444444444,1040,501.96296296296,190.2962962963,785.55555555556,231.66666666667,1545.2222222222,189.40740740741,326.14814814815,196.51851851852,413.2962962963,563.62962962963,193.48148148148,199.44444444444,271.48148148148,180.14814814815,1151.5925925926,1186.962962963,142.2962962963,2154.5555555556,146.03703703704,1088.1851851852,207.07407407407,651.66666666667,624.77777777778,206.2962962963,1002.4814814815,155.55555555556,1904.1481481481,429.37037037037,1082.5185185185,1154.7037037037,181,267.11111111111,193,373.25925925926,192.7037037037,592.33333333333,517.62962962963,181.18518518519,1298.2592592593,196.88888888889,222.77777777778,611.22222222222,376,164,329,935.55555555556,422.44444444444,413.22222222222,201.81481481481,247.62962962963,693.14814814815,199.11111111111,694.85185185185
2010-08-04 10:28,823.85714285714,211.17857142857,812.46428571429,240.71428571429,233.82142857143,155.10714285714,724.71428571429,1086.2857142857,523.5,195.5,799.03571428571,234.85714285714,1608.5357142857,195.42857142857,338.32142857143,205.5,420.39285714286,576.14285714286,197.10714285714,200.39285714286,270.39285714286,180.78571428571,1162.6428571429,1181.3214285714,143.75,2138.1071428571,142.71428571429,1063.3214285714,208.28571428571,655.92857142857,686.89285714286,205.60714285714,1006.5,166.03571428571,2161.8571428571,431.14285714286,1092.1428571429,1179.9642857143,181.39285714286,267.35714285714,193,382.85714285714,199,608.67857142857,536.78571428571,184.32142857143,1352.6071428571,215.32142857143,234.21428571429,678.78571428571,476.96428571429,201.32142857143,384.75,1152.0357142857,511.85714285714,455.57142857143,207.10714285714,274.96428571429,784.71428571429,221.78571428571,833
2010-08-06 19:10,913.64,251.44,1008.8,312.24,300.2,226.84,1051.4,1436.48,595.24,202.08,934.96,247.36,1640.24,199.64,344.4,206.84,420.56,579.28,200.88,202.28,272,180.48,1157.24,1176.36,140.76,2133.84,142.48,1065.96,203.92,640,641.56,206.56,1005.84,156.4,1909.84,431.64,1104.56,1164.32,181.4,267.64,193.16,380.72,197.88,599.16,529.48,183.52,1342.84,217,232.64,621.96,473.2,214.2,438.68,1417.12,690.88,585.64,292.24,343.76,951.24,306.12,1034.56
2010-08-06 19:25,912.56,219.8,887.2,269.32,272.48,223.2,1049,1309.6,589.32,211.6,909.52,245.52,1637.12,197.56,341.84,205.88,418.44,572.56,215.88,202.4,269.8,179.36,1152.72,1170.28,140.92,2131.32,142.16,1062.16,203.56,639.76,640.08,206.2,1005.8,156.32,1911.08,432.56,1102.44,1163.84,181.28,267.8,193.08,380.32,197.2,596.6,529.32,183.2,1339.6,214.4,232.44,621,379.24,206.16,389.68,1442.4,738.12,610.52,288.6,325,929.16,211.92,836.92
2010-08-06 19:40,883.84,220.72,888.6,298.92,348.48,235.4,1022.4,1240.96,567.88,206.2,879.6,241.36,1615.32,196.64,337.36,203.32,416.52,570.16,197.76,200.76,269.92,179.6,1150.08,1170.08,140.72,2132.44,142.36,1062.52,203.52,640.2,638.72,206.44,1003.88,155.76,1908.48,431.84,1102.36,1162.44,180.92,267.36,193,376.8,196.2,596.28,527.64,182.12,1333.16,214.04,231.76,620.64,377.8,164.48,335.72,1191,607.76,574.32,277.52,377.84,1018.4,208.44,788.04
2010-08-06 19:55,861.88,291.52,1006.8,288.36,337.8,214.2,949.6,1147.2,527.8,195.96,813.68,240.96,1620.12,196.96,337.72,202.72,415.96,570.84,197.96,201.48,273.76,180.84,1151.24,1169.88,140.8,2133.56,142.84,1066.04,204.08,640.12,638.84,206.76,1007,156.08,1909.16,432.08,1099.04,1163.6,181.48,268.28,193,378.88,196.76,595.88,526.96,182.64,1329.84,213.12,230.84,619.36,377.12,164.32,330.24,1059.92,583.08,574.68,294.92,350.52,999.4,211.4,790.44
2010-08-06 20:25,831.8,216.24,813.28,244.48,239.6,175.6,799.2,1096.8,519.32,195.56,798.52,239.72,1595.8,195.04,335.2,201.64,416.04,566.8,196.88,201.72,271.92,181.12,1147.76,1173.8,140.76,2132.72,142.24,1061.64,203.68,637.36,640.44,206.44,1004.48,155.84,1912.44,431.4,1095.44,1165.76,181.8,268.08,193.6,379,197.08,596.76,526.04,182.76,1327.96,213.04,232.24,618.32,376.6,164.24,329.2,990.6,454.72,434.04,209.28,265.12,744.84,209.24,765.32
2010-08-06 20:55,820.72,213.92,808.12,248.72,255.96,177.2,774.24,1098.08,518.44,192.64,795.88,238.16,1583.96,192.28,330.8,198.48,413.12,565.6,195.48,199.2,271.4,184.52,1146.28,1174.28,140.92,2142.72,142.24,1064.44,203.96,637.6,637.32,206.48,1003.24,156.28,1915.84,430.96,1091.84,1162.76,181.48,268.44,193.96,379.68,197.36,596.4,525.12,182.36,1326.2,211.04,230.6,618.12,377.36,164.08,329,979.2,446.88,432.04,208.08,263.4,736.44,208.96,760.84
2010-08-07 00:55,893.12,212.32,805.04,245.6,238.4,162.88,729.08,1085.6,519,194.92,798.4,237.12,1568.2,191.08,328.84,196.88,411.2,566,194.16,199.6,272.44,180.2,1146.36,1158.52,140.96,2147.72,142.8,1068.68,205.56,643.76,655.36,209.84,1029.8,157.68,1939.08,436.72,1114.12,1177.12,182.72,270.56,194.36,382.2,198.24,601.12,529.36,183.48,1334.24,209.4,229.92,618.56,381.96,164.8,329.2,979.48,432.68,405.68,197.88,247.84,699.88,209.16,739.44
2010-08-07 06:55,776.96153846154,206.19230769231,772.23076923077,232.65384615385,229.42307692308,148.65384615385,690.61538461538,1045.5384615385,505.65384615385,190.84615384615,785.65384615385,229.46153846154,1552.1923076923,187.69230769231,323.96153846154,196.07692307692,407.42307692308,563.73076923077,193.61538461538,198.69230769231,268.65384615385,178.73076923077,1135.1923076923,1168.2307692308,140.19230769231,2126,141.69230769231,1053.1538461538,202.46153846154,638.07692307692,629.23076923077,205.23076923077,989.34615384615,154.34615384615,1889.0769230769,428.23076923077,1080.0769230769,1154.9615384615,180.76923076923,267.26923076923,193.07692307692,375.34615384615,194.38461538462,596,520.61538461538,181.96153846154,1307.6538461538,200.34615384615,225.15384615385,614.19230769231,376,164,329,984.26923076923,446.26923076923,426.23076923077,201.84615384615,259.23076923077,733.88461538462,205.19230769231,743.19230769231
2010-08-07 12:55,832.44444444444,209.40740740741,809.62962962963,245.2962962963,235.11111111111,154.07407407407,716,1076.5925925926,516.33333333333,192.03703703704,790.48148148148,232,1579.8518518519,189.66666666667,327.44444444444,198.44444444444,410.92592592593,566.18518518519,193.07407407407,198.14814814815,268.55555555556,179.03703703704,1140.5925925926,1170.7407407407,140.48148148148,2342.3703703704,145.7037037037,1067.5925925926,202.07407407407,644.22222222222,639.51851851852,206.25925925926,995.77777777778,154.59259259259,1907.6666666667,429.07407407407,1086.4444444444,1154.8888888889,180.66666666667,267.03703703704,193,376.40740740741,195.92592592593,596.55555555556,525.25925925926,181.85185185185,1328.8518518519,210.48148148148,230.62962962963,616.40740740741,376.07407407407,164,328.96296296296,1017.6296296296,471.25925925926,437.74074074074,203.07407407407,313.7037037037,815.62962962963,226.81481481481,903.44444444444
2010-08-07 18:55,877.03703703704,227.92592592593,904.74074074074,251.37037037037,243.2962962963,160.48148148148,743.44444444444,1118.5185185185,528.85185185185,194.66666666667,805.7037037037,241.40740740741,1615.1851851852,194.62962962963,333.33333333333,200.88888888889,415.18518518519,567.55555555556,196.48148148148,201.88888888889,271.62962962963,180.14814814815,1151.3703703704,1169.2592592593,140.7037037037,2164.8518518519,141.81481481481,1055.1111111111,203.18518518519,637.44444444444,642.7037037037,206.81481481481,1000.8888888889,155.11111111111,2095.037037037,430.51851851852,1091.1111111111,1161.3333333333,181.22222222222,267.44444444444,193,380.33333333333,198.14814814815,598.40740740741,529.66666666667,182.85185185185,1357.5555555556,224.74074074074,234.25925925926,623.44444444444,378.03703703704,169.25925925926,368.66666666667,1337.2962962963,681.48148148148,495.51851851852,211.2962962963,362.18518518519,1131.8888888889,407.74074074074,1360.0740740741
2010-08-09 16:34,1409.3225806452,590.03225806452,2270.0322580645,514.32258064516,573,343.96774193548,1622.4516129032,1709.5483870968,608.58064516129,209.74193548387,930.54838709677,302.1935483871,1860.9032258065,225.77419354839,410.38709677419,235.87096774194,491.22580645161,647.29032258065,208.32258064516,211.1935483871,366.87096774194,367.22580645161,1525.2903225806,1173.1935483871,140.70967741935,2191.2903225806,142.35483870968,1052.7096774194,202.35483870968,670.51612903226,639.1935483871,204.38709677419,997.83870967742,155.06451612903,1906.5483870968,429.45161290323,1102.9677419355,1161.5483870968,181.70967741935,268.70967741935,193.83870967742,381.54838709677,198.83870967742,602.1935483871,531.38709677419,182.87096774194,1349.9032258065,215.51612903226,232.03225806452,617.8064516129,377.38709677419,164.64516129032,329.67741935484,1034.5161290323,486.96774193548,463.06451612903,207.70967741935,278.16129032258,808.8064516129,214.93548387097,837.61290322581
2010-08-09 16:49,1516.6451612903,612.54838709677,2426.5161290323,562.1935483871,590.09677419355,316.12903225806,1522.5483870968,1837.8064516129,683.45161290323,227.77419354839,948.96774193548,297.90322580645,1866.3548387097,224.67741935484,413.83870967742,235.83870967742,538.67741935484,734.64516129032,228.09677419355,229.45161290323,364.03225806452,278.93548387097,1377.5483870968,1173.5483870968,140.74193548387,2176.2258064516,141.70967741935,1055.3870967742,202.61290322581,664,641.58064516129,203.96774193548,998.70967741935,154.93548387097,1894.6774193548,429.09677419355,1105.6129032258,1163.5806451613,181.38709677419,267.93548387097,193.32258064516,379.74193548387,197.16129032258,600.77419354839,531.61290322581,183.32258064516,1346.8064516129,214.41935483871,231.58064516129,617.67741935484,376.90322580645,164.51612903226,329.64516129032,1044.0967741935,490.67741935484,465.67741935484,206.70967741935,279.70967741935,820,215.16129032258,910.70967741935
2010-08-09 17:04,1671.9677419355,635.90322580645,2243.7419354839,576.64516129032,627.54838709677,316.74193548387,1563.1935483871,1938.1935483871,693.16129032258,239.87096774194,1026.5483870968,310.1935483871,2032.5806451613,248.51612903226,468.51612903226,248.74193548387,496,704.16129032258,222.90322580645,234.45161290323,382.58064516129,322.64516129032,1427,1173.4193548387,141,2184.4193548387,142.12903225806,1055.8709677419,201.8064516129,685,642.64516129032,203.93548387097,997.16129032258,154.8064516129,1897,428.74193548387,1104.2258064516,1164.7741935484,181.41935483871,267.67741935484,193.32258064516,381.54838709677,198.38709677419,603,533.77419354839,183.8064516129,1354.2258064516,216.70967741935,231.90322580645,619.25806451613,386.35483870968,219.70967741935,411.67741935484,1049.7096774194,493.16129032258,465.64516129032,209.54838709677,309.29032258065,901.77419354839,260.45161290323,1037.8064516129
2010-08-09 17:19,1561.9032258065,572.12903225806,2516.6451612903,581.8064516129,655.1935483871,333.93548387097,1650.7419354839,2051.0967741935,680.70967741935,245.58064516129,1058.5806451613,297.93548387097,1992.4516129032,236.83870967742,420.45161290323,246.22580645161,548.32258064516,713.32258064516,229.41935483871,235.51612903226,405.8064516129,351.29032258065,1516.2258064516,1176.3225806452,141,2169.8387096774,142.87096774194,1058.1612903226,204.03225806452,709.83870967742,644.64516129032,204.35483870968,1000.064516129,155.03225806452,1897.0322580645,428.32258064516,1103.6451612903,1161.5483870968,182.12903225806,268.25806451613,193.32258064516,385.58064516129,200.93548387097,608.67741935484,544.06451612903,186.09677419355,1372.8387096774,220.48387096774,233.54838709677,756.90322580645,377.16129032258,165.61290322581,331.29032258065,1096.935483871,559.74193548387,508.1935483871,222.32258064516,351.22580645161,1026.7419354839,367.22580645161,1180.2580645161
2010-08-09 17:49,1793.2903225806,639.29032258065,2501.3548387097,659.35483870968,760.12903225806,356,1767.935483871,2071.7419354839,737.70967741935,278.41935483871,1160.3548387097,313.67741935484,2019.2580645161,278.8064516129,462.32258064516,253.48387096774,558.8064516129,741.09677419355,232.8064516129,248.77419354839,397.25806451613,344.70967741935,1439.5483870968,1176.3870967742,141.16129032258,2154.3548387097,143,1059.7096774194,206.06451612903,722.35483870968,643.29032258065,204,999.32258064516,154.8064516129,1896.2903225806,428.90322580645,1104.5483870968,1160.2258064516,181.1935483871,267.64516129032,193,385.90322580645,200.70967741935,604.90322580645,541.29032258065,186.29032258065,1766.7741935484,283.54838709677,307.12903225806,835.96774193548,438.54838709677,178.74193548387,355.09677419355,1287.9032258065,636.64516129032,649.45161290323,276.25806451613,464.45161290323,1269.3548387097,483.25806451613,1438.2580645161
2010-08-09 18:19,1238.1290322581,413.16129032258,1723.7741935484,466.87096774194,539.67741935484,305.8064516129,1439.5161290323,1789.6774193548,648.93548387097,242.67741935484,1127.8064516129,280.61290322581,1742.2258064516,206.8064516129,362.58064516129,215.77419354839,446.67741935484,596.58064516129,202.70967741935,203.48387096774,278.54838709677,195.32258064516,1220.1612903226,1172.5806451613,140.90322580645,2150.1290322581,142.12903225806,1053.064516129,204.16129032258,661.77419354839,643.45161290323,204.41935483871,998.03225806452,155.03225806452,1903.1612903226,428.74193548387,1101.4516129032,1160.0967741935,181.35483870968,267.48387096774,193,383.29032258065,199.8064516129,602.51612903226,590.09677419355,196.51612903226,1487.9677419355,228.06451612903,233.83870967742,623.12903225806,390.41935483871,175.96774193548,349.45161290323,1126.6129032258,594.38709677419,659.03225806452,299.58064516129,428.29032258065,1228.1935483871,425.45161290323,1276.1290322581
2010-08-09 22:19,793.13333333333,210.46666666667,800.2,241.9,239.3,152.96666666667,804.26666666667,1078.4,512.5,190.56666666667,791.3,233.6,1568.6333333333,190.76666666667,328.7,198.06666666667,412.73333333333,564.9,195.06666666667,206.1,270.5,179.5,1145.2666666667,1164.8333333333,139.73333333333,2139,142.6,1058.3,201.13333333333,634.26666666667,639.13333333333,207.53333333333,1012.3333333333,157.63333333333,1991.4333333333,438.96666666667,1098.8,1156.6666666667,181.36666666667,268.5,193.13333333333,379.73333333333,196.36666666667,597.56666666667,525.23333333333,182.4,1319.5666666667,206.76666666667,227.13333333333,616.5,376.63333333333,163.63333333333,329.43333333333,973.2,443.8,436.6,204.96666666667,265.26666666667,741.93333333333,210.93333333333,774.7
2010-08-10 04:19,741.21875,202.9375,756.875,225.875,224.5,142.78125,701.90625,1034.625,503.3125,191.03125,788.875,231.03125,1551.5,190.125,329.71875,198.625,409.34375,564.3125,193.5625,199,274.4375,180.21875,1150.71875,1174.28125,140.71875,2124.21875,142.8125,1077.21875,205.90625,650.21875,624.0625,203.34375,996.9375,153.46875,1888.84375,427.0625,1075.65625,1151.75,180.75,267.40625,193,374.125,192.1875,591.875,517.15625,181.03125,1296.875,195.75,222.71875,611.15625,376.125,164,329,936.875,422.6875,415.5,200.1875,250,694.40625,201.25,704.03125
2010-08-10 10:19,820.56666666667,210.96666666667,805.46666666667,244.03333333333,237.4,155.06666666667,725.1,1079.6,518.66666666667,193.7,802.73333333333,233.76666666667,1604.1,193.8,332.93333333333,201.7,414.2,569.43333333333,194.96666666667,198.66666666667,269.56666666667,180.06666666667,1153.1,1172.8,140.83333333333,2121.1333333333,142.13333333333,1058.0333333333,201.8,648.7,644.1,205.73333333333,1001.5666666667,155.2,1895.8666666667,427.76666666667,1085.1666666667,1170.2,180.9,267.73333333333,193.2,389.06666666667,227.8,658.53333333333,547.06666666667,184.86666666667,1480.5333333333,237.76666666667,261.16666666667,724.8,484.66666666667,199.16666666667,393.63333333333,1223.3,527.53333333333,463.3,202.73333333333,276.9,793.73333333333,212.16666666667,815.03333333333
2010-08-10 16:19,1356.7586206897,608.8275862069,2549.4827586207,573.72413793103,627.27586206897,359.79310344828,1709.1379310345,2048.4137931034,746.93103448276,275.24137931034,1119.3793103448,298.27586206897,1834.6551724138,223.65517241379,412.75862068966,236.55172413793,488.13793103448,640.37931034483,206.86206896552,201.72413793103,277.41379310345,203.75862068966,1261.275862069,1335.9310344828,176.93103448276,2242.6896551724,165.93103448276,1345.2068965517,203.75862068966,658.03448275862,638.79310344828,204.65517241379,999.48275862069,155.34482758621,1897.3793103448,428.03448275862,1114.9655172414,1160.9310344828,181,267.34482758621,193,378.51724137931,197.62068965517,600.72413793103,532.79310344828,183.75862068966,1348.6896551724,213.1724137931,231.44827586207,617.75862068966,376.48275862069,164,329.10344827586,1032.0344827586,484.89655172414,450.89655172414,205.44827586207,273.1724137931,790.89655172414,212.06896551724,824.65517241379
2010-08-12 17:37,2397.1333333333,941.3,3456.5333333333,794.03333333333,933.73333333333,374.7,1961.5333333333,2293.3333333333,815.8,323.46666666667,1309.3,399.6,2610.2666666667,331.93333333333,558.53333333333,315.93333333333,766.3,865.66666666667,285.06666666667,363.83333333333,669,582.1,1715.4,1239.4666666667,141.13333333333,2286.6333333333,143.33333333333,1055.8333333333,203.96666666667,698.26666666667,645.4,204.5,1000.1666666667,154.86666666667,1957.5666666667,427.16666666667,1107.2,1169.2666666667,181.96666666667,268.5,193.26666666667,387.96666666667,201.9,607.8,541.26666666667,185.46666666667,1442.0666666667,236.8,238.7,627.93333333333,382.66666666667,184.86666666667,366.1,1334.4333333333,736.66666666667,683.5,251,564,1519.7666666667,627.93333333333,1563.0666666667
2010-08-12 17:52,2411.7586206897,903.89655172414,3434.7931034483,714.55172413793,755.65517241379,396.62068965517,1917.1034482759,2206.6206896552,809.1724137931,299.58620689655,1251.8965517241,354.62068965517,2399.6896551724,364.20689655172,618.44827586207,335.58620689655,749.86206896552,942.65517241379,314.1724137931,340.31034482759,656.75862068966,517.89655172414,1716.6551724138,1211.1379310345,141.48275862069,2201.7586206897,144.03448275862,1059.9655172414,204.13793103448,710.65517241379,652.8275862069,205,1000.1034482759,155.31034482759,1897.3448275862,427.8275862069,1109.7586206897,1173.1034482759,182.48275862069,269.44827586207,193.48275862069,385.44827586207,201.03448275862,606.75862068966,538.20689655172,185.13793103448,1411.3103448276,229.72413793103,237.06896551724,628.58620689655,406.75862068966,184.51724137931,376.75862068966,1462.7931034483,875.68965517241,741.10344827586,252.27586206897,583.41379310345,1584.3793103448,633.58620689655,1601.275862069
2010-08-12 18:07,1795.1724137931,714.86206896552,2774.9655172414,690.51724137931,726.72413793103,413.51724137931,1896.1379310345,1915.4482758621,708.20689655172,264.41379310345,1216.6551724138,393.79310344828,2301.9310344828,302.24137931034,580.58620689655,273.96551724138,668.89655172414,830.79310344828,251.86206896552,277.93103448276,379.72413793103,330.79310344828,1538.9655172414,1222.2068965517,141.48275862069,2208.3448275862,143.8275862069,1060.4482758621,204.41379310345,713.03448275862,646.13793103448,204.48275862069,999.8275862069,155.37931034483,1899.8620689655,427.96551724138,1109.4482758621,1162.1034482759,182.31034482759,268.31034482759,193.20689655172,384.55172413793,199.58620689655,604.68965517241,539.37931034483,185.51724137931,1373.4827586207,220.65517241379,234.72413793103,624.51724137931,383.44827586207,185.68965517241,390.75862068966,1545.724137931,866.44827586207,703.03448275862,257.31034482759,548,1568.6896551724,606.48275862069,1566.1379310345
2010-08-12 18:22,1668.4137931034,557.65517241379,2004.1379310345,528.68965517241,582.58620689655,304.13793103448,1536.7931034483,1871.0344827586,690.72413793103,266.10344827586,1160.4137931034,314.06896551724,2228.1034482759,236.55172413793,404.79310344828,253.27586206897,527.93103448276,700.03448275862,216.55172413793,219.24137931034,299.44827586207,216.65517241379,1397.724137931,1205.7586206897,140.37931034483,2374.8965517241,143.58620689655,1058.0344827586,203.1724137931,668.58620689655,642.79310344828,204.93103448276,1001.1724137931,155.31034482759,1930.7931034483,428.34482758621,1110.0689655172,1160.7586206897,181.68965517241,267.89655172414,193.06896551724,382.20689655172,199.51724137931,602.51724137931,538.72413793103,185.41379310345,1359.9310344828,218.86206896552,232.24137931034,622.48275862069,471.86206896552,226.62068965517,395.51724137931,1292.3103448276,726.58620689655,616.41379310345,242.37931034483,479.68965517241,1403.7586206897,577.27586206897,1566.8620689655
2010-08-12 18:52,982.62068965517,322.89655172414,1408.8275862069,392.20689655172,448.03448275862,289.34482758621,1360.7931034483,1543.3103448276,602.48275862069,204.1724137931,872.51724137931,252.10344827586,1742.9655172414,220.79310344828,390.13793103448,235.03448275862,469.51724137931,584.72413793103,200.06896551724,202.20689655172,272.58620689655,181.72413793103,1188.1034482759,1162.4482758621,140.10344827586,2548.2068965517,141.44827586207,1050.3103448276,201.79310344828,639.96551724138,644.37931034483,204.41379310345,995.1724137931,154.58620689655,1905.5862068966,427.10344827586,1100.3793103448,1158.5862068966,180.93103448276,267.62068965517,193,378.89655172414,197.51724137931,596.86206896552,528.75862068966,183.51724137931,1349.3103448276,214.10344827586,231.31034482759,721.27586206897,457.93103448276,202.79310344828,362.41379310345,1037.2413793103,492.10344827586,469.86206896552,208,341.75862068966,1025.5862068966,380.03448275862,1267.4482758621
2010-08-12 19:22,875.55172413793,307.72413793103,1037.6206896552,299.1724137931,278.44827586207,186.37931034483,899.93103448276,1268.1379310345,562.34482758621,196.03448275862,811,240.75862068966,1616.9655172414,197.03448275862,366.27586206897,211.55172413793,419.55172413793,568.13793103448,195.1724137931,199.31034482759,269.24137931034,179.34482758621,1149.5862068966,1160.6551724138,139.44827586207,2119.3793103448,141.51724137931,1050.724137931,202.34482758621,643.48275862069,643.31034482759,205.58620689655,998.89655172414,154.65517241379,1892.7931034483,427.72413793103,1100.7931034483,1157.2068965517,181.1724137931,267.44827586207,193,378.13793103448,196.96551724138,596.79310344828,526.27586206897,182.58620689655,1331.4482758621,210.48275862069,229.37931034483,627.20689655172,451.06896551724,193.44827586207,355.13793103448,994.8275862069,455.48275862069,435.96551724138,203.62068965517,269.03448275862,756.37931034483,210.68965517241,778.13793103448
2010-08-12 23:22,800.73333333333,217.46666666667,974.83333333333,237.96666666667,234.06666666667,149.73333333333,709.96666666667,1071.2,504.63333333333,189.03333333333,786.93333333333,233.4,1553.0666666667,189.63333333333,327.73333333333,197.5,410.5,565.2,195,201.86666666667,271.96666666667,180.3,1145.8,1164.5666666667,139.83333333333,2137.4,143,1070.4,204.43333333333,634.6,650.16666666667,209.2,1023.3,157.9,1963.5,428,1096.4666666667,1165.1,185.03333333333,272.93333333333,196.06666666667,388.36666666667,198.4,599.26666666667,523.06666666667,181.96666666667,1316.6666666667,206.7,228.43333333333,618,376.33333333333,164,329,961.6,438.06666666667,428.96666666667,204.96666666667,258.63333333333,717.43333333333,207.26666666667,735.9
2010-08-13 05:22,742.06451612903,202.61290322581,750.54838709677,225.93548387097,224.09677419355,145.38709677419,693.29032258065,1037.8064516129,500.70967741935,189.61290322581,786.12903225806,232.61290322581,1543.1290322581,188.29032258065,324.54838709677,195.48387096774,407.96774193548,561.54838709677,192.74193548387,199.29032258065,269.83870967742,178.77419354839,1137.9677419355,1174.6774193548,139.8064516129,2128,142.35483870968,1068.5806451613,203.93548387097,639.87096774194,623.38709677419,203.12903225806,991.25806451613,154.38709677419,1898.6451612903,428.83870967742,1087.9677419355,1175.8709677419,186.48387096774,267.8064516129,193,386.70967741935,200.54838709677,600.12903225806,535.93548387097,183.87096774194,1345.3225806452,209.87096774194,229.96774193548,618.51612903226,375.93548387097,163.67741935484,329.06451612903,1007.0322580645,638,432.48387096774,200.77419354839,253.03225806452,709.77419354839,200.32258064516,711.1935483871
2010-08-13 11:22,827.33333333333,210.33333333333,803.16666666667,251.03333333333,313.8,186,801.46666666667,1098.6666666667,525.76666666667,194.5,803.86666666667,234.46666666667,1602.1666666667,193.3,334.4,202.23333333333,418.2,574.13333333333,195.93333333333,198.66666666667,269.9,180.36666666667,1153.0666666667,1170.8,140.73333333333,2125.5,141.86666666667,1059.6,203.7,745.2,647.36666666667,205.16666666667,1003.7,155.36666666667,1901.8666666667,432.1,1103.4333333333,1180.2,181.43333333333,267.83333333333,193.13333333333,383.26666666667,199.43333333333,607.4,535.13333333333,183.46666666667,1345.7666666667,211.3,230.56666666667,619.73333333333,378.2,164.73333333333,329.9,1050.5666666667,520.53333333333,444.33333333333,207.03333333333,268.36666666667,767.76666666667,208.66666666667,769.4
2010-08-13 17:22,2045,866.26923076923,3206.2692307692,769.46153846154,842.5,400.76923076923,1808,2221.6923076923,703.84615384615,256.23076923077,1145,326.73076923077,2165.8461538462,250.03846153846,476.73076923077,279.92307692308,646.76923076923,813.88461538462,246.46153846154,272.57692307692,485.38461538462,519.07692307692,1558.1538461538,1288.6923076923,160.46153846154,2480.5769230769,144.19230769231,1075.5384615385,253,823.07692307692,651.34615384615,205.96153846154,1001.6153846154,155.34615384615,1908.5384615385,432.30769230769,1115.8076923077,1170.2692307692,181.5,268.23076923077,193.23076923077,388.07692307692,202.84615384615,607.65384615385,540.92307692308,185.23076923077,1388.0384615385,226.88461538462,233.80769230769,623.07692307692,379.42307692308,167.84615384615,375.92307692308,1367.8846153846,715.11538461538,689.38461538462,304.34615384615,439.73076923077,1336.3846153846,589.96153846154,1475.7307692308
2010-08-16 12:28,815.29032258065,210.87096774194,796.67741935484,240.54838709677,232.51612903226,149.96774193548,713.06451612903,1068.9032258065,513.54838709677,192.12903225806,795.74193548387,232.87096774194,1581.5806451613,191.1935483871,330.45161290323,200.48387096774,414.41935483871,568.35483870968,194.93548387097,198.38709677419,268.77419354839,179.09677419355,1145.3225806452,1165.7096774194,139.8064516129,2115.6451612903,142.29032258065,1056,201.45161290323,653,639.06451612903,203.48387096774,995.32258064516,154.06451612903,1890.0322580645,427.03225806452,1106.4516129032,1159.3870967742,180.96774193548,268.12903225806,193.87096774194,377.83870967742,196.03225806452,598,525.58064516129,182.12903225806,1334.5161290323,211.16129032258,230.54838709677,617.32258064516,376.87096774194,164.1935483871,329.06451612903,995.90322580645,454.51612903226,450.38709677419,208.38709677419,268.70967741935,763.03225806452,208.48387096774,758.09677419355
2010-08-16 12:43,819.48387096774,211.1935483871,797.77419354839,240.8064516129,233.29032258065,151.45161290323,716.67741935484,1076,514.35483870968,191.12903225806,791.64516129032,232.38709677419,1585.5806451613,191,330.48387096774,199.61290322581,413.03225806452,568.25806451613,194.61290322581,198.45161290323,268.77419354839,179.25806451613,1145.935483871,1168.6451612903,139.87096774194,2132.4516129032,142.70967741935,1055.6451612903,201.1935483871,649.35483870968,640.54838709677,203.70967741935,996.67741935484,154.61290322581,1891.3548387097,427.64516129032,1098.5161290323,1158.5806451613,180.90322580645,267.70967741935,193,378.1935483871,197.03225806452,599.09677419355,526.03225806452,182.03225806452,1332.6774193548,209.77419354839,229.90322580645,615.93548387097,376.38709677419,164.25806451613,328.96774193548,1005.4838709677,459.06451612903,439.45161290323,203.22580645161,264.67741935484,754.25806451613,207.41935483871,758.09677419355
2010-08-16 12:58,820,209.8064516129,793.35483870968,240.93548387097,232.74193548387,149.16129032258,711.70967741935,1066.1935483871,514.77419354839,191.12903225806,793,232.29032258065,1583.7419354839,190.77419354839,330.06451612903,199.87096774194,414.06451612903,571.96774193548,196.12903225806,199,269,178.64516129032,1144.1612903226,1166.7419354839,140.32258064516,2109.5161290323,141.74193548387,1056.064516129,202,650.96774193548,643.03225806452,203.70967741935,1000.2903225806,154.90322580645,1892.8709677419,426.90322580645,1098.2903225806,1157.1290322581,180.83870967742,267.25806451613,193.06451612903,378.29032258065,196.35483870968,600.96774193548,526,181.96774193548,1327.4838709677,208.54838709677,228.48387096774,615.61290322581,376.22580645161,163.61290322581,329,992.87096774194,451.38709677419,450.09677419355,209.35483870968,265.25806451613,744.70967741935,205.51612903226,755.90322580645
2010-08-16 13:13,825.16129032258,211.06451612903,794.51612903226,241.1935483871,234.03225806452,150.8064516129,716.87096774194,1072.9032258065,514.67741935484,191.93548387097,793.8064516129,232.8064516129,1589.2258064516,191.22580645161,330.09677419355,199.61290322581,413.54838709677,568.96774193548,194.74193548387,198.12903225806,268.45161290323,179,1141.9032258065,1163.064516129,139.64516129032,2107.064516129,141.35483870968,1053.1612903226,201.54838709677,646,638.32258064516,203.70967741935,997.96774193548,154.77419354839,1895.6129032258,426.96774193548,1100.9677419355,1160,180.93548387097,267,193,378.06451612903,195.90322580645,597.87096774194,527.48387096774,181.87096774194,1332.4516129032,208.67741935484,229.03225806452,615.54838709677,376.12903225806,164,329,991.09677419355,450.09677419355,442.09677419355,205.06451612903,265.54838709677,748.38709677419,208.16129032258,760.74193548387
2010-08-16 13:43,816.09677419355,210,801.12903225806,242.45161290323,233.87096774194,151.12903225806,720.35483870968,1095.2258064516,556.45161290323,192.93548387097,808.61290322581,234.67741935484,1597.6451612903,193.06451612903,332.8064516129,201.74193548387,416.03225806452,573.06451612903,195.54838709677,198.64516129032,268.61290322581,179.38709677419,1143.9032258065,1162.8064516129,140,2108.9032258065,141.90322580645,1052.6451612903,200.1935483871,640.54838709677,640.1935483871,203.96774193548,999.51612903226,155.12903225806,1895.4516129032,426.96774193548,1090.6451612903,1156.4516129032,180.83870967742,267.22580645161,193,377.83870967742,196.41935483871,599.35483870968,528.61290322581,182.06451612903,1332.935483871,210.48387096774,230.77419354839,616.70967741935,376.25806451613,164.1935483871,329.32258064516,1003.8387096774,454.61290322581,441.90322580645,203.41935483871,264.16129032258,749.8064516129,207.48387096774,761.8064516129
2010-08-16 14:13,823.51612903226,211.03225806452,805.64516129032,244.16129032258,235.77419354839,151.22580645161,726.87096774194,1094.1935483871,516.93548387097,191.90322580645,794.54838709677,234.25806451613,1592.8709677419,190.96774193548,331.25806451613,200.61290322581,415.58064516129,569.87096774194,195.25806451613,199.16129032258,269.03225806452,179.29032258065,1256.3225806452,1164.1935483871,139.51612903226,2111.3870967742,141.77419354839,1052.8064516129,200.8064516129,640.03225806452,638.83870967742,203.41935483871,999.22580645161,154.74193548387,1892.5806451613,426.29032258065,1094.7419354839,1159.7419354839,180.96774193548,267.54838709677,193.06451612903,379.93548387097,197.64516129032,599.1935483871,528.58064516129,182.06451612903,1331.6129032258,209.77419354839,228.74193548387,617.8064516129,376,164,329,997.96774193548,453.16129032258,441.32258064516,204.22580645161,262.45161290323,746.70967741935,206.51612903226,758.22580645161
2010-08-16 18:13,1406.4193548387,488.58064516129,1886.6451612903,520.12903225806,504.25806451613,341.58064516129,1580.8064516129,1828.5161290323,690.29032258065,257.77419354839,1110.3870967742,313.45161290323,1803.6129032258,213,372.22580645161,219.16129032258,449.29032258065,609.25806451613,206.29032258065,205.93548387097,294.12903225806,206.32258064516,1240.2903225806,1172.2258064516,140.70967741935,2144.0967741935,142.25806451613,1062.1290322581,205,671.48387096774,640.8064516129,204.32258064516,997.74193548387,154.77419354839,1894,429.48387096774,1100.8387096774,1157.3225806452,181.61290322581,268.1935483871,193,380.93548387097,197.48387096774,599.70967741935,595.64516129032,251.03225806452,1500,228.45161290323,233.29032258065,623.70967741935,422.87096774194,180.61290322581,338.38709677419,1142.9032258065,590.58064516129,638.61290322581,291.83870967742,431.25806451613,1283.2903225806,460.12903225806,1335.1612903226
2010-08-17 00:13,786.93333333333,219.7,798.16666666667,238,235.83333333333,148.73333333333,713.93333333333,1065.8666666667,505.03333333333,189.8,788.33333333333,232.66666666667,1552.8333333333,189.06666666667,327.8,197.2,413.73333333333,566.93333333333,195.06666666667,201.43333333333,269.16666666667,180.16666666667,1142.3666666667,1170.9,140.43333333333,2121.6,142.43333333333,1058.5,202.2,635.86666666667,644.23333333333,209.83333333333,1040.0333333333,160.53333333333,1966.0666666667,442.06666666667,1113.3,1171.0333333333,183.66666666667,271.83333333333,194.46666666667,384.46666666667,199.96666666667,606.13333333333,532.9,183.8,1323,206.13333333333,227.83333333333,617.53333333333,377.7,164.53333333333,329.73333333333,971.53333333333,442.36666666667,421.23333333333,203.9,262.43333333333,731.3,210.26666666667,753.36666666667
2010-08-17 06:13,767.6875,205.53125,768.4375,230.0625,227.65625,148.09375,690.75,1043.125,502.84375,189.8125,789.96875,232.8125,1568.28125,189.4375,327.5,197.25,407.96875,560.40625,192.125,198.1875,269.34375,177.9375,1133.75,1161.5625,139.65625,2103,140.375,1045.5,200.34375,632.09375,625.96875,203.90625,995.1875,154.71875,1900.34375,428.75,1121.5625,1283.53125,187.6875,291.4375,230,525.25,256.8125,903.78125,854.21875,281.75,2078.0625,281.03125,268.28125,880.375,919.5,451.0625,808.125,1887.71875,626.28125,469.8125,206.3125,289.875,836.5625,216.40625,850.03125
2010-08-17 12:13,818.13793103448,209.44827586207,800.62068965517,242.27586206897,235.1724137931,152.51724137931,722.96551724138,1074.6206896552,516.79310344828,192.41379310345,796.10344827586,233.58620689655,1591.5172413793,192.37931034483,331.58620689655,200.06896551724,412.34482758621,567.1724137931,194.89655172414,198.20689655172,268.72413793103,179.37931034483,1146,1178.8275862069,140.79310344828,2192.6206896552,142.06896551724,1054.4482758621,201.41379310345,644.58620689655,641.68965517241,206.24137931034,1004.0689655172,155.03448275862,1929.8965517241,428,1088.1379310345,1181.1034482759,181.34482758621,267.37931034483,193.34482758621,382.8275862069,234.20689655172,633.37931034483,528.06896551724,181.96551724138,1333.724137931,210.62068965517,231.06896551724,617.75862068966,376.34482758621,164.06896551724,329.06896551724,1009.6551724138,462.41379310345,445.27586206897,203.93103448276,268.34482758621,765.93103448276,212.41379310345,765.72413793103
2010-08-19 17:58,2324.5517241379,850.41379310345,2916.6896551724,716.27586206897,764.75862068966,389.41379310345,1925.2413793103,2063.0344827586,763.31034482759,276.20689655172,1187.5172413793,332.8275862069,2423.1034482759,326.58620689655,598.44827586207,325.27586206897,725.34482758621,929.34482758621,278.55172413793,409.20689655172,567.68965517241,472.55172413793,1610.9310344828,1204.1724137931,141.03448275862,2244.2068965517,144,1059.1034482759,204.8275862069,719.06896551724,646.48275862069,204.89655172414,999.72413793103,154.93103448276,1918.5172413793,428.03448275862,1111.8620689655,1167.7586206897,181.86206896552,268.75862068966,193.41379310345,383.37931034483,199.51724137931,603,543.06896551724,186.10344827586,1410.2068965517,221.8275862069,235.20689655172,627.31034482759,399.72413793103,180.27586206897,376.65517241379,1580.724137931,816.37931034483,724.55172413793,253.06896551724,599,1595,653.86206896552,1637.6896551724
2010-08-19 18:13,1806.6206896552,703.55172413793,2609.0344827586,616.8275862069,597.13793103448,372.48275862069,1794.8275862069,1832.275862069,660.75862068966,288.13793103448,1236.8275862069,317.34482758621,2227.8620689655,263.58620689655,524.13793103448,328.10344827586,585.93103448276,742.41379310345,232.44827586207,241.27586206897,342.79310344828,265.8275862069,1466.6206896552,1212.9655172414,141.24137931034,2237.4482758621,143.72413793103,1059.0344827586,204.03448275862,684.27586206897,647.55172413793,204.8275862069,998.55172413793,154.79310344828,1898.2413793103,428.51724137931,1112.8620689655,1165.1379310345,181.62068965517,268.41379310345,193.13793103448,382.68965517241,198.68965517241,600.55172413793,535.37931034483,185.31034482759,1367.4827586207,219.72413793103,233.31034482759,626.58620689655,383.20689655172,180.68965517241,434.8275862069,1461.8275862069,799.10344827586,695.51724137931,277.13793103448,523.51724137931,1477.5862068966,654.20689655172,1551.5517241379
2010-08-19 18:28,1317.8965517241,493.37931034483,1858.5172413793,498.8275862069,533.79310344828,285.96551724138,1426,1917.5172413793,715.58620689655,262.48275862069,1166.5862068966,332.37931034483,2094.724137931,239.93103448276,399.44827586207,228.96551724138,494.20689655172,660.03448275862,208.86206896552,210.58620689655,298.31034482759,211.96551724138,1394.3793103448,1168.3793103448,140.20689655172,2368.3448275862,142.58620689655,1053.8620689655,202.72413793103,653.27586206897,644.58620689655,204.93103448276,997.41379310345,154.68965517241,1904.1724137931,428.89655172414,1106.8620689655,1161.7586206897,181.72413793103,268.27586206897,193,383.65517241379,199.79310344828,600.93103448276,536.8275862069,184.51724137931,1356.7586206897,218.8275862069,233.51724137931,656.13793103448,522,216.51724137931,353.8275862069,1182.724137931,674.06896551724,615.55172413793,246.20689655172,510.72413793103,1477.8620689655,559.8275862069,1503.6896551724
2010-08-19 18:43,1097.1379310345,348.96551724138,1457.1724137931,440.13793103448,440.20689655172,292.27586206897,1424.6206896552,1706.6206896552,645.55172413793,240.13793103448,997.31034482759,269.93103448276,1821.6551724138,215.31034482759,367.62068965517,225.1724137931,467.65517241379,602.34482758621,203.37931034483,202.93103448276,271.62068965517,196.10344827586,1235.7931034483,1160.7931034483,139.20689655172,2489.3793103448,142.27586206897,1053.9655172414,202.06896551724,646.75862068966,639.27586206897,204.58620689655,999.48275862069,155.27586206897,1899.1379310345,427.41379310345,1104.6551724138,1158.3103448276,181.79310344828,267.89655172414,193,379.75862068966,197.31034482759,597.62068965517,530.8275862069,183.41379310345,1346.9310344828,215.58620689655,233.79310344828,730.65517241379,442.75862068966,196.13793103448,366.20689655172,1087.0344827586,587.03448275862,521.55172413793,207.27586206897,348.62068965517,1120.4827586207,455.89655172414,1449.2413793103
2010-08-19 19:13,908.34482758621,275.03448275862,1199.1379310345,362.62068965517,377.58620689655,200.93103448276,953.62068965517,1324.4137931034,560.1724137931,195.48275862069,817.93103448276,242.24137931034,1626.3103448276,199.8275862069,363.48275862069,214.79310344828,421.58620689655,574.1724137931,197.8275862069,200.8275862069,270.24137931034,179.41379310345,1147.724137931,1158.4827586207,139.31034482759,2281.0689655172,141.79310344828,1052.5517241379,202,639.06896551724,639,205.20689655172,1001.1379310345,154.89655172414,1895.2413793103,427.34482758621,1098.5862068966,1155.1034482759,181.03448275862,267.34482758621,193,378.75862068966,197.1724137931,597.65517241379,527.65517241379,183.06896551724,1329.5517241379,210.10344827586,229.13793103448,679.93103448276,439.62068965517,192.62068965517,357.48275862069,995.8275862069,457.68965517241,438.51724137931,203.37931034483,269.03448275862,766.72413793103,213.03448275862,828.34482758621
2010-08-19 19:43,839.20689655172,217.24137931034,862.8275862069,251.8275862069,248.10344827586,163.48275862069,790.86206896552,1145.1034482759,524.27586206897,193.65517241379,807.51724137931,239.55172413793,1601.5172413793,194.20689655172,333.75862068966,200.27586206897,414.31034482759,565.24137931034,195.20689655172,199.44827586207,269.96551724138,179.10344827586,1140.6206896552,1160.5862068966,139.1724137931,2109.6896551724,141.03448275862,1049.7586206897,201.51724137931,637,640.31034482759,205.06896551724,998.48275862069,154.96551724138,1944.1034482759,426.10344827586,1097.0344827586,1157,181.51724137931,267.24137931034,193,377.24137931034,195.8275862069,594.51724137931,524.72413793103,181.86206896552,1326.6896551724,210.24137931034,230.20689655172,616.62068965517,376.44827586207,164.06896551724,329.13793103448,984.20689655172,449.89655172414,434,203.03448275862,267.51724137931,747.1724137931,210,774.41379310345
2010-08-19 23:43,795.33333333333,224.56666666667,787.16666666667,237.73333333333,235.7,148.96666666667,709.6,1066.8,503.13333333333,189.3,788.03333333333,234.13333333333,1552.7666666667,189.1,327.33333333333,196.76666666667,410.6,567.13333333333,198.43333333333,200.73333333333,270.66666666667,180.2,1144.8,1178.8,139.8,2143.8,143.03333333333,1072.0666666667,206.43333333333,637.16666666667,645.96666666667,208.8,1012.7333333333,156.86666666667,1931.1,430.8,1099.1666666667,1164.2,183.46666666667,272,195.26666666667,383.06666666667,197.53333333333,599.16666666667,526.7,184.33333333333,1316.9,205.8,228.33333333333,617.66666666667,377.6,164,329.56666666667,960.7,435.16666666667,431.56666666667,203.6,257.96666666667,716.66666666667,206.13333333333,739.5
2010-08-20 05:43,759.03225806452,204.64516129032,757.09677419355,226.64516129032,225.74193548387,144.64516129032,687.67741935484,1043.8709677419,504.41935483871,189.67741935484,787.87096774194,232.32258064516,1557.0322580645,190.48387096774,327.58064516129,196.61290322581,408.35483870968,560.32258064516,192.06451612903,198.64516129032,268.83870967742,179,1137.3548387097,1170,140.16129032258,2115.5806451613,140.45161290323,1052.3870967742,200.77419354839,633.1935483871,625.1935483871,203.54838709677,993.51612903226,154.8064516129,1906.2903225806,431.51612903226,1104.8387096774,1277.2580645161,187.93548387097,273.61290322581,195.54838709677,437.51612903226,225,644.06451612903,605.1935483871,205.61290322581,1516.7096774194,238.74193548387,241.51612903226,638.29032258065,383.16129032258,171.29032258065,352.09677419355,1172,533.38709677419,446.35483870968,202.38709677419,264.03225806452,747.54838709677,205.58064516129,749.54838709677
2010-08-20 11:43,836.27586206897,212.27586206897,847.1724137931,272.55172413793,287.13793103448,190.13793103448,809.93103448276,1109.7931034483,527.86206896552,195.34482758621,813.89655172414,236.31034482759,1602.8620689655,193.62068965517,333.72413793103,201,415.86206896552,573.75862068966,196.20689655172,199.10344827586,270.96551724138,181.06896551724,1152.1724137931,1173.724137931,140.51724137931,2125.1379310345,141.65517241379,1059.6551724138,202.89655172414,665.20689655172,644.68965517241,205.13793103448,1004.5172413793,155.41379310345,1902.3793103448,429.10344827586,1088.4827586207,1177.2068965517,181.13793103448,268.06896551724,194.10344827586,382.75862068966,199.93103448276,610.44827586207,539.44827586207,184.06896551724,1350.2413793103,213.31034482759,232.03448275862,620.62068965517,377.37931034483,164.68965517241,330.58620689655,1043.7586206897,500.31034482759,448.55172413793,207.65517241379,272.34482758621,779.37931034483,210.58620689655,770.31034482759
2010-08-20 17:43,2386.3846153846,969.57692307692,3199.1153846154,743.03846153846,781.5,418.26923076923,1830.5,2012.4615384615,714.61538461538,265.73076923077,1171.4615384615,323.73076923077,2281.3461538462,294.30769230769,536.23076923077,278.15384615385,611.42307692308,823.73076923077,272.65384615385,307.96153846154,494.15384615385,465.11538461538,1592.5769230769,1245.4615384615,143.57692307692,2183.9230769231,144.42307692308,1129,317.84615384615,958.23076923077,650.07692307692,206.34615384615,1008.2692307692,156.15384615385,1914.7692307692,433.76923076923,1117.3846153846,1174.8461538462,182.30769230769,269.03846153846,193.84615384615,390.07692307692,203.34615384615,606.57692307692,542.65384615385,186.46153846154,1412.9230769231,236.26923076923,238.42307692308,630,410.26923076923,193.73076923077,409.92307692308,1696.8461538462,895.42307692308,794.65384615385,351.61538461538,533.07692307692,1564.3846153846,673.73076923077,1605.6153846154
2010-08-22 10:34,826.27586206897,212.34482758621,797.75862068966,238.68965517241,231.48275862069,149.13793103448,700.72413793103,1061.5172413793,509.37931034483,190.44827586207,790.48275862069,231.34482758621,1574.6896551724,189.44827586207,326.72413793103,198.72413793103,414,566.79310344828,194.65517241379,198.89655172414,270.10344827586,179.27586206897,1140.9310344828,1168.6206896552,140.44827586207,2115,141.96551724138,1369.5862068966,202.55172413793,638,640.72413793103,203.96551724138,993,153.93103448276,1885.3793103448,425.89655172414,1083.1379310345,1152.1034482759,180.8275862069,267.34482758621,193.13793103448,376.55172413793,194.55172413793,594.75862068966,522,181.48275862069,1321.2068965517,208.13793103448,230.48275862069,616.58620689655,376.34482758621,164,329,1003.4482758621,458.41379310345,441.58620689655,202.03448275862,265.10344827586,754.86206896552,207.89655172414,763.51724137931
2010-08-22 10:49,830.46666666667,211.56666666667,794.23333333333,238.3,231.23333333333,148.7,704.9,1065.8666666667,511.1,191.06666666667,791.2,231.36666666667,1577.9,188.96666666667,327.66666666667,198.46666666667,413.8,568.93333333333,194.33333333333,198.73333333333,269.33333333333,179.1,1141.9666666667,1166.2,140.2,2112.9666666667,141.3,1337.2,201.96666666667,639.33333333333,645.73333333333,203.23333333333,993.96666666667,153.8,1884.9333333333,425.6,1082.5333333333,1151.4333333333,180.76666666667,267,193,376.2,194,597.33333333333,523.93333333333,181.63333333333,1320.9333333333,208.53333333333,228.8,617.33333333333,376.46666666667,163.86666666667,329.2,1005.0333333333,457.9,441.96666666667,201.66666666667,267.23333333333,762.93333333333,208,765.8
2010-08-22 11:04,827.4,211.36666666667,795.9,238.26666666667,231.26666666667,147.73333333333,700.26666666667,1062,509.1,191.03333333333,790.73333333333,230.56666666667,1580.5666666667,189.9,328.3,199.8,414.6,570.26666666667,195.53333333333,198.93333333333,270.26666666667,179.96666666667,1144.8,1166.7666666667,140.1,2116.6,143,1532.6333333333,202.36666666667,644.2,647.53333333333,203.76666666667,997.86666666667,153.93333333333,1888.2,425.46666666667,1083.4666666667,1154.4666666667,180.76666666667,267.03333333333,193,376,194.83333333333,596.63333333333,524,181.76666666667,1327.0666666667,208.86666666667,230.1,617.56666666667,376.13333333333,164,329.03333333333,1007.0333333333,460.73333333333,435.83333333333,200.23333333333,267,763.23333333333,207.16666666667,766.36666666667
2010-08-22 11:19,832.77419354839,211.58064516129,798,239.96774193548,232.58064516129,148.77419354839,705.16129032258,1067.3548387097,510.54838709677,190.25806451613,789.58064516129,231.67741935484,1577.7096774194,189.74193548387,328.74193548387,199.96774193548,415.41935483871,572.32258064516,195.51612903226,199.35483870968,270.29032258065,179.8064516129,1147.4193548387,1167.2258064516,140.48387096774,2117.4516129032,141.77419354839,1466.6451612903,201.87096774194,641.67741935484,644.32258064516,203.61290322581,995.41935483871,153.8064516129,1888.6129032258,426.96774193548,1085.3548387097,1165.6774193548,181.41935483871,267.41935483871,193.06451612903,377.77419354839,195.32258064516,597.67741935484,525.64516129032,181.61290322581,1328.3225806452,209.06451612903,229.45161290323,616.87096774194,376.06451612903,163.70967741935,329.09677419355,1007.9677419355,463.41935483871,444.74193548387,203.12903225806,269.51612903226,767.77419354839,207.90322580645,800.03225806452
2010-08-22 11:49,832.8064516129,211,794.35483870968,239.41935483871,232.09677419355,150.64516129032,707,1070.1935483871,511.58064516129,190.64516129032,790.61290322581,231.16129032258,1578.7419354839,189.64516129032,328.64516129032,200.41935483871,414.8064516129,571.09677419355,195.93548387097,198.90322580645,269.93548387097,179.48387096774,1143,1161.0967741935,140.32258064516,2180.8387096774,141.1935483871,1264.5483870968,203.12903225806,645.8064516129,649.54838709677,203.87096774194,995.32258064516,154.12903225806,1913.7741935484,430.87096774194,1085.0322580645,1153.5161290323,180.93548387097,267.06451612903,193,377.45161290323,195,597.51612903226,525.45161290323,182.32258064516,1330.6129032258,210.25806451613,230.32258064516,616.54838709677,376.25806451613,164,329.06451612903,1025.0967741935,470.74193548387,443.87096774194,201.64516129032,273.77419354839,814.38709677419,209.16129032258,785.90322580645
2010-08-22 12:19,836.38709677419,213.25806451613,798.96774193548,242.87096774194,233.29032258065,149.29032258065,707.38709677419,1077.8064516129,522.54838709677,191.67741935484,791.48387096774,231.83870967742,1578.7419354839,188.93548387097,326.64516129032,198.70967741935,413.35483870968,568.51612903226,194.58064516129,198.77419354839,269.58064516129,179.16129032258,1143.3548387097,1161.6129032258,139.77419354839,2275.3225806452,141.51612903226,1059.064516129,202.29032258065,643.25806451613,648.1935483871,203.51612903226,993.38709677419,153.83870967742,1887.4838709677,427.16129032258,1079.935483871,1151.6774193548,180.90322580645,267.03225806452,193,375.90322580645,195.1935483871,597.38709677419,524.09677419355,182.06451612903,1329.8387096774,210.61290322581,229.64516129032,617.38709677419,501.12903225806,226.93548387097,402.90322580645,1048.6129032258,471.38709677419,441.51612903226,205.1935483871,280.38709677419,819.35483870968,209.93548387097,818.8064516129
2010-08-22 16:19,854.67741935484,212.87096774194,813.58064516129,245.1935483871,235.77419354839,153.77419354839,728.06451612903,1088.7741935484,523.96774193548,192.61290322581,795.12903225806,232.58064516129,1585.6774193548,190.61290322581,327.83870967742,198.25806451613,411.67741935484,566.09677419355,193.58064516129,198.70967741935,268.48387096774,178.41935483871,1139,1159.9677419355,139.41935483871,2102.9677419355,140.64516129032,1045.2580645161,201.25806451613,643.48387096774,649.83870967742,204.74193548387,1006.3870967742,155.22580645161,1905.3548387097,428.96774193548,1089.9677419355,1158.2258064516,181.03225806452,267.09677419355,193,378.03225806452,195.83870967742,599.29032258065,527.35483870968,182.45161290323,1329.9677419355,210.67741935484,228.8064516129,615.58064516129,379.93548387097,169.8064516129,335.51612903226,1011.6451612903,461.22580645161,436.93548387097,200.29032258065,267.61290322581,763.32258064516,208.61290322581,780.51612903226
2010-08-22 22:19,789.09677419355,212.09677419355,790.64516129032,233.51612903226,231.61290322581,150,699.61290322581,1061.2903225806,507.70967741935,190.09677419355,790.48387096774,235.87096774194,1572.8387096774,191.41935483871,330.22580645161,198.06451612903,414.06451612903,567.93548387097,195.93548387097,204.22580645161,270.87096774194,178.64516129032,1144.7419354839,1167.0967741935,139.48387096774,2106.7096774194,141.32258064516,1062.5161290323,203,637.64516129032,635.03225806452,207.09677419355,1014.935483871,155.12903225806,1896.1612903226,429.51612903226,1085.3870967742,1155.3225806452,182.09677419355,269.51612903226,193.45161290323,380.51612903226,197.12903225806,598.32258064516,524.06451612903,182.22580645161,1323,209.32258064516,229.09677419355,617.93548387097,377.06451612903,164.1935483871,329.06451612903,966.54838709677,440.03225806452,444.38709677419,202.70967741935,262.61290322581,737.22580645161,211.54838709677,746.87096774194
2010-08-23 04:19,754.84375,208.84375,758.90625,226.65625,225.78125,143.125,700.625,1047.125,504.6875,189.9375,788.03125,231.90625,1550.65625,188.3125,326.90625,198.46875,409.96875,569.71875,194.59375,199.8125,273.1875,178.25,1137.5,1162.15625,139.3125,2112.75,141.375,1062.5,201.6875,635.875,621.375,204.0625,999.90625,154.53125,1896.4375,425.09375,1073.3125,1148.03125,180.8125,267.4375,193.125,375,192.6875,592.84375,517.5625,180.8125,1298.125,197.3125,223.90625,612.9375,376.0625,164,329,939.71875,421.5625,425.3125,201.125,249.84375,695.5,200.15625,707.65625
2010-08-23 10:19,824.40625,213.15625,799.28125,240.28125,232.875,150.90625,720.59375,1077.625,516.28125,193.71875,793.1875,232.4375,1594.9375,193.15625,334.5,202.34375,418.75,571.5,195.71875,199.5625,270.125,179.75,1149.90625,1165.78125,140.21875,2133.6875,141.4375,1055.9375,201.71875,660.875,644.84375,204.03125,1000,154.34375,1898.5625,427,1086,1161.21875,181.28125,267.53125,193,379.59375,196.40625,600,535.25,183.78125,1355.65625,218,232.3125,663.5625,394.96875,174,358.40625,1085.03125,483.34375,446.09375,203.125,267.21875,764.3125,210.1875,765.53125
2010-08-26 16:31,2054.6129032258,821.12903225806,2947.2580645161,684.12903225806,768.96774193548,419.93548387097,1972.7741935484,2076.2580645161,754.58064516129,252.70967741935,1065.3548387097,359.16129032258,2113.7096774194,242.51612903226,458.32258064516,252.12903225806,556.35483870968,692.1935483871,211.90322580645,214.96774193548,335.58064516129,307.54838709677,1379.2903225806,1172.0967741935,140.77419354839,2171.3870967742,143.48387096774,1056.7741935484,202.67741935484,672.93548387097,644.32258064516,204.51612903226,1000.9677419355,155,1897.6129032258,426.35483870968,1108,1164.935483871,181.25806451613,268.03225806452,193.12903225806,385.45161290323,202,608.35483870968,536.74193548387,183.48387096774,1407.2258064516,221.74193548387,235.64516129032,664.29032258065,415.41935483871,169.41935483871,330.22580645161,1079.6451612903,511.32258064516,474.29032258065,209.48387096774,286.25806451613,834.54838709677,226.74193548387,894.12903225806
2010-08-26 16:46,2283.5483870968,944.51612903226,3126.2580645161,700.67741935484,819.12903225806,341.38709677419,1721.0322580645,2191.8709677419,796.74193548387,260.83870967742,1099.5483870968,350.61290322581,2090.1935483871,256.8064516129,504.45161290323,277,580,695.61290322581,227.1935483871,239.25806451613,482.06451612903,398.48387096774,1437.8709677419,1169.9677419355,140.8064516129,2148.1935483871,142.38709677419,1059.1290322581,202.90322580645,667.96774193548,642.96774193548,203.70967741935,997.83870967742,154.90322580645,1896.4193548387,426.38709677419,1107.7419354839,1164.2903225806,181.1935483871,268.64516129032,193.54838709677,384.25806451613,200.48387096774,607.61290322581,538.25806451613,183.77419354839,1400.2580645161,234.35483870968,269.32258064516,620.1935483871,401.1935483871,169.58064516129,331.09677419355,1093.5483870968,515.67741935484,486.38709677419,209.06451612903,316.51612903226,925.06451612903,264.12903225806,1034.4838709677
2010-08-26 17:01,2267.625,977.09375,3047.96875,704.9375,802.5,389.3125,1886.65625,2056.125,732.3125,274.53125,1200.125,377.25,2541.3125,369.6875,608.0625,274.65625,608.15625,817.84375,264.625,291.125,522.28125,449.5625,1496,1293.65625,140.90625,2163.375,143.09375,1058.96875,202.84375,673.375,644.28125,204.1875,999.46875,154.84375,1897.40625,426.8125,1107.90625,1165.15625,181.4375,268.6875,193.59375,382.8125,198.71875,604.90625,608.625,183.9375,1403.21875,219.0625,233.875,620.53125,377.46875,164.5625,344.375,1136.03125,538.1875,487.71875,209.59375,354.125,1018.375,297.3125,1178.0625
2010-08-26 17:16,2391.5806451613,997.67741935484,3204.6451612903,791.87096774194,860.87096774194,348.90322580645,1785.9677419355,2193.935483871,812.25806451613,309.09677419355,1303.4516129032,404.25806451613,2433.7096774194,292.38709677419,568,300.64516129032,715.90322580645,885.87096774194,272.09677419355,301.35483870968,558.25806451613,473.54838709677,1537.4838709677,1396.8387096774,141.16129032258,2156.9677419355,143.22580645161,1056.5806451613,203,673.70967741935,647.64516129032,203.67741935484,996.03225806452,154.12903225806,1890.7096774194,426.25806451613,1107.6129032258,1166.4193548387,181.12903225806,268.12903225806,193.41935483871,385.12903225806,201.77419354839,609.48387096774,541.25806451613,184.38709677419,1394.0322580645,219.96774193548,234.22580645161,621.87096774194,378.54838709677,168.12903225806,334.61290322581,1187.064516129,616.09677419355,555.93548387097,219.93548387097,392.32258064516,1142.8709677419,414.67741935484,1393.6774193548
2010-08-26 17:46,2169.5862068966,1040.275862069,3444.4482758621,786.72413793103,911.10344827586,344.65517241379,1773.4137931034,2213.6551724138,805.96551724138,302.1724137931,1313.6896551724,397.62068965517,2440.4137931034,336.79310344828,607.48275862069,324.03448275862,777.41379310345,928.34482758621,291.86206896552,346.65517241379,656.89655172414,554.37931034483,1738.5862068966,1222.2068965517,141.79310344828,2188.6206896552,143.58620689655,1057.6551724138,204.31034482759,697.96551724138,648.37931034483,205.03448275862,999.62068965517,154.72413793103,1902.724137931,427.93103448276,1113.3103448276,1183.1724137931,182,268.55172413793,193.20689655172,387.31034482759,201.48275862069,609.72413793103,544.65517241379,186.65517241379,1431.4482758621,234.20689655172,236.86206896552,626.62068965517,400.34482758621,186.55172413793,374.27586206897,1485.724137931,914.8275862069,682.79310344828,268.65517241379,579.96551724138,1559.0344827586,605.03448275862,1661.8620689655
2010-08-26 18:16,1668.9655172414,701.44827586207,2450.3448275862,555.41379310345,605.13793103448,347.27586206897,1711.8620689655,1784.1379310345,665.27586206897,271.93103448276,1214.6896551724,332,2190.275862069,277.51724137931,528.68965517241,256.8275862069,556.89655172414,710,220.24137931034,229.24137931034,333.1724137931,247.86206896552,1419.275862069,1226.1379310345,141.1724137931,2247.0689655172,143.89655172414,1059.2413793103,203.89655172414,675.65517241379,643.72413793103,204.44827586207,1001.5517241379,155.34482758621,1896.6896551724,427.89655172414,1112.4827586207,1162.5862068966,181.41379310345,268.03448275862,193.06896551724,384.06896551724,199.34482758621,602.06896551724,536.41379310345,184.79310344828,1360.1724137931,219.27586206897,233.51724137931,625.10344827586,386.20689655172,219.31034482759,413.48275862069,1349.3793103448,792.62068965517,642.8275862069,256.31034482759,518.51724137931,1456.4827586207,602.93103448276,1578.9310344828
2010-08-26 22:16,867.5,214.16666666667,812.83333333333,244.5,241.36666666667,154.56666666667,754.03333333333,1083.2,510.4,190.03333333333,791.73333333333,235.53333333333,1567.2666666667,190.83333333333,328.83333333333,198.33333333333,412.23333333333,568.03333333333,195.93333333333,200.3,271.33333333333,180.5,1151.2333333333,1171.6333333333,139.7,2136.4,142.93333333333,1067.1,203.2,636.93333333333,636.7,206.86666666667,1016.9333333333,156.16666666667,1929.8333333333,429.63333333333,1086.6,1159.6666666667,182.53333333333,269.13333333333,194.93333333333,380.76666666667,196.33333333333,597.13333333333,523.83333333333,181.83333333333,1316.3333333333,208.43333333333,227.6,615.76666666667,376,164,329,973.1,447.13333333333,440.2,203.66666666667,260.4,728.53333333333,209.2,761.26666666667
2010-08-27 04:16,751.64516129032,205.93548387097,761,227.09677419355,227.74193548387,147.58064516129,714.96774193548,1038.064516129,503.58064516129,189.32258064516,787.03225806452,229.03225806452,1550.7419354839,191.8064516129,330.1935483871,199.48387096774,411.51612903226,566.32258064516,193.29032258065,198.90322580645,271.54838709677,179.38709677419,1144.0322580645,1184.6774193548,141.32258064516,2140.5806451613,143.41935483871,1079.2580645161,205.74193548387,649.06451612903,628.77419354839,204.51612903226,1004.4516129032,155.58064516129,1903.8709677419,427.25806451613,1082.0967741935,1152.0967741935,181.48387096774,268.32258064516,193.70967741935,377.03225806452,192.83870967742,592.70967741935,517.8064516129,181.06451612903,1299.9677419355,196.45161290323,222.51612903226,611.70967741935,376,164,329.12903225806,938.29032258065,422.83870967742,422.77419354839,201.54838709677,250.1935483871,694.67741935484,201.35483870968,700.06451612903
2010-08-27 10:16,837.36666666667,213.83333333333,806.16666666667,242.93333333333,235.26666666667,158.4,736.83333333333,1085.7333333333,525.96666666667,195.46666666667,797.4,234.83333333333,1609.1,193.13333333333,334.46666666667,202.2,416.9,573.4,195.96666666667,198.8,270.13333333333,180,1155.9666666667,1168.6666666667,140.1,2124.5666666667,141.73333333333,1067.3666666667,203,667.1,644.03333333333,204.6,1003.0666666667,155.36666666667,1902.8666666667,437.46666666667,1090.2333333333,1176.0333333333,181.03333333333,267.1,193,381.8,197.93333333333,605.9,535.33333333333,183.23333333333,1351.2333333333,213.7,231.5,619.33333333333,396.93333333333,175.93333333333,350.3,1076.9333333333,496.73333333333,446.2,202.6,277.23333333333,807,212.8,786.96666666667
2010-08-27 16:16,1420.8148148148,543.66666666667,2511.1851851852,602.37037037037,635.14814814815,356.14814814815,1623.962962963,1757.3333333333,646.74074074074,232.18518518519,979.07407407407,289.33333333333,1854.2592592593,236.74074074074,432.88888888889,240.51851851852,485.2962962963,662.74074074074,211.44444444444,204.40740740741,332.03703703704,313.51851851852,1389.4444444444,1173,140.85185185185,2205.962962963,143.37037037037,1064.8518518519,235.11111111111,747.22222222222,643.85185185185,204.96296296296,1002.4444444444,155.85185185185,1904.962962963,430.66666666667,1109.4814814815,1168.8888888889,181.51851851852,268.2962962963,193.07407407407,385.14814814815,200.85185185185,607.62962962963,538.48148148148,184.62962962963,1351.1111111111,214.77777777778,231.92592592593,618.55555555556,376.85185185185,164.44444444444,330.03703703704,1085.7037037037,553.96296296296,489.48148148148,211.74074074074,277.33333333333,812.37037037037,226.55555555556,906.11111111111
2010-08-29 15:19,835.74193548387,212.32258064516,807.93548387097,242.25806451613,233.29032258065,148.25806451613,706.41935483871,1069.935483871,513.87096774194,189.70967741935,790.90322580645,232.74193548387,1571.6129032258,187.45161290323,323.96774193548,196.70967741935,409.38709677419,563.83870967742,192.48387096774,198.38709677419,268.45161290323,178.45161290323,1141.2903225806,1157.6451612903,138.93548387097,2099.064516129,140.48387096774,1043.4516129032,200.93548387097,641.29032258065,647.96774193548,204.54838709677,1000.4838709677,154.64516129032,1899.2903225806,427.32258064516,1084.2580645161,1154.1290322581,180.90322580645,267.32258064516,193.1935483871,376.38709677419,194.87096774194,595.58064516129,523.51612903226,181.61290322581,1375.2580645161,221.90322580645,231.8064516129,791.8064516129,510.8064516129,226.87096774194,333.32258064516,1007.9677419355,453.96774193548,439.96774193548,202.64516129032,266.54838709677,754.90322580645,208.38709677419,768.35483870968
2010-08-29 15:34,834.16129032258,210.06451612903,802.96774193548,243.29032258065,233.38709677419,148.74193548387,707.41935483871,1067.8709677419,513.67741935484,189.83870967742,789.8064516129,231.35483870968,1578.064516129,188.54838709677,325.1935483871,197.22580645161,409.8064516129,564.03225806452,192.48387096774,198.32258064516,268.58064516129,178.41935483871,1165.9677419355,1157.4838709677,139.06451612903,2099.7096774194,140.48387096774,1042.064516129,201.06451612903,641.25806451613,644.96774193548,204.25806451613,1004.1935483871,155,1900.4516129032,426.93548387097,1085.7741935484,1158.4193548387,181.03225806452,267.06451612903,193,376.96774193548,194.74193548387,596.16129032258,523.25806451613,181.48387096774,1335.064516129,230.16129032258,231.96774193548,780.06451612903,455.70967741935,195.41935483871,376.41935483871,1004.0967741935,455.90322580645,434.12903225806,201.45161290323,266.25806451613,755.1935483871,209.35483870968,780.64516129032
2010-08-29 15:49,849.1935483871,211.45161290323,810.29032258065,241.87096774194,234.29032258065,150.1935483871,715.1935483871,1074.5806451613,516.74193548387,190.25806451613,791.64516129032,231.74193548387,1581.6129032258,188,324.16129032258,197.09677419355,409.1935483871,564.12903225806,192.22580645161,198.06451612903,268.12903225806,178.38709677419,1136.7741935484,1159.4193548387,139.16129032258,2100.5806451613,141.12903225806,1042.3548387097,200.58064516129,639.45161290323,643.29032258065,204,1001.2903225806,155.06451612903,1902.5483870968,427.93548387097,1083.9677419355,1155.7096774194,180.8064516129,267.35483870968,193.12903225806,377.45161290323,196.35483870968,598.12903225806,524.35483870968,181.29032258065,1328.3225806452,212.8064516129,230.90322580645,735.67741935484,456,198.61290322581,371.64516129032,1006.9677419355,455.70967741935,436.1935483871,201.45161290323,266.96774193548,755.48387096774,207.48387096774,781.41935483871
2010-08-29 16:04,842.41935483871,213.12903225806,815.48387096774,244.06451612903,234.45161290323,151.35483870968,720.67741935484,1082.7096774194,520.87096774194,191.58064516129,792.61290322581,232.67741935484,1583.8064516129,189.54838709677,326.06451612903,197.54838709677,410.38709677419,566.45161290323,193.22580645161,198.45161290323,268.41935483871,178.77419354839,1138.4193548387,1157.8709677419,139.32258064516,2103.9677419355,140.61290322581,1043.6774193548,200.48387096774,638.90322580645,648.48387096774,204.16129032258,1003.0967741935,155.16129032258,1906.1612903226,428.61290322581,1089.8387096774,1158.064516129,181.09677419355,267.58064516129,193.06451612903,377.25806451613,195.45161290323,597.03225806452,523.41935483871,182.25806451613,1326.7741935484,211.45161290323,229.32258064516,623.93548387097,428.70967741935,180.58064516129,376.38709677419,1002,456.87096774194,434.35483870968,201.77419354839,265.38709677419,756.54838709677,206.90322580645,773.35483870968
2010-08-29 16:34,864.41935483871,215.12903225806,826.8064516129,245.16129032258,237.48387096774,155.67741935484,735.45161290323,1104.6451612903,535.77419354839,194.48387096774,798.03225806452,233.58064516129,1590.8064516129,190.25806451613,329.03225806452,199.93548387097,412.70967741935,567.64516129032,194.25806451613,198.77419354839,268.8064516129,178.74193548387,1141.2580645161,1162.0967741935,139.1935483871,2107.1935483871,141.1935483871,1046.5806451613,201.22580645161,641.06451612903,647.96774193548,204.35483870968,1003.4516129032,155.06451612903,1909.5161290323,428.41935483871,1090.7096774194,1159.5483870968,181.45161290323,267.45161290323,193.06451612903,379.58064516129,196.83870967742,599.74193548387,530.1935483871,182.90322580645,1339.5806451613,214.16129032258,231.38709677419,617.1935483871,421.74193548387,164.06451612903,329,1004.6451612903,459.83870967742,444.87096774194,201.83870967742,267.77419354839,768.03225806452,210.22580645161,794.41935483871
2010-08-29 17:04,875.35483870968,215.48387096774,832.25806451613,250.12903225806,239.74193548387,176.1935483871,831.45161290323,1124.1290322581,525.61290322581,197.16129032258,802.77419354839,234.83870967742,1601.8064516129,192.12903225806,331.22580645161,200.67741935484,414.83870967742,573.29032258065,196.64516129032,199.54838709677,270.06451612903,179.45161290323,1144.5161290323,1162.7096774194,139.58064516129,2104.4838709677,140.90322580645,1047.5483870968,201.67741935484,641.16129032258,659.54838709677,204.77419354839,1006.1935483871,155.35483870968,1906.1612903226,429.06451612903,1092.064516129,1164.7419354839,181.41935483871,267.54838709677,193,381.8064516129,197.61290322581,600.64516129032,528.54838709677,182.09677419355,1338.3548387097,216.29032258065,231.61290322581,752.03225806452,482.83870967742,182.06451612903,385.29032258065,1038.3225806452,462.03225806452,447.22580645161,202.38709677419,272.09677419355,776.35483870968,218.90322580645,825.29032258065
2010-08-29 21:04,801.22580645161,214.06451612903,792.58064516129,237.41935483871,234.48387096774,150.64516129032,711.22580645161,1077.6774193548,513,190.83870967742,791.54838709677,236.09677419355,1570.5806451613,190.83870967742,331.03225806452,198.83870967742,413.77419354839,565.8064516129,194.90322580645,199.93548387097,270.83870967742,179.45161290323,1142.0322580645,1168.3225806452,140,2108.1290322581,141.12903225806,1054.935483871,202.83870967742,639.48387096774,637.22580645161,205.67741935484,1001.935483871,155.09677419355,1900.5483870968,429.51612903226,1083.8064516129,1154.064516129,181.64516129032,269.03225806452,193.1935483871,380.58064516129,197.09677419355,597.32258064516,524.12903225806,182,1324.3548387097,211.51612903226,230.54838709677,618.32258064516,376.96774193548,164.45161290323,329.06451612903,981.48387096774,443.48387096774,428.64516129032,201.29032258065,261.74193548387,739.87096774194,210.29032258065,743.25806451613
2010-08-30 03:04,772.58064516129,211.12903225806,770.1935483871,229.35483870968,229.06451612903,148.51612903226,721.48387096774,1052.1290322581,513.09677419355,191.41935483871,788.87096774194,232.03225806452,1560.2903225806,192.64516129032,333.29032258065,203.61290322581,417.35483870968,571.77419354839,195.90322580645,200.64516129032,272.45161290323,179.83870967742,1153.7741935484,1182.0322580645,141.93548387097,2145.6451612903,141.48387096774,1063.3870967742,203.48387096774,651.12903225806,644.8064516129,209.16129032258,1037.2258064516,157.35483870968,1941.0322580645,431.41935483871,1092.8387096774,1165.7419354839,184.06451612903,272.58064516129,196.09677419355,387.22580645161,197.35483870968,601.64516129032,525.16129032258,182.12903225806,1312.5483870968,199.29032258065,225.1935483871,617.74193548387,376.74193548387,164.12903225806,329.1935483871,941.41935483871,427.58064516129,422.90322580645,210.77419354839,255.16129032258,714.1935483871,205.96774193548,728.35483870968
2010-08-30 09:04,888.34375,225.84375,871.65625,253.65625,246.25,167.8125,772.375,1086.5,517.3125,193.59375,798.53125,233.96875,1598.375,193.3125,331.90625,200.5,416.25,566.71875,193.875,199.125,269.59375,179.46875,1148.0625,1164.375,139.9375,2110.40625,142.71875,1053.78125,201.90625,640.5625,646.6875,203.875,993.96875,153.8125,1880.875,424.8125,1083.75,1163.53125,206.9375,332.15625,262.625,455.9375,212.3125,737.3125,695.875,229.5,1805.3125,271.09375,357.875,1288.90625,872.25,380.5,697.3125,1777.78125,643.84375,477.25,205.3125,287.90625,815.09375,210.375,785.34375
2010-08-30 15:04,834.40625,217.9375,836.96875,244.59375,236.4375,153.125,782.4375,1179.375,540.53125,208.71875,941.15625,242.15625,1623.34375,194.25,338.1875,205.625,421.65625,577.21875,196.1875,198.9375,271.5,225.1875,1246.0625,1166.1875,139.9375,2108.5,141.03125,1047.5625,201.3125,644.4375,643.375,204.125,996.59375,155.375,1894.3125,427,1093.5625,1159.4375,181.1875,267.46875,193,378.5625,197.21875,601.5625,530.96875,183.25,1337.5625,210.46875,229.4375,617.1875,376.25,164.0625,329.03125,1001.3125,458.03125,439.875,204.625,262.65625,745.90625,206.15625,763.96875
2010-09-01 09:22,840.51851851852,213.2962962963,814.40740740741,245.81481481481,237.07407407407,159.11111111111,753.51851851852,1111.2592592593,528.85185185185,197.77777777778,806.92592592593,234.85185185185,1616.1481481481,195.25925925926,335.18518518519,203.33333333333,419.2962962963,572.88888888889,196.14814814815,199.59259259259,269.62962962963,180.03703703704,1155.0740740741,1180.6666666667,140.96296296296,2135.5925925926,144.07407407407,1070.7037037037,202.92592592593,651.59259259259,655.88888888889,206.03703703704,1008.2962962963,156.33333333333,2245.9259259259,570.55555555556,1434,1258.2592592593,181.74074074074,278.77777777778,231.88888888889,459.48148148148,239.2962962963,821.62962962963,698.07407407407,276.81481481481,2163.3703703704,316.48148148148,344.44444444444,1267.2222222222,937.92592592593,410.18518518519,740.77777777778,1812.8518518519,639.44444444444,480.33333333333,205.18518518519,292.55555555556,818.81481481481,214.07407407407,795.07407407407
2010-09-01 09:37,844.7037037037,214.18518518519,817.25925925926,244.74074074074,237.7037037037,156.88888888889,731.18518518519,1093.3333333333,524.11111111111,195.59259259259,800.48148148148,234.81481481481,1608.9259259259,195.37037037037,336.22222222222,203.77777777778,420.33333333333,575.48148148148,198.59259259259,200.66666666667,270.18518518519,180.74074074074,1158.6296296296,1181.037037037,140.81481481481,2134.1851851852,143.51851851852,1068.6296296296,203.48148148148,649.96296296296,656.25925925926,205.62962962963,1005.8518518519,155.51851851852,2149.3703703704,610.03703703704,1226.962962963,1220.4444444444,181.33333333333,267.48148148148,193.07407407407,428.44444444444,250.44444444444,741.81481481481,799.7037037037,275.03703703704,1825.6666666667,280.74074074074,297.40740740741,1109.1851851852,774.77777777778,350.59259259259,645.40740740741,1668.3333333333,624.7037037037,471.59259259259,208.62962962963,286.07407407407,831.33333333333,216.18518518519,811.07407407407
2010-09-01 09:52,843.51851851852,214.07407407407,807.40740740741,243.07407407407,236.59259259259,156.07407407407,726.48148148148,1086.962962963,524.11111111111,195,798.18518518519,233.40740740741,1603.3703703704,193.85185185185,333.96296296296,202.74074074074,417.33333333333,573.51851851852,197,200.62962962963,270.22222222222,180.22222222222,1162.7037037037,1184.5555555556,141.33333333333,2136.3703703704,143.14814814815,1067.8888888889,203.44444444444,660.37037037037,650.14814814815,205.2962962963,1006.1111111111,155.51851851852,2042.5185185185,482.96296296296,1127.8888888889,1236.7037037037,181.40740740741,267.44444444444,193,384,203.48148148148,648.25925925926,613.03703703704,217.92592592593,1713.7407407407,251.07407407407,261.96296296296,872.40740740741,641.37037037037,257.81481481481,554.18518518519,1553.1851851852,590.74074074074,459.59259259259,207.14814814815,283.74074074074,830.2962962963,213.59259259259,830.14814814815
2010-09-01 10:07,820.66666666667,212.18518518519,805.51851851852,246.88888888889,235.18518518519,152.81481481481,715.81481481481,1078.6666666667,524.55555555556,195.40740740741,796.55555555556,234.51851851852,1604.4074074074,194.22222222222,335.66666666667,202.33333333333,417.07407407407,575,198.88888888889,201.55555555556,270.66666666667,180.59259259259,1162.7037037037,1180.962962963,141.14814814815,2144.6666666667,142.85185185185,1065.9259259259,203.77777777778,677.88888888889,652.77777777778,205.62962962963,1006.4074074074,155.77777777778,1922.6296296296,431.2962962963,1121.962962963,1237.2962962963,181.81481481481,267.92592592593,193.14814814815,383.74074074074,198.40740740741,606.03703703704,540.77777777778,191.62962962963,1539.5185185185,239.07407407407,260,789.55555555556,539.77777777778,233.11111111111,444.55555555556,1326.6666666667,570.40740740741,460.44444444444,208.18518518519,280.11111111111,815.88888888889,214.48148148148,821.74074074074
2010-09-01 10:37,837.39285714286,212.64285714286,824.07142857143,241.53571428571,235.32142857143,153.92857142857,724.85714285714,1084.2857142857,522,195.21428571429,796.96428571429,235.35714285714,1607.5,194.75,334.53571428571,202.60714285714,421.78571428571,574.75,197.32142857143,199.67857142857,269.67857142857,180.42857142857,1160.7142857143,1178.9285714286,141.42857142857,2134.2142857143,142.57142857143,1064.8571428571,208.5,656.53571428571,686.75,204.92857142857,1003.4285714286,194.14285714286,1925.5714285714,432.60714285714,1091.3928571429,1177.5357142857,181.25,267.42857142857,193.07142857143,382.71428571429,197.60714285714,604.60714285714,533.14285714286,183.14285714286,1343.2857142857,212.03571428571,231.57142857143,620.85714285714,432.60714285714,198.28571428571,381.60714285714,1126.2142857143,501.07142857143,447.82142857143,205.32142857143,271.92857142857,782.89285714286,220.71428571429,817.14285714286
2010-09-01 11:07,824.35714285714,209.92857142857,798.32142857143,241.89285714286,234.42857142857,153.78571428571,718,1074.1428571429,517.75,195.17857142857,801.75,235.64285714286,1602.4642857143,194.14285714286,335.78571428571,203.17857142857,418.85714285714,572.96428571429,196.42857142857,203.57142857143,269.21428571429,180.60714285714,1163.9285714286,1181.3571428571,140.96428571429,2144.4285714286,143.25,1062.6785714286,207.75,662.32142857143,673.25,206.42857142857,1004.3928571429,161.35714285714,2025.8571428571,432.78571428571,1091.5714285714,1180.3571428571,181.39285714286,267.35714285714,193,383,199.03571428571,604.28571428571,532.60714285714,183.60714285714,1350.3928571429,218.32142857143,231.32142857143,619.39285714286,377.17857142857,164.5,329.39285714286,1027.9642857143,480.39285714286,443.25,203.57142857143,271.17857142857,799.96428571429,229.64285714286,814.96428571429
2010-09-01 15:07,829.07142857143,212.5,908.82142857143,273.07142857143,269.21428571429,189.92857142857,898.10714285714,1364.2857142857,560.17857142857,208.25,995.78571428571,246.07142857143,1654.25,197.92857142857,341.92857142857,207.64285714286,425.64285714286,583.32142857143,198.78571428571,198.92857142857,269.60714285714,180.39285714286,1169.2857142857,1177.6428571429,140.46428571429,2125.0714285714,142.17857142857,1051.2857142857,201.57142857143,652.35714285714,640.32142857143,204.35714285714,1000,155.57142857143,1911.9642857143,428.82142857143,1122.6071428571,1197.9642857143,182.14285714286,268.17857142857,193.42857142857,381.82142857143,199.42857142857,605.35714285714,535.60714285714,183.71428571429,1351.3214285714,212.03571428571,231.53571428571,619,378.21428571429,164.71428571429,330.5,1003.1428571429,460.25,436.53571428571,205.17857142857,267.28571428571,762.96428571429,207.78571428571,775.92857142857
2010-09-01 21:07,817.67857142857,211.28571428571,791.5,237.21428571429,233.32142857143,154.28571428571,712.03571428571,1071.4285714286,510.42857142857,191.10714285714,792.96428571429,235.96428571429,1572.3928571429,191.60714285714,330,198.5,412.14285714286,568.46428571429,195.67857142857,200.46428571429,270.32142857143,180.07142857143,1145.2857142857,1175.75,140.28571428571,2127.5714285714,142.10714285714,1052.8214285714,202.46428571429,637.5,636.46428571429,205.46428571429,998.64285714286,156.42857142857,1910.1071428571,430.53571428571,1094.0357142857,1166.7857142857,182.03571428571,267.60714285714,193,376.75,195.35714285714,597.82142857143,522.71428571429,181.35714285714,1314.25,208.35714285714,228.03571428571,614.96428571429,376.53571428571,164,329,979.57142857143,449.21428571429,435.82142857143,207,263.28571428571,736.89285714286,209.14285714286,743.64285714286
2010-09-02 03:07,762.9,207.33333333333,776.23333333333,230.6,232.96666666667,153.5,729.06666666667,1045.2,504.63333333333,190.86666666667,786.36666666667,230.86666666667,1566.5,192.23333333333,333.8,200,416.1,576.63333333333,197.9,202.46666666667,274.56666666667,182.66666666667,1172.1666666667,1195.2333333333,141.83333333333,2156.7,143.46666666667,1081.7333333333,203.16666666667,646.26666666667,641.76666666667,207.86666666667,1021.4,157.76666666667,1935.1,433.6,1106.2333333333,1175.3666666667,181.63333333333,269.83333333333,194.33333333333,383.46666666667,196.1,602.2,528.36666666667,183.23333333333,1307.6333333333,196.23333333333,224.36666666667,613.8,376.06666666667,164,329,939.76666666667,426.53333333333,409.2,206.23333333333,245.7,694.8,203.9,722.8
2010-09-02 09:07,860.56666666667,212.73333333333,810.23333333333,246.76666666667,237.26666666667,163.56666666667,763.3,1082.2666666667,516,193.13333333333,796.56666666667,233.13333333333,1597.5333333333,192.7,332.76666666667,201.26666666667,416.06666666667,568.56666666667,194.83333333333,198.6,269.23333333333,179.9,1143.6666666667,1179.3,139.76666666667,2119,141.63333333333,1058.1333333333,202.23333333333,642.36666666667,652.56666666667,204.4,998.53333333333,154.2,1888.5,425.46666666667,1088.2,1161.1,180.9,267.26666666667,193,380.56666666667,198.73333333333,683.43333333333,617.36666666667,260.03333333333,1948.5,294.6,348.16666666667,1301.2,963.3,425.93333333333,754.66666666667,1913.3,667.76666666667,491.23333333333,210.53333333333,291.63333333333,817.4,214.73333333333,812.43333333333
2010-09-04 09:22,831.76,213.04,801.76,242.52,234.08,151.92,707.12,1063.04,509.76,191.24,789.56,229.88,1579.44,190.76,328.28,198.32,413.52,571.4,194.96,199.48,269.12,179.84,1144.36,1164.68,140.88,2829.68,142.4,1062.96,204,644.28,644.24,206.84,997.52,155.16,1900.76,431.36,1087.2,1160.16,181.12,267.2,192.52,376.52,193.88,595.36,522.76,181.48,1319.96,208.64,229.72,615.96,376.4,164,329,998.56,457.4,429.36,202.24,267.44,761.6,210.04,763.6
2010-09-04 09:37,840.76,212.6,802.96,243.12,236.2,153.04,711.88,1076.16,513.68,191.48,790.52,231.6,1577.56,189.56,326.92,198.36,413.56,570.24,194.96,199.12,269.72,179.36,1148.2,1166.76,140.84,2953.28,142.24,1062.84,204.08,642.84,644.08,206.44,998.08,154.76,1901.84,430.56,1087.88,1160.68,180.92,267.08,193,375.84,194.84,596.2,524.08,181.48,1321.2,208.6,230.08,617.04,376.16,164,329,1008.88,462.24,442.28,204.28,265.4,760.16,208.8,768.88
2010-09-04 09:52,836.76,211.8,804.4,245.04,235.64,152.84,715.64,1075.2,512.56,191.8,791.16,231.6,1587.56,190.6,328.76,198.08,413.28,570.2,195.56,199.88,269.48,179.84,1148.64,1170.56,141.08,2993.4,142.64,1063.08,204.24,646.04,644.12,206.28,998,154.88,1903.8,431,1088.24,1161.52,180.96,267.16,193,376.52,194.68,596.32,522.4,181.32,1320.8,208.52,228.96,615.96,376.32,164.4,329.12,1010.6,464.24,436.72,204.16,270.72,774.08,208.24,775
2010-09-04 10:07,838.44,213.6,814.16,248.08,238.44,155.96,726.28,1081.92,516.56,192.36,792.88,233.04,1583.16,190.48,329.08,198.92,417.08,573.68,196.96,199.28,269.32,179.72,1147.32,1163.2,140.8,2975.72,142.2,1062.76,203.28,644.64,647.16,206.56,999.6,155.48,1914.24,430.88,1091.64,1161.2,180.84,267,193,376.28,195.24,596.68,523.28,181.2,1319.6,210,230.4,617.08,376.16,164,329,1002.64,458.24,435.08,205.32,268.08,766.32,211.2,834.6
2010-09-04 10:37,837.72,210.68,805.24,245.16,235.64,155.4,721.48,1079.2,514.92,192.16,793.6,232,1583.84,190.32,328.72,199.16,415.32,576.44,196.76,200,270.04,179.96,1148.84,1173.72,141.16,3263.36,142.36,1063.08,203.08,648.8,645.08,205.8,999.28,155.32,1906.44,431.72,1090.52,1160.76,181.04,267.16,193,377.6,195.56,599.76,527.28,182.12,1327.68,208.64,230.96,617.44,376.32,164,329.24,1008.4,462.04,435.16,203.48,271.08,778.28,209.36,780.04
2010-09-04 11:07,841.92,211.92,806.2,245.8,236.36,154.8,716.12,1071.36,515.4,192.96,793,232.92,1589.12,190.72,328.88,199.4,416.24,569.2,194.28,198.96,269.36,179.44,1150.28,1175.68,142.32,3058.68,142.44,1062.32,203.28,646.36,653.2,205.8,1002.52,155.32,1908.2,431.96,1091.12,1158.48,180.76,267,193,376.96,195.16,599.44,527.56,182.16,1330.12,211.52,230.64,619.16,376.4,164,328.72,1015.84,465.92,440.56,202.64,271.52,785.44,208.8,782.88
2010-09-04 15:07,839.66666666667,210.33333333333,850.22222222222,262.51851851852,239,153.7037037037,717.25925925926,1076.7407407407,517.2962962963,192.85185185185,794.18518518519,232.2962962963,1576.1851851852,188.51851851852,326.14814814815,197.92592592593,410.25925925926,565.14814814815,193.51851851852,198.14814814815,268.7037037037,178.77777777778,1139.2222222222,1163.2222222222,140.07407407407,2116.7407407407,141.88888888889,1052.7777777778,202.07407407407,641.37037037037,637.14814814815,206,997.51851851852,154.81481481481,1901.2222222222,429.48148148148,1086.8518518519,1156.1111111111,180.77777777778,267.07407407407,193,375.59259259259,194.62962962963,596.25925925926,523.85185185185,181.92592592593,1325.962962963,211.25925925926,229.66666666667,616.7037037037,376,164,329,995.11111111111,455.74074074074,434.96296296296,204.96296296296,267.25925925926,762.66666666667,208.25925925926,855.59259259259
2010-09-04 21:07,818.66666666667,216,802,239.55555555556,236.2962962963,155.81481481481,717.77777777778,1084.2962962963,514.92592592593,192.22222222222,792.74074074074,238.22222222222,1583.3703703704,193.14814814815,331.62962962963,199.11111111111,413.2962962963,566.25925925926,194.92592592593,200.51851851852,270.59259259259,179.48148148148,1143,1170.8888888889,140.33333333333,2124.7777777778,142.11111111111,1058.6296296296,202.77777777778,639.07407407407,637.14814814815,205.7037037037,1003.5185185185,155.77777777778,1903.7777777778,431.62962962963,1089.2592592593,1159.7407407407,182.07407407407,268.92592592593,193.37037037037,380.55555555556,196.11111111111,596.59259259259,525.2962962963,183.51851851852,1330.0740740741,213.40740740741,232.59259259259,620.66666666667,376.2962962963,164.07407407407,329.2962962963,991.96296296296,457.37037037037,432.55555555556,209.03703703704,264.7037037037,738.44444444444,207.7037037037,767.88888888889
2010-09-05 03:07,775.25,209.28571428571,775.67857142857,232.75,228.67857142857,151.5,694.39285714286,1047.2857142857,502.82142857143,189.85714285714,787.03571428571,233.96428571429,1566.1785714286,191.28571428571,330.14285714286,199,417.75,567.64285714286,195.57142857143,201.25,274.35714285714,181.78571428571,1163.0357142857,1188.8214285714,142.28571428571,2129.1071428571,143.53571428571,1063.4285714286,204.32142857143,643.92857142857,649.28571428571,208.25,1015.4285714286,157.92857142857,1940.3571428571,438.28571428571,1114.1071428571,1183.0357142857,184.17857142857,274.25,196.25,387.82142857143,199.5,608.67857142857,529.46428571429,182.32142857143,1326.3571428571,207.67857142857,229.60714285714,623.57142857143,377.25,164.21428571429,332.21428571429,968.07142857143,440.10714285714,422.85714285714,205.03571428571,256.35714285714,711.10714285714,204.17857142857,725.46428571429
2010-09-05 09:07,801.93103448276,207.1724137931,772.89655172414,231.37931034483,228,146.93103448276,686.1724137931,1042.7586206897,503.27586206897,189.20689655172,786.48275862069,229.03448275862,1565.9655172414,187.37931034483,325.03448275862,197.1724137931,410.27586206897,565.41379310345,193.51724137931,199.8275862069,270.13793103448,180.03448275862,1136.3448275862,1168.1724137931,140.13793103448,2112.2068965517,141.55172413793,1052.9310344828,202.13793103448,635.48275862069,629.65517241379,203.31034482759,987.86206896552,153.06896551724,1884.4137931034,426.24137931034,1076.5517241379,1148.2413793103,180.8275862069,267.20689655172,193,374.62068965517,192.51724137931,593.75862068966,517.24137931034,180.93103448276,1306.6206896552,202.65517241379,225.96551724138,614.65517241379,376.51724137931,164,329.06896551724,975.03448275862,442.24137931034,423.65517241379,199.34482758621,257.51724137931,725.37931034483,203.58620689655,732.62068965517
2010-09-07 08:52,976.2,227.9,896.83333333333,266.33333333333,257.3,170.7,830.5,1110.6666666667,522.56666666667,194.33333333333,816.8,234.5,1607.2333333333,192.73333333333,333.83333333333,202.86666666667,415.53333333333,571.33333333333,195.4,198.4,269.26666666667,179.53333333333,1151.4,1164.7,140.03333333333,2154.0666666667,141.8,1053.5,200.86666666667,637.9,664.1,204.76666666667,997.46666666667,154.4,1942.2,427.23333333333,1117.4333333333,1252.6333333333,188.83333333333,361.73333333333,303.96666666667,610.53333333333,312,1051.2333333333,905.96666666667,363.4,2949.9,432.13333333333,549.76666666667,1721.4,1097.3,454.66666666667,767.86666666667,1991.7,715.93333333333,564.96666666667,223.23333333333,348.5,917.33333333333,213.3,795.1
2010-09-07 09:07,887.12903225806,219.54838709677,854.48387096774,252.09677419355,244.77419354839,168.35483870968,807.64516129032,1095.6129032258,516.74193548387,193,811.1935483871,234.61290322581,1599.2903225806,192.70967741935,333.12903225806,201.1935483871,415.38709677419,567.35483870968,194.09677419355,198.38709677419,268.96774193548,179.64516129032,1148.5161290323,1165.064516129,139.96774193548,2110.8709677419,141.35483870968,1054.6774193548,201.41935483871,638.25806451613,658.22580645161,204.38709677419,997.96774193548,154.61290322581,1891.5483870968,428.03225806452,1138.3225806452,1215.6129032258,190.06451612903,354.16129032258,321,590,259.12903225806,925.1935483871,757.51612903226,283.70967741935,2423.6774193548,346.54838709677,441.64516129032,1403.1290322581,989.67741935484,421.54838709677,733.16129032258,1946.6451612903,686.87096774194,535.25806451613,208.77419354839,342.16129032258,892.09677419355,212.29032258065,852.06451612903
2010-09-07 09:22,841,215.1935483871,834.74193548387,248.90322580645,244.54838709677,162.8064516129,766.09677419355,1090.8387096774,520.77419354839,194.25806451613,800.09677419355,234.25806451613,1598.7419354839,193,332.12903225806,200.74193548387,415.06451612903,570.74193548387,195.64516129032,199.09677419355,269.93548387097,180.1935483871,1152.7096774194,1169.0322580645,139.77419354839,2112.3870967742,141.29032258065,1055.2580645161,201.58064516129,640.70967741935,645.96774193548,204.83870967742,997.29032258065,154.22580645161,1891.935483871,426.61290322581,1085.3870967742,1208.0322580645,198.22580645161,329.12903225806,267.54838709677,468.64516129032,252.06451612903,917.87096774194,719.22580645161,294.03225806452,2199.2903225806,304.41935483871,383.09677419355,1288.7096774194,873.25806451613,375.8064516129,676.58064516129,1819.935483871,675.32258064516,505.41935483871,212.67741935484,289.74193548387,845.58064516129,231.16129032258,891.09677419355
2010-09-07 09:37,834.33333333333,211.76666666667,803.73333333333,243.86666666667,237.63333333333,157.9,745.2,1085.0666666667,518.93333333333,194.23333333333,794.9,233.6,1601.3666666667,194.23333333333,334.66666666667,202.56666666667,415.8,569.4,194.7,198.93333333333,269.93333333333,179.8,1151.2,1167.9333333333,140.13333333333,2130.8333333333,141.66666666667,1056.0666666667,201.93333333333,642.06666666667,651.93333333333,204.4,998.66666666667,154.53333333333,2078.0333333333,427.46666666667,1084.5666666667,1170.4666666667,190.6,336.43333333333,232.13333333333,470.3,235.26666666667,792.9,685.5,272.96666666667,2076.5666666667,297.4,327.1,1054.8666666667,701.26666666667,323.36666666667,606.96666666667,1657.3666666667,623.53333333333,478.3,207.83333333333,305.13333333333,864,231.96666666667,895.56666666667
2010-09-07 10:07,821.2,209.83333333333,797.6,241.7,235.9,153.53333333333,725.5,1084.5333333333,518.2,193.2,796.53333333333,233.76666666667,1602.8333333333,193.4,333.7,201.46666666667,416.16666666667,570.5,195.1,199.66666666667,269.46666666667,179.93333333333,1153.1333333333,1172.4,142.86666666667,2125.1333333333,142.1,1056.0666666667,201.2,648.93333333333,646.23333333333,205.5,1000.0666666667,155.3,1905,428.4,1087.0333333333,1163.6,180.93333333333,271.73333333333,229.6,400.06666666667,201.73333333333,642.6,646.73333333333,233.26666666667,1644.9333333333,238.06666666667,257.4,804.06666666667,552.6,247.43333333333,424.96666666667,1270.7333333333,545.66666666667,473.26666666667,205.5,279.56666666667,814.16666666667,225.43333333333,811.6
2010-09-07 10:37,831.93103448276,212.10344827586,806.51724137931,243.75862068966,236.55172413793,153.89655172414,721.68965517241,1084.4137931034,519.79310344828,194.51724137931,796.68965517241,234.24137931034,1599.8965517241,193.41379310345,334.41379310345,201.37931034483,415.62068965517,569.89655172414,196,199.10344827586,269.8275862069,179.68965517241,1158.5862068966,1173.4827586207,140.86206896552,2122.6896551724,142,1057.275862069,201.89655172414,646.72413793103,641.44827586207,205.89655172414,1003.0689655172,155.1724137931,1898.5172413793,426.1724137931,1086.6896551724,1181.9310344828,180.96551724138,267.10344827586,193,381.31034482759,198.62068965517,605.1724137931,535.93103448276,183.10344827586,1380.3448275862,217.68965517241,249,676.8275862069,426.75862068966,193.20689655172,396.20689655172,1123.8620689655,485,450.20689655172,203.34482758621,271.41379310345,787.8275862069,227.93103448276,851.55172413793
2010-09-07 14:37,828.37931034483,212.8275862069,823.48275862069,251,249.89655172414,188.1724137931,883.31034482759,1165.3793103448,528.8275862069,198.55172413793,950.62068965517,243.62068965517,1615.9310344828,193.72413793103,336.06896551724,204.03448275862,420.51724137931,578.79310344828,196.37931034483,198.48275862069,268.44827586207,179.51724137931,1151.4137931034,1174.9310344828,139.8275862069,2233.2413793103,141.55172413793,1051.8620689655,201.62068965517,638.06896551724,638.65517241379,206.65517241379,1005.1379310345,155.34482758621,2077.2068965517,427.41379310345,1094.4827586207,1171.9310344828,181.03448275862,267.06896551724,193,377.55172413793,196.10344827586,600.1724137931,528.72413793103,182.41379310345,1334.2068965517,210.68965517241,229.68965517241,616.55172413793,376.44827586207,164,329,1006.6551724138,459.24137931034,435.20689655172,202.62068965517,264.75862068966,755.44827586207,208.58620689655,777.20689655172
2010-09-07 20:37,808.73076923077,212.42307692308,796.15384615385,237.34615384615,233.61538461538,153.19230769231,711.26923076923,1076,510.92307692308,191.65384615385,794.11538461538,237.15384615385,1573.0769230769,191.57692307692,331.11538461538,198.19230769231,412.92307692308,564.15384615385,193.80769230769,199.07692307692,268.96153846154,179.19230769231,1147.1923076923,1176.0769230769,140.11538461538,2126.6538461538,142.07692307692,1059.7692307692,202.69230769231,637.15384615385,633.07692307692,206.84615384615,1005.1923076923,155.92307692308,1906.3076923077,431.38461538462,1093.1923076923,1165.3846153846,182.34615384615,273.15384615385,196.96153846154,378.38461538462,195.76923076923,596.30769230769,520.34615384615,181.42307692308,1311.2307692308,205.34615384615,227.26923076923,616.03846153846,376.30769230769,164.15384615385,331.42307692308,972.65384615385,442.69230769231,427.23076923077,204,259.19230769231,727.46153846154,205.5,745.34615384615
2010-09-08 02:37,778.69230769231,205.23076923077,779.38461538462,232.92307692308,230.88461538462,144.42307692308,710.84615384615,1041.2307692308,511.19230769231,191.88461538462,789.92307692308,232.26923076923,1563.3076923077,191.42307692308,331.03846153846,199.46153846154,414.69230769231,574.5,198.88461538462,201.69230769231,274.57692307692,183.5,1164.2307692308,1185.6538461538,141.53846153846,2154.1923076923,142.76923076923,1080.6923076923,207.07692307692,644.19230769231,643.80769230769,209.26923076923,1031.3461538462,158.65384615385,1938.5769230769,433.73076923077,1096.2307692308,1171.9230769231,183.5,270.11538461538,193.80769230769,383.76923076923,198.42307692308,603.30769230769,527.57692307692,182.61538461538,1309.6538461538,197.65384615385,224.57692307692,613.84615384615,376.23076923077,164.23076923077,331.46153846154,940,430.84615384615,422.26923076923,203.57692307692,251.69230769231,709.34615384615,205.46153846154,737
2010-09-08 08:37,904.14285714286,212.35714285714,845.60714285714,260.14285714286,243.57142857143,166.64285714286,835.5,1144.1428571429,525.89285714286,196,818.21428571429,236.67857142857,1802.6785714286,207.39285714286,369.10714285714,211.82142857143,418.82142857143,570.64285714286,195.89285714286,199.75,269.57142857143,180.17857142857,1155.6071428571,1176.6428571429,140.57142857143,2126.3571428571,142.17857142857,1060.4285714286,202.5,640.35714285714,698.42857142857,207.10714285714,1006.9642857143,155.60714285714,2140.8214285714,570.67857142857,1540.7142857143,1427.8214285714,219.32142857143,403.60714285714,337.28571428571,704.10714285714,321.85714285714,1168,1060.6071428571,416.35714285714,3481.2142857143,494.60714285714,607.64285714286,2008.6785714286,1284,522.82142857143,842.39285714286,1972.4285714286,678.67857142857,508.07142857143,212.67857142857,342.07142857143,934.71428571429,246.71428571429,827.21428571429
2010-09-10 16:01,1410.8888888889,542.55555555556,2328.4074074074,590.92592592593,516.25925925926,309.88888888889,1442.0740740741,1826.8148148148,693.40740740741,237.66666666667,1016.7037037037,262.44444444444,1820.8148148148,231.40740740741,424.59259259259,237.33333333333,489.07407407407,659.37037037037,210.14814814815,202.25925925926,286.7037037037,239.66666666667,1342.3333333333,1175.2222222222,141.22222222222,2178.2962962963,142.77777777778,1064.8148148148,208.33333333333,756.51851851852,651.59259259259,205.62962962963,1004.9259259259,155.11111111111,1905.6296296296,430.92592592593,1110.6666666667,1167,181.11111111111,267.55555555556,193.7037037037,381.62962962963,199,605.51851851852,537.81481481481,184.33333333333,1356.4444444444,216.88888888889,234.51851851852,619.03703703704,377.18518518519,165.03703703704,330.03703703704,1056.2222222222,499.92592592593,509,211.14814814815,277.55555555556,792.2962962963,216.92592592593,910.77777777778
2010-09-10 16:16,1420.8148148148,543.66666666667,2511.1851851852,602.37037037037,635.14814814815,356.14814814815,1623.962962963,1757.3333333333,646.74074074074,232.18518518519,979.07407407407,289.33333333333,1854.2592592593,236.74074074074,432.88888888889,240.51851851852,485.2962962963,662.74074074074,211.44444444444,204.40740740741,332.03703703704,313.51851851852,1389.4444444444,1173,140.85185185185,2205.962962963,143.37037037037,1064.8518518519,235.11111111111,747.22222222222,643.85185185185,204.96296296296,1002.4444444444,155.85185185185,1904.962962963,430.66666666667,1109.4814814815,1168.8888888889,181.51851851852,268.2962962963,193.07407407407,385.14814814815,200.85185185185,607.62962962963,538.48148148148,184.62962962963,1351.1111111111,214.77777777778,231.92592592593,618.55555555556,376.85185185185,164.44444444444,330.03703703704,1085.7037037037,553.96296296296,489.48148148148,211.74074074074,277.33333333333,812.37037037037,226.55555555556,906.11111111111
2010-09-10 16:31,1637.4814814815,782.18518518519,2681.9259259259,602,664.51851851852,374.77777777778,1728.8148148148,1888.1481481481,676.25925925926,236.33333333333,1002.2962962963,297.03703703704,1901.7037037037,250.92592592593,476.48148148148,260.07407407407,535.88888888889,714.59259259259,222.62962962963,224.25925925926,362.88888888889,370.66666666667,1438.5925925926,1173.8518518519,141.07407407407,2371.2962962963,144.14814814815,1074.8518518519,239.96296296296,728.81481481481,642.40740740741,205.55555555556,999.96296296296,155.14814814815,1903.7407407407,429.7037037037,1111.8518518519,1165.5185185185,180.92592592593,267.07407407407,193,382.92592592593,200,606.62962962963,539.07407407407,184.7037037037,1356.9259259259,216.88888888889,233.66666666667,620.07407407407,378.22222222222,165.07407407407,330.85185185185,1141.5555555556,578.18518518519,486.2962962963,214.74074074074,298.92592592593,889.92592592593,290.62962962963,1187.5925925926
2010-09-10 16:46,1802.0769230769,797.96153846154,2840.7307692308,654.46153846154,682.53846153846,346,1654.1538461538,2262.3076923077,808.15384615385,240.76923076923,1058.1538461538,297,2032.5769230769,291.61538461538,514.34615384615,273.5,571.5,744.38461538462,224.38461538462,234.96153846154,383.53846153846,404.38461538462,1445.8846153846,1176.8846153846,141.38461538462,2611.4230769231,144.19230769231,1067.3076923077,219.34615384615,720.23076923077,645.96153846154,205.65384615385,1003.2307692308,155.57692307692,1909.5769230769,431.07692307692,1114.6538461538,1168.2692307692,181.19230769231,267.5,193.07692307692,382.26923076923,199.30769230769,604.26923076923,536.61538461538,184.30769230769,1361.3076923077,216.88461538462,233.07692307692,618.53846153846,377.11538461538,164.61538461538,331.69230769231,1146.0769230769,613.96153846154,540.76923076923,246.26923076923,372.23076923077,1147.1538461538,450.61538461538,1527.3076923077
2010-09-10 17:16,2209.2307692308,793.80769230769,3009.1923076923,697.38461538462,761,418.92307692308,1880.5384615385,2152.4615384615,727.11538461538,267.69230769231,1137.6153846154,319.76923076923,2107.3846153846,276.30769230769,465.23076923077,266.03846153846,613.26923076923,813.26923076923,238.84615384615,248.69230769231,457.34615384615,468.73076923077,1599.9615384615,1251.5,163.73076923077,2650.8461538462,144.96153846154,1072,243.84615384615,806.92307692308,648.11538461538,205.80769230769,1003.8461538462,155.80769230769,1909.1153846154,431.96153846154,1116.5769230769,1165.1923076923,181,267.42307692308,193,383.11538461538,200.11538461538,603.65384615385,540.38461538462,184.88461538462,1365.1538461538,220.26923076923,233.96153846154,621.53846153846,378.57692307692,166.26923076923,349.26923076923,1339.8076923077,697.88461538462,607.30769230769,274.19230769231,398.5,1184.6923076923,490.19230769231,1483.8461538462
2010-09-10 17:46,2391.1538461538,885.53846153846,3142.5,727.96153846154,764.76923076923,403.11538461538,1816.4615384615,2050.6153846154,713.34615384615,273.38461538462,1165.5384615385,339.92307692308,2264.0769230769,275.34615384615,528.26923076923,281.03846153846,577.84615384615,825,262.96153846154,286.57692307692,494,456.26923076923,1596.6538461538,1209.6923076923,144.46153846154,2185.0384615385,145.03846153846,1146.6538461538,324.30769230769,963.96153846154,655.73076923077,206.38461538462,1011.4615384615,156.19230769231,1913.4230769231,434.23076923077,1122.8461538462,1176.6153846154,181.65384615385,268.73076923077,193.5,391.07692307692,204.19230769231,611.69230769231,546.03846153846,186.88461538462,1398.2307692308,234.23076923077,238.30769230769,631.19230769231,410.80769230769,204.84615384615,457.96153846154,1807.2692307692,933.30769230769,818.61538461538,362.69230769231,605.65384615385,1639.9230769231,649.65384615385,1647.2692307692
2010-09-10 21:46,919.36,217.68,842.56,304.6,250.8,174.32,767.84,1099.68,523.28,193.68,794.64,238.36,1582.76,193.6,333.32,200.64,413.52,566.44,195.4,199.84,275.04,189.88,1168,1171.36,140.68,2136.04,142.4,1065.08,203.88,640.08,653.36,213.4,1010.68,156.4,1925.04,433.16,1093.96,1162.6,181,268,193.32,377.76,196.2,596.2,524.92,183.32,1325.44,209.48,229.56,617.2,376.68,164.24,329.84,981.84,448.8,431.68,211.88,264.44,741.16,211.2,765.64
2010-09-11 03:46,790.92307692308,210.23076923077,782.46153846154,233.42307692308,229.23076923077,152.34615384615,713.73076923077,1062.7692307692,509.07692307692,192.07692307692,792.30769230769,234.88461538462,1565.3461538462,191.69230769231,330.76923076923,199.30769230769,417.61538461538,569.65384615385,195,200.92307692308,271.92307692308,181.19230769231,1149.3076923077,1182.5,140.73076923077,2156.5,144.42307692308,1076.8461538462,205.11538461538,655.69230769231,656.03846153846,212.65384615385,1022.8846153846,157.5,1926.5384615385,430.92307692308,1092.5,1169.8076923077,181.38461538462,268.96153846154,193.88461538462,379.76923076923,195.23076923077,596.03846153846,523.92307692308,182.30769230769,1305.1538461538,198.30769230769,224.11538461538,614.65384615385,376.84615384615,164,330.96153846154,946.92307692308,428.42307692308,416.96153846154,204,257.19230769231,714.07692307692,206.23076923077,730.69230769231
2010-09-11 09:46,846.48,214.6,802.8,244.96,235.04,154.04,718.6,1075.04,513.48,191.64,790.2,231.36,1586.76,190.48,328.48,198.88,415.92,572.48,195.24,199.36,269.64,179.92,1148.2,1165.96,141.04,2957.32,142.44,1062.96,203.96,642.92,643.56,206.4,997.96,155.32,1905.84,430.92,1090.48,1159.88,180.76,267.12,193,374.48,193.96,595.36,522.36,181.44,1318.72,208,229.68,615.2,376.16,164,329,1009.2,462.24,437.8,204.08,269.44,769.4,207.92,768.88
2010-09-11 15:46,843.88888888889,212.74074074074,831.07407407407,250.85185185185,239.2962962963,156,732.07407407407,1110.6666666667,564.74074074074,193.37037037037,796.77777777778,234.48148148148,1590.1111111111,190.77777777778,328.44444444444,198.44444444444,410.88888888889,567.22222222222,193.81481481481,198.88888888889,269.03703703704,179.03703703704,1139.7777777778,1165.2222222222,140.25925925926,2126.4814814815,141.51851851852,1054.9259259259,202.66666666667,643.74074074074,645,205.11111111111,998.03703703704,155.62962962963,1915,430.96296296296,1092.3333333333,1159.2592592593,180.81481481481,267.22222222222,193,377.22222222222,195.88888888889,596.22222222222,524.85185185185,181.48148148148,1330.1111111111,212.14814814815,230.07407407407,615.62962962963,376.14814814815,164,329.18518518519,1004.4444444444,459.44444444444,442.03703703704,204.85185185185,423.66666666667,858.96296296296,314.07407407407,1032.5925925926
2010-09-13 18:58,983.1,267.93333333333,1131.1,321.3,311,211.46666666667,1014.7666666667,1353.8666666667,560.23333333333,206.66666666667,866.7,243.5,1613.0666666667,195.96666666667,336.5,202.23333333333,418.3,572.56666666667,196.66666666667,200.4,270.26666666667,179.8,1149.5333333333,1166.2,139.9,2111.6666666667,141.5,1049.5666666667,201.73333333333,636.3,638.13333333333,204.66666666667,995.7,154.66666666667,1892.8666666667,428.6,1094.1666666667,1154.8333333333,181.4,267.96666666667,193,376.2,194.8,595.2,524.8,182.4,1325.5,209.53333333333,229.43333333333,618,378.3,164.9,330.6,1001.3,459.4,449.46666666667,207.23333333333,269.06666666667,768.6,252.93333333333,915.4
2010-09-13 19:13,890.4,227.03333333333,930.53333333333,270.63333333333,272.3,188.06666666667,912.5,1216.9333333333,527.43333333333,195.76666666667,820.9,240.53333333333,1597.9666666667,193.93333333333,334.7,201.16666666667,414.9,569.2,195.2,199.06666666667,269.13333333333,178.56666666667,1142.5,1160.6,139.9,2111.1333333333,141.06666666667,1049.2666666667,201.9,634.2,635.06666666667,204.96666666667,1000.6666666667,155.03333333333,1893.2333333333,429.2,1089.5,1153.1333333333,181.2,267.9,193,377.53333333333,195.6,597.1,523.66666666667,182.13333333333,1321.4,208.4,227.76666666667,616.83333333333,376.4,164.06666666667,329.33333333333,987.9,451.06666666667,438.66666666667,206.66666666667,263.2,743.8,210.1,775.76666666667
2010-09-13 19:28,874.36666666667,214.8,823.23333333333,255.4,243.46666666667,159.56666666667,799.73333333333,1174.2666666667,525.06666666667,193.6,799.66666666667,237.93333333333,1590.5333333333,192.5,331.46666666667,199.86666666667,413.23333333333,565.56666666667,195.16666666667,199.46666666667,270,179,1143.1,1161.1666666667,139.6,2107.1333333333,141.13333333333,1048.6333333333,201.4,637.13333333333,636.36666666667,204.66666666667,998.8,155.33333333333,1893.3333333333,428,1090.5,1152.8333333333,181.23333333333,268,193.13333333333,376.3,195.13333333333,595.83333333333,523.13333333333,181.93333333333,1315.6,207.23333333333,226.13333333333,615.36666666667,376.6,164.13333333333,329,979.56666666667,448.3,434.16666666667,205.53333333333,262.26666666667,738.03333333333,208.66666666667,757.63333333333
2010-09-13 19:43,846.55172413793,216.48275862069,801.51724137931,241.86206896552,236.62068965517,149.75862068966,731.58620689655,1098.4827586207,516,192.44827586207,797.24137931034,236.79310344828,1584.7931034483,192.51724137931,331.68965517241,198.48275862069,412.34482758621,564.8275862069,194.8275862069,199.31034482759,269.68965517241,179.65517241379,1142.8275862069,1162.2068965517,139.48275862069,2110.7586206897,141.37931034483,1051.7931034483,202.51724137931,637.27586206897,635.13793103448,205.41379310345,998,154.96551724138,1899.7931034483,428.93103448276,1088.8965517241,1155.5862068966,181.27586206897,267.51724137931,193,375.8275862069,194.58620689655,594.13793103448,521.27586206897,181.86206896552,1314.1724137931,208.58620689655,228.24137931034,615.41379310345,376.20689655172,164.13793103448,329,977.62068965517,444.86206896552,436.55172413793,205.37931034483,260.79310344828,733.89655172414,207.89655172414,751.48275862069
2010-09-13 20:13,805.41379310345,211.48275862069,792.1724137931,238.58620689655,234.44827586207,151.10344827586,714.10344827586,1070.6206896552,510.34482758621,191.1724137931,792.41379310345,236.41379310345,1572.4482758621,191.34482758621,329.65517241379,198.34482758621,411.27586206897,563.06896551724,193.27586206897,198.96551724138,269.79310344828,179.41379310345,1139.6206896552,1164.2068965517,140.03448275862,2108.0689655172,142,1049.5172413793,201.65517241379,636.34482758621,635.51724137931,205.03448275862,1004.4482758621,154.65517241379,1904.3793103448,429.89655172414,1087.9655172414,1157.2413793103,181.41379310345,268.31034482759,193.20689655172,376.72413793103,195.20689655172,595.89655172414,523.06896551724,181.96551724138,1320.8275862069,208,228.06896551724,617.1724137931,376.72413793103,164.27586206897,329.03448275862,975.13793103448,444.8275862069,436.03448275862,204.96551724138,260.03448275862,726.20689655172,205.24137931034,745.27586206897
2010-09-13 20:43,803.06896551724,211.27586206897,788.37931034483,237.03448275862,234.24137931034,150.93103448276,710.93103448276,1072.8275862069,509.72413793103,190.65517241379,791.27586206897,236.37931034483,1579.3103448276,192.41379310345,330.86206896552,198.41379310345,412.86206896552,564.44827586207,194.55172413793,199.03448275862,270.1724137931,178.96551724138,1141.0344827586,1163.5517241379,140.34482758621,2111.1034482759,140.86206896552,1050.0344827586,202.75862068966,637.31034482759,632.65517241379,205.8275862069,1011.3103448276,156.75862068966,1904.5517241379,427.93103448276,1082.9310344828,1152.2413793103,181.37931034483,268.10344827586,193.06896551724,377.48275862069,194.86206896552,596,520,181.55172413793,1316.7931034483,208.62068965517,227.58620689655,617.1724137931,376.8275862069,164,329.03448275862,973.55172413793,442.62068965517,431.62068965517,204.44827586207,260.72413793103,731,207.31034482759,747.79310344828
2010-09-14 00:43,775.96666666667,215.8,781.16666666667,235.6,231.5,151.83333333333,716.2,1063.6,509.9,192.1,791.73333333333,231.76666666667,1543.8666666667,187.5,326.96666666667,197.06666666667,412.06666666667,572.9,196.53333333333,203.36666666667,272.3,179.4,1144.6333333333,1170.2333333333,139.7,2125.3666666667,142.2,1063.9333333333,202.83333333333,640.1,641.43333333333,211.8,1049.4,160.7,1964.8,436.13333333333,1117.9333333333,1169.2,182.83333333333,270.06666666667,194.3,381.46666666667,197.83333333333,603.16666666667,523.33333333333,181.9,1321.8,203.23333333333,226.7,621.96666666667,469.33333333333,165.6,334.23333333333,968.86666666667,443.7,415.8,201.73333333333,260.4,729.8,208.43333333333,743.26666666667
2010-09-14 06:43,821.15625,212.65625,801.6875,241.21875,235.53125,150.21875,707,1077.625,518,193.03125,796.90625,233.5,1610.15625,194.53125,335.34375,203.875,415.90625,568.125,196.40625,199.75,271.5625,179.5625,1146.25,1161.28125,139.5,2107.96875,140.8125,1050.09375,200.4375,634,687.40625,205.4375,996.21875,154.46875,1899.59375,456.53125,1264.78125,1327.5,191.46875,298.3125,236.0625,471.21875,224.78125,780.71875,735.1875,243.25,2343.6875,369.5625,472.34375,1603.9375,1147.40625,527.15625,945.3125,2182.375,714.4375,534.75,208.96875,369.25,1066.6875,299.625,1096.5
2010-09-14 12:43,822.03448275862,210.24137931034,814.75862068966,266.8275862069,306.24137931034,151.48275862069,721.86206896552,1087.1724137931,515.65517241379,191.65517241379,794.89655172414,233.24137931034,1587.724137931,191.68965517241,340.20689655172,201.44827586207,413.62068965517,567.65517241379,193.96551724138,198.34482758621,269.41379310345,179.75862068966,1146.724137931,1179,140.48275862069,2117.7931034483,141.31034482759,1054.5862068966,201.37931034483,644.06896551724,636.31034482759,204.68965517241,1000.4482758621,155.41379310345,1904.2413793103,428,1085,1166.9655172414,180.93103448276,267.86206896552,206.55172413793,472.55172413793,219.03448275862,606.58620689655,530.68965517241,182.1724137931,1505.5862068966,208.44827586207,229.62068965517,617.06896551724,376,164,329,998.20689655172,459.62068965517,451.96551724138,206.8275862069,269,765.51724137931,208.41379310345,761.03448275862
2010-09-14 18:43,1357.2962962963,422.88888888889,1718.1111111111,463.14814814815,498.62962962963,325.81481481481,1492.6296296296,1675.5555555556,609.03703703704,222.25925925926,1045.0740740741,275.62962962963,1932.6296296296,243.40740740741,390.25925925926,227.22222222222,466.62962962963,613.22222222222,206.66666666667,222.44444444444,284.74074074074,181.74074074074,1167.037037037,1178.3703703704,140.40740740741,2127.2592592593,141.66666666667,1057.1111111111,203.7037037037,651.51851851852,639.03703703704,206.07407407407,1000.962962963,155.92592592593,1899.8888888889,429.66666666667,1106.5185185185,1160,181.03703703704,267.51851851852,193.14814814815,378.2962962963,195.77777777778,597.14814814815,528.74074074074,183.03703703704,1330.5555555556,211.40740740741,229.51851851852,620.25925925926,379.85185185185,164.96296296296,329.85185185185,1072.037037037,580.88888888889,492.25925925926,211.22222222222,357.92592592593,1005.3333333333,414.51851851852,1272.037037037
2010-09-16 07:55,882.8,216.2,833.73333333333,253.66666666667,242.46666666667,157.43333333333,784.3,1122.6666666667,524.23333333333,195.43333333333,801.6,233.9,1614.2333333333,193.96666666667,335.46666666667,203,419.63333333333,574.03333333333,195.83333333333,198.46666666667,269.33333333333,179.36666666667,1144.4333333333,1169.7333333333,140,2114.4333333333,141.56666666667,1053.1,201.53333333333,637.4,696.93333333333,206.2,1004.3333333333,155.36666666667,1897.3333333333,456.26666666667,1326.8,1384.1,190.1,300.6,271,618.3,283.16666666667,935.1,1019.7,345.5,2943.5,468.93333333333,636.73333333333,1921.4,1247.6333333333,509.53333333333,847.73333333333,2038.3,678.5,465.7,203.7,297.86666666667,868.5,222.13333333333,832.23333333333
2010-09-16 08:10,889.6,215.66666666667,829.86666666667,251.33333333333,244.43333333333,160.7,819.66666666667,1115.4666666667,521.36666666667,194.63333333333,804.63333333333,234.76666666667,1612.1666666667,194.1,334.56666666667,202.56666666667,417.76666666667,570.26666666667,196,199.46666666667,270.13333333333,179.03333333333,1144.8666666667,1165.7333333333,139.7,2115.7333333333,141.26666666667,1052.3,201.43333333333,637.83333333333,684.03333333333,205.96666666667,1003.9333333333,155.43333333333,1896.2,425.7,1189.3666666667,1249.3333333333,189.5,293.53333333333,247.2,563.66666666667,268.5,1045.2,918.16666666667,341.26666666667,3107.9666666667,456.43333333333,582.66666666667,1902.4333333333,1216.7,491.16666666667,826.53333333333,2071.5,684.26666666667,479.6,206.1,297.33333333333,863.83333333333,220.5,877.7
2010-09-16 08:25,885.6,214.9,830.66666666667,259.23333333333,243.03333333333,162.43333333333,829.73333333333,1120.2666666667,522.6,195.93333333333,817.7,234.86666666667,1614.9666666667,194.8,335.13333333333,203.5,417.5,569.9,195.8,198.53333333333,269.56666666667,179.3,1147.7333333333,1168.7333333333,139.6,2113.7333333333,141.73333333333,1054.2,202.33333333333,642.5,703.36666666667,206.03333333333,1002.9666666667,154.96666666667,1894.3333333333,426.86666666667,1121.8,1223.2,183.13333333333,297.73333333333,239.06666666667,480.1,261,983.16666666667,895.66666666667,381.46666666667,2663.2333333333,438.43333333333,601.7,1954.1666666667,1256.5333333333,498.86666666667,812.56666666667,2024.7333333333,676,478.66666666667,205.6,315,895.6,239.3,821.3
2010-09-16 08:40,879.13333333333,214.6,819.73333333333,251.33333333333,240.53333333333,160.3,787.33333333333,1107.2,521.43333333333,195.56666666667,799.33333333333,233.8,1612.1666666667,192.76666666667,333.1,201.93333333333,416.9,570.23333333333,196.3,198.86666666667,269.33333333333,179.53333333333,1147.7,1173.7,140.06666666667,2116,141.5,1053.0333333333,201.83333333333,641.9,659.9,204.66666666667,997.46666666667,154.46666666667,1891.5,426.26666666667,1093.0666666667,1177.0666666667,192.03333333333,287.76666666667,208.8,418.73333333333,218.63333333333,736.93333333333,753.43333333333,318.3,2494.9666666667,383.56666666667,454.46666666667,1730.0333333333,1235.8666666667,487.53333333333,825.9,2007.3,676.4,477.7,207.33333333333,293,826.13333333333,226.5,794.9
2010-09-16 09:10,910.93333333333,213.53333333333,808.16666666667,244.13333333333,236.16666666667,160.6,755.66666666667,1078.5333333333,514.7,193.43333333333,796.73333333333,232.86666666667,1596.6,192.8,331.46666666667,201.3,415.73333333333,568.9,195.2,198.53333333333,269.43333333333,179.03333333333,1144.9333333333,1174.7333333333,139.93333333333,2117.1666666667,141.8,1057.5333333333,201.76666666667,641.56666666667,655.16666666667,204.93333333333,999.36666666667,154.73333333333,1893.4333333333,425.8,1085.7,1160.5,180.86666666667,267.23333333333,193,382.53333333333,202.43333333333,691.03333333333,612.06666666667,260.3,1797.8666666667,287.1,368.33333333333,1266.4,846.5,411.26666666667,774.06666666667,1890.2333333333,652.73333333333,485.73333333333,208.23333333333,292.26666666667,838.66666666667,214.36666666667,804.16666666667
2010-09-16 09:40,845.43333333333,214,807.7,242,235.63333333333,153.36666666667,730.03333333333,1085.7333333333,521.56666666667,195.33333333333,795.7,233.46666666667,1607.1,195.03333333333,333.76666666667,201.26666666667,415.43333333333,570.6,197,199.33333333333,270.76666666667,180.6,1151.0666666667,1175.7666666667,140.33333333333,2119.5,141.4,1059.0333333333,202.6,644.13333333333,647.7,204.73333333333,1002,155.1,1894.9666666667,426.46666666667,1101.5666666667,1215.7666666667,181.06666666667,267.1,193,382.33333333333,198.76666666667,604.06666666667,552.86666666667,189.86666666667,1571.8333333333,249.33333333333,281.7,787.53333333333,580.53333333333,266.46666666667,506.93333333333,1522.0666666667,631.23333333333,479.8,207.5,291.43333333333,830.2,214.56666666667,800.96666666667
2010-09-16 13:40,831.94117647059,214.14705882353,872.94117647059,262.02941176471,266.94117647059,181.08823529412,840.35294117647,1101.1764705882,520.76470588235,193.35294117647,818.76470588235,237.11764705882,1609.4705882353,193.08823529412,334.32352941176,202.82352941176,417.29411764706,574.85294117647,196.02941176471,198.82352941176,269,179.55882352941,1151.9117647059,1158.6176470588,139.85294117647,2110,140.79411764706,1049.6176470588,201.05882352941,642.05882352941,655.76470588235,204.38235294118,1001.5882352941,154.88235294118,1893.1764705882,426.08823529412,1091.2352941176,1158.3529411765,180.85294117647,267.32352941176,193.23529411765,380.70588235294,198.38235294118,603.17647058824,531.29411764706,182.61764705882,1337.0294117647,214.41176470588,229.41176470588,616.08823529412,376.11764705882,164,329,1026.5294117647,487.47058823529,441.67647058824,204.61764705882,263.79411764706,755.41176470588,207.38235294118,761.76470588235
2010-09-16 19:40,839.86206896552,216.86206896552,861.55172413793,255.44827586207,249.27586206897,167.37931034483,818.41379310345,1169.9310344828,527.03448275862,193.31034482759,802.96551724138,238.93103448276,1605.5172413793,194.31034482759,334.37931034483,200.72413793103,414.96551724138,565.89655172414,194.55172413793,198.96551724138,268.93103448276,179.20689655172,1141.5862068966,1159.4482758621,139.51724137931,2108.2068965517,141.03448275862,1048.724137931,201.58620689655,637.20689655172,636.20689655172,205.03448275862,1001.4482758621,154.86206896552,1900.1034482759,427.13793103448,1097.1379310345,1157.1379310345,180.86206896552,267.48275862069,193,377.51724137931,196.37931034483,595.1724137931,525.58620689655,182.10344827586,1325.4137931034,209,228.58620689655,616.24137931034,376.55172413793,164.34482758621,330.55172413793,993,450,433.51724137931,203.79310344828,267.27586206897,747.55172413793,209.51724137931,770.58620689655
2010-09-17 01:40,779.36666666667,208.63333333333,774.46666666667,232.66666666667,234.26666666667,148.16666666667,730.63333333333,1041.3333333333,502.63333333333,190.16666666667,787.06666666667,231.1,1557.7666666667,190.7,328.16666666667,199.13333333333,415.23333333333,571.13333333333,198.73333333333,204.1,275.06666666667,181.96666666667,1159.2,1189.1,140.53333333333,2131.2333333333,142.86666666667,1073.2,205.16666666667,638.83333333333,659.7,215.83333333333,1050.5333333333,160.06666666667,1928,432.16666666667,1099.8333333333,1177.9,185.16666666667,275.73333333333,197.5,389.93333333333,200.9,604.4,528.7,183.46666666667,1325.7,202.46666666667,225.53333333333,619.73333333333,378.4,164.83333333333,331.96666666667,949.9,431.56666666667,413.56666666667,205.53333333333,256.06666666667,714.36666666667,209.63333333333,728.3
2010-09-17 07:40,866.93333333333,214.8,815.76666666667,247.96666666667,238.76666666667,154.63333333333,736,1095.4666666667,554.43333333333,217.3,922.46666666667,321.76666666667,1769.4666666667,192.3,333.2,203.03333333333,416.53333333333,570.4,195.26666666667,198.8,269.66666666667,179.93333333333,1148.5333333333,1170.4666666667,139.93333333333,2119.9,141.9,1055.3,201.83333333333,636.73333333333,654.76666666667,205.13333333333,996.93333333333,155.23333333333,1901.7333333333,429.16666666667,1183.1666666667,1350,186.63333333333,273.03333333333,206.86666666667,440.73333333333,224.66666666667,700.36666666667,610.36666666667,250.1,1874.2333333333,269.1,285.76666666667,1114.5666666667,898.03333333333,426.73333333333,761.56666666667,1917.4333333333,655.1,493.63333333333,211,297.03333333333,860.83333333333,230.53333333333,840.43333333333
2010-09-20 09:01,922.6875,229.84375,877.71875,265.125,247.84375,168.375,779.34375,1085.75,516.625,193.59375,803.3125,233.84375,1591.3125,191.96875,330.375,199.71875,414.28125,568.6875,194.75,199.3125,270.09375,179.375,1148.09375,1161.90625,139.6875,2109.15625,141.46875,1055.4375,202.5,644.46875,651.5625,204.25,997.34375,153.96875,1882.75,424.75,1080.875,1161.6875,199.34375,331.84375,254.28125,451.90625,217.5,732.4375,733.28125,265.90625,1867.9375,278.25,337.625,1313.25,963.6875,397.71875,703.3125,1826.0625,669.90625,473.15625,205.46875,285.15625,801.84375,209.125,784.84375
2010-09-20 09:16,844.78125,215.5625,836.96875,249.03125,238.0625,159.375,756.40625,1086,515.40625,192.59375,794.15625,233.15625,1591.53125,191.71875,332.40625,202.0625,417.625,570.3125,195,199.8125,269.9375,179.78125,1148.0625,1164.875,139.96875,2109.09375,141.375,1053.84375,202.4375,644.21875,643.875,203.78125,995.1875,154.15625,1885.875,426.21875,1085.625,1164.125,203.5625,329.53125,242.03125,478.40625,213.90625,720.40625,615.53125,202.34375,1641.40625,268.59375,300.75,947.8125,744.875,321.3125,577.96875,1587.71875,588.5,476.53125,205.4375,297.84375,832.46875,213,816.6875
2010-09-20 09:31,843.46875,213.875,802.21875,241.875,233.46875,153.28125,731.71875,1079,517.40625,193.40625,795.3125,233.96875,1599.78125,193.40625,333.78125,202.15625,418.46875,573.125,196.09375,200.375,270.1875,180.03125,1148.53125,1162.65625,139.96875,2126.03125,141.53125,1055.40625,202.46875,655.59375,642.40625,203.96875,997.84375,154.28125,1891.5625,425.6875,1083.78125,1164.8125,206.71875,329.8125,237.59375,414.1875,201.53125,637.1875,573.5625,207.78125,1554.875,239.65625,269.78125,804,566.84375,253.5625,509.65625,1432.1875,566.78125,486.46875,212.625,282.40625,848.8125,234.96875,841.71875
2010-09-20 09:46,831.6875,213.21875,803.15625,241.21875,233.21875,150.71875,719.375,1082.125,518.75,192.71875,797.78125,234.84375,1599.90625,194,334,202.0625,420.125,570.5,195.71875,199.875,269.96875,179.59375,1147.84375,1165.75,140.09375,2116.875,141.875,1058,202.25,647.34375,643.625,203.84375,996.5,154.3125,1888.0625,426.125,1081.1875,1159.28125,181.09375,267.125,193,381.1875,197.8125,605,549.40625,196.8125,1560.46875,229.9375,250.78125,726.3125,463.65625,221.1875,415.03125,1241.78125,542.5625,461.84375,206.71875,291.8125,811.1875,233.84375,839.15625
2010-09-20 10:16,819.65625,210.6875,801.4375,240.84375,233.375,151.46875,719.90625,1074.125,516.9375,193.34375,793.25,233.625,1597.125,192.40625,332.21875,201.53125,417.9375,571.5,196.375,199.9375,270.15625,179.84375,1148.875,1166.0625,140.46875,2128.125,142.375,1058.4375,201.78125,657.59375,645.3125,204.40625,1000.6875,154.6875,1893.5,426.75,1083.625,1158.96875,181.1875,267.34375,193.0625,379.90625,197.28125,600.78125,530.3125,183.21875,1380.03125,221.5625,234.15625,649.25,408.1875,183.09375,360.03125,1073.875,483.96875,446.25,203.3125,268.3125,764.90625,209.28125,764.03125
2010-09-20 10:46,819.34375,211.5,797.03125,240.34375,233.6875,149,711.6875,1074.75,516.71875,193.1875,793.65625,232.78125,1601.75,193.21875,333.4375,201.4375,418.6875,570.96875,195.59375,199.125,269.78125,180.21875,1150.40625,1164.90625,140.5625,2136.78125,141.4375,1058.4375,202.0625,662.65625,643.28125,203.9375,997.78125,154.59375,1892.5625,427.15625,1084.84375,1160.875,181.1875,269.59375,193,379.5625,196.6875,600.75,531.96875,182.75,1335.9375,210.4375,230.53125,618.40625,377.03125,164.1875,333.84375,1030.46875,463.125,446.3125,204.5,271.375,791.4375,208.09375,760.75
2010-09-20 14:46,821.48387096774,210.77419354839,805.77419354839,244.8064516129,236.32258064516,152.67741935484,739.96774193548,1137.5483870968,529.12903225806,200.90322580645,925.58064516129,240.16129032258,1611.9032258065,205.51612903226,349.48387096774,204.41935483871,421.45161290323,588.70967741935,197.54838709677,198.77419354839,269.61290322581,194.83870967742,1267.2258064516,1164.9677419355,139.77419354839,2109.4193548387,141.90322580645,1050.4193548387,201.45161290323,641.93548387097,643.70967741935,203.87096774194,998.48387096774,154.77419354839,1893.7419354839,427.09677419355,1093.2903225806,1160.7419354839,180.90322580645,267.22580645161,193,379.83870967742,197.64516129032,599.8064516129,532.83870967742,185.35483870968,1331.2903225806,211.25806451613,229.06451612903,616.38709677419,376.12903225806,164,329,1004.935483871,459.64516129032,444.06451612903,204.03225806452,263.03225806452,749.1935483871,207.32258064516,764.45161290323
2010-09-20 20:46,794.34482758621,209.55172413793,789,236.75862068966,233.24137931034,149.06896551724,705.72413793103,1067.1724137931,510.20689655172,190.34482758621,792.1724137931,235.51724137931,1568.275862069,191.41379310345,330.24137931034,198.8275862069,413.48275862069,563.24137931034,193.06896551724,199.10344827586,269.37931034483,179.24137931034,1139.4137931034,1168.5862068966,140.03448275862,2112.6551724138,141.48275862069,1049.2413793103,201.55172413793,634.65517241379,635.34482758621,205,1004.5517241379,155.44827586207,1907,429.24137931034,1085,1154.6896551724,181.31034482759,267.86206896552,193.13793103448,376.06896551724,194.86206896552,594.86206896552,520.96551724138,181.79310344828,1314,205.96551724138,225.96551724138,614.93103448276,376.75862068966,164.34482758621,329.31034482759,974.79310344828,440.51724137931,430.37931034483,202.93103448276,258.31034482759,725.1724137931,207.68965517241,745.72413793103
2010-09-21 02:46,769.32258064516,208.12903225806,777.03225806452,231.32258064516,232.48387096774,146.03225806452,714.8064516129,1048.2580645161,510.38709677419,191.54838709677,788.70967741935,231.96774193548,1562.9032258065,192.12903225806,331.96774193548,201.03225806452,411.93548387097,573.8064516129,197.41935483871,200.64516129032,272.1935483871,181.16129032258,1155.2258064516,1180.8709677419,141.51612903226,2163.1935483871,141.96774193548,1072.7741935484,204.22580645161,646.22580645161,638.41935483871,208.29032258065,1015.3225806452,158.90322580645,1947.1290322581,432.8064516129,1092.5483870968,1166.7096774194,182.29032258065,270.12903225806,194.35483870968,384.09677419355,198.90322580645,601.1935483871,525.70967741935,182.38709677419,1311.2580645161,197.16129032258,224.58064516129,614.12903225806,375.32258064516,164,329.03225806452,948.29032258065,431.25806451613,432.83870967742,216.38709677419,255.83870967742,717.70967741935,207.74193548387,734.87096774194
2010-09-21 08:46,947,269.86666666667,945.6,267.7,262.86666666667,173.16666666667,860.6,1118.5333333333,520.56666666667,194.3,812.4,234.2,1612.5333333333,193.8,333.73333333333,203.43333333333,418.8,573.36666666667,195.66666666667,199.13333333333,270.16666666667,180.06666666667,1152.7666666667,1165.8,140.23333333333,2115.4666666667,141.56666666667,1051.9,201.26666666667,639.73333333333,673.53333333333,205.43333333333,998.6,154.76666666667,1892.9333333333,428.63333333333,1150.6333333333,1288.2,201,361.8,330.43333333333,537.93333333333,250.7,1072.3333333333,908.6,391.43333333333,3116.7333333333,458.43333333333,689.23333333333,1852.9333333333,1202.1333333333,467.93333333333,778.8,2005.7333333333,712.46666666667,511.63333333333,209.96666666667,338.2,937.76666666667,212.13333333333,799.86666666667
2010-09-24 07:40,866.93333333333,214.8,815.76666666667,247.96666666667,238.76666666667,154.63333333333,736,1095.4666666667,554.43333333333,217.3,922.46666666667,321.76666666667,1769.4666666667,192.3,333.2,203.03333333333,416.53333333333,570.4,195.26666666667,198.8,269.66666666667,179.93333333333,1148.5333333333,1170.4666666667,139.93333333333,2119.9,141.9,1055.3,201.83333333333,636.73333333333,654.76666666667,205.13333333333,996.93333333333,155.23333333333,1901.7333333333,429.16666666667,1183.1666666667,1350,186.63333333333,273.03333333333,206.86666666667,440.73333333333,224.66666666667,700.36666666667,610.36666666667,250.1,1874.2333333333,269.1,285.76666666667,1114.5666666667,898.03333333333,426.73333333333,761.56666666667,1917.4333333333,655.1,493.63333333333,211,297.03333333333,860.83333333333,230.53333333333,840.43333333333
2010-09-24 07:55,865.63333333333,214.06666666667,819.93333333333,250.9,241.46666666667,157.93333333333,784.36666666667,1147.8666666667,573.63333333333,221.8,942.16666666667,346.3,1794.3,193.06666666667,333.43333333333,202.1,416.33333333333,570.06666666667,194.9,198.53333333333,269.16666666667,179.7,1148.3,1166.4333333333,140.03333333333,2120.9333333333,141.46666666667,1051.6333333333,201.36666666667,640.66666666667,679.96666666667,205.6,1001.5,155.23333333333,1900.1,428.5,1149.5,1335.6333333333,185.4,270.4,206.7,421.66666666667,213.93333333333,693.3,673.3,241.1,1903.0666666667,297.33333333333,337.83333333333,1158.7333333333,864.76666666667,408.5,779.36666666667,1962.8666666667,653.6,487.26666666667,207.63333333333,294.43333333333,858.93333333333,214.6,833.63333333333
2010-09-24 08:10,893.6,216.73333333333,841.4,266.4,270.5,171.9,829.96666666667,1157.8666666667,600.36666666667,211.06666666667,872.86666666667,265.23333333333,1697.2,194.36666666667,336.8,203.7,420.96666666667,573.36666666667,195.83333333333,199.06666666667,269.53333333333,179.86666666667,1149.6333333333,1167.4333333333,139.73333333333,2121.7333333333,142.16666666667,1056.7333333333,202.16666666667,643.43333333333,685.2,205.76666666667,1002.6,155.3,1899.1333333333,428.5,1091.6666666667,1233.4666666667,182.96666666667,268.06666666667,193.2,403.4,214.26666666667,694.63333333333,645.76666666667,245.06666666667,1934,310.3,361.5,1261.5333333333,956.8,424.3,778.43333333333,1875.1333333333,630.33333333333,490.03333333333,205.63333333333,301.4,857.56666666667,214.9,818.86666666667
2010-09-24 08:25,894.66666666667,249.76666666667,900.36666666667,268.7,253.53333333333,166.03333333333,818.8,1136.9333333333,538.06666666667,211.3,877.23333333333,263.76666666667,1654.1,193.2,333.9,202.96666666667,418.63333333333,572.5,202.43333333333,199.4,268.63333333333,179.5,1152.6666666667,1168.5,139.8,2147.6333333333,141.63333333333,1056.1,202.56666666667,650.33333333333,676.73333333333,205.86666666667,1004.5,155.16666666667,1908.1666666667,428.46666666667,1360.6333333333,1239.0666666667,181.96666666667,267.73333333333,193.06666666667,383.23333333333,199.83333333333,632.76666666667,578.3,212.5,1906.7,298.33333333333,363.76666666667,1213.6666666667,842.46666666667,389.63333333333,715.3,1892.6333333333,657.4,483.9,204.93333333333,296.06666666667,840.13333333333,211.83333333333,784.33333333333
2010-09-24 08:55,868.03333333333,215.6,837.93333333333,248.06666666667,238.13333333333,159.7,759.4,1099.8666666667,520.23333333333,194,821.13333333333,246.6,1647.5666666667,192.86666666667,333.2,201.4,416.03333333333,570.76666666667,195.36666666667,198.6,269.1,179.43333333333,1151.3,1168.7,140.1,2147.3666666667,141.56666666667,1056.0333333333,202.36666666667,655.6,660.4,205.26666666667,998.13333333333,154.66666666667,1975.5,457.03333333333,1169.0666666667,1181.1333333333,181.53333333333,267.26666666667,193,379.83333333333,197.73333333333,599.9,536.8,184.36666666667,1454.2333333333,242,279.23333333333,987.93333333333,732.43333333333,332.63333333333,657.96666666667,1675.7,629.03333333333,502.06666666667,206.23333333333,305.93333333333,833.73333333333,210.86666666667,772.06666666667
2010-09-24 09:25,838.03333333333,212.6,812.66666666667,243.73333333333,236.33333333333,153.93333333333,725.43333333333,1082,519.13333333333,194.3,793.73333333333,233.9,1604.6666666667,194.4,335.66666666667,202.9,417.06666666667,573.13333333333,195.63333333333,200.3,269.96666666667,179.93333333333,1153.9333333333,1168.2666666667,140.4,2127.9666666667,141.96666666667,1060.2,203.03333333333,659.26666666667,647.7,205.13333333333,1000.5333333333,154.93333333333,1898,428.83333333333,1090.6666666667,1167.9666666667,181.23333333333,267.56666666667,193.2,382.43333333333,199.5,605.53333333333,538.66666666667,184.73333333333,1406.2333333333,229.1,242.83333333333,772.96666666667,553.2,235.6,476.06666666667,1342.3,587.1,478.56666666667,209.7,289.66666666667,825.73333333333,213.53333333333,793.83333333333
2010-09-24 13:25,811.41379310345,208.58620689655,800.48275862069,243.93103448276,233.68965517241,162.8275862069,757,1123.4482758621,525.37931034483,194.37931034483,851.8275862069,239.44827586207,1618.0689655172,193.62068965517,334.68965517241,202.89655172414,419.44827586207,572.93103448276,195.72413793103,198.13793103448,268.68965517241,179.48275862069,1154.1379310345,1169.6551724138,140.37931034483,2118,141.48275862069,1053.6206896552,202.10344827586,696.03448275862,640.86206896552,204.27586206897,1004.0344827586,155.37931034483,1900.1034482759,428.93103448276,1093.3103448276,1163.5517241379,181.24137931034,267.24137931034,193,380.62068965517,198.06896551724,603.75862068966,531.27586206897,182.65517241379,1343.7586206897,212.41379310345,231.89655172414,618.10344827586,376.62068965517,164.13793103448,329.41379310345,1008.0344827586,461.34482758621,439.75862068966,207.41379310345,267.44827586207,763.41379310345,207.62068965517,760.48275862069
2010-09-24 19:25,912.56,219.8,887.2,269.32,272.48,223.2,1049,1309.6,589.32,211.6,909.52,245.52,1637.12,197.56,341.84,205.88,418.44,572.56,215.88,202.4,269.8,179.36,1152.72,1170.28,140.92,2131.32,142.16,1062.16,203.56,639.76,640.08,206.2,1005.8,156.32,1911.08,432.56,1102.44,1163.84,181.28,267.8,193.08,380.32,197.2,596.6,529.32,183.2,1339.6,214.4,232.44,621,379.24,206.16,389.68,1442.4,738.12,610.52,288.6,325,929.16,211.92,836.92
2010-09-25 01:25,797.84,210.2,790.08,240.8,236.68,155.8,727.96,1092.16,513.48,194.44,793.8,235.68,1575.2,192.44,330.56,199.52,414.32,566.76,193.84,198.4,270.64,179.64,1146.96,1172.96,142.24,2139.88,143.16,1068.32,204.72,641.72,654.2,211.16,1037.16,157.8,1929.68,434.08,1106.16,1175.28,182.84,272.6,195.04,384.68,200.36,606.64,533.36,184.64,1330.8,208.04,229.28,621.76,377.4,164.88,331.56,972.36,441.4,429.48,204.64,264.52,728.68,208.08,741.52
2010-09-25 07:25,794.19230769231,208.42307692308,778.76923076923,234.03846153846,230.03846153846,151.30769230769,694.46153846154,1052.1538461538,509.53846153846,192,787.30769230769,229.92307692308,1561.2692307692,187.65384615385,324.76923076923,196.30769230769,409,566.38461538462,194.11538461538,198.76923076923,268.88461538462,179.26923076923,1139.9615384615,1166.0384615385,140.61538461538,2122.1153846154,141.96153846154,1055.9615384615,203.11538461538,637.46153846154,627.96153846154,205.69230769231,992.11538461538,154.92307692308,1890.7692307692,429.57692307692,1081.1923076923,1158.3846153846,181,267.07692307692,193,374.76923076923,194.46153846154,595.65384615385,520.19230769231,181.96153846154,1313.1923076923,203.5,226.69230769231,614.30769230769,376.15384615385,164,329.19230769231,981.73076923077,444.03846153846,428.73076923077,203.34615384615,260.11538461538,733.26923076923,205.88461538462,735.46153846154
2010-09-28 08:16,886.93548387097,215.8064516129,892.96774193548,282.16129032258,302.54838709677,192.03225806452,978.1935483871,1125.4193548387,521.58064516129,195.25806451613,820.96774193548,234.93548387097,1613.2903225806,193.58064516129,334.90322580645,203.61290322581,417.41935483871,570.54838709677,195.45161290323,199.09677419355,269.45161290323,179.8064516129,1153.7096774194,1166.9677419355,140.16129032258,2114.7741935484,142.1935483871,1053.8387096774,201.58064516129,638.1935483871,696.48387096774,206.32258064516,1006.2580645161,155.12903225806,1893.2580645161,429.12903225806,1237,1601.064516129,218.25806451613,451.03225806452,427.61290322581,650.74193548387,275.74193548387,1103.8709677419,1004.3870967742,335.16129032258,2892.1290322581,463.29032258065,628.45161290323,1913.935483871,1237.4193548387,522.70967741935,879.58064516129,2178.5806451613,726.22580645161,516.70967741935,205.90322580645,334.16129032258,900.58064516129,234.29032258065,902.41935483871
2010-09-28 08:31,969.61290322581,256.51612903226,1006.3548387097,290.90322580645,324.09677419355,193.06451612903,964.22580645161,1142.4516129032,523.70967741935,194.64516129032,819.67741935484,235.16129032258,1612.8709677419,194.25806451613,336.93548387097,204.35483870968,419.12903225806,571.48387096774,196.06451612903,199.09677419355,269.77419354839,179.09677419355,1152.3870967742,1162.4193548387,139.67741935484,2111.7741935484,141.67741935484,1051.1935483871,201.58064516129,639.90322580645,676.29032258065,205.35483870968,1003.8064516129,154.83870967742,1888.3870967742,427.54838709677,1207.935483871,1333.3870967742,202.54838709677,414.51612903226,351.64516129032,573,274.58064516129,1123.4193548387,1021.2903225806,359.1935483871,3145.5161290323,474.12903225806,596.64516129032,1907.5161290323,1293.1290322581,535.25806451613,862,2138,704.16129032258,509.74193548387,208.22580645161,321.51612903226,906.61290322581,242.16129032258,866.93548387097
2010-09-28 08:46,947,269.86666666667,945.6,267.7,262.86666666667,173.16666666667,860.6,1118.5333333333,520.56666666667,194.3,812.4,234.2,1612.5333333333,193.8,333.73333333333,203.43333333333,418.8,573.36666666667,195.66666666667,199.13333333333,270.16666666667,180.06666666667,1152.7666666667,1165.8,140.23333333333,2115.4666666667,141.56666666667,1051.9,201.26666666667,639.73333333333,673.53333333333,205.43333333333,998.6,154.76666666667,1892.9333333333,428.63333333333,1150.6333333333,1288.2,201,361.8,330.43333333333,537.93333333333,250.7,1072.3333333333,908.6,391.43333333333,3116.7333333333,458.43333333333,689.23333333333,1852.9333333333,1202.1333333333,467.93333333333,778.8,2005.7333333333,712.46666666667,511.63333333333,209.96666666667,338.2,937.76666666667,212.13333333333,799.86666666667
2010-09-28 09:01,888.8,232.86666666667,868.93333333333,251.66666666667,247.3,169.06666666667,805.9,1092.5333333333,517.06666666667,193.26666666667,811.46666666667,234.1,1607.0333333333,193.16666666667,333.06666666667,201.26666666667,414.7,567.83333333333,195.03333333333,198.73333333333,269.23333333333,179.53333333333,1148.7333333333,1168.5,140.43333333333,2269.3333333333,141.83333333333,1053.6,201.33333333333,638.06666666667,666.63333333333,204.8,996.53333333333,154.3,2158.4,427.43333333333,1119.8666666667,1188.3666666667,190.83333333333,403.53333333333,301.16666666667,567.46666666667,277.4,1018.7,857.7,303.26666666667,2621.3666666667,391.93333333333,487.86666666667,1477.3333333333,999.03333333333,418.9,723.73333333333,1969.6,704.36666666667,529.93333333333,210.7,320.86666666667,939.86666666667,212.43333333333,809.36666666667
2010-09-28 09:31,840.06666666667,214.5,815.66666666667,247.86666666667,243.36666666667,157.23333333333,744.73333333333,1089.7333333333,520.76666666667,194.46666666667,797.96666666667,234.4,1596.9,193.4,334.8,202.6,416.83333333333,568.66666666667,194.3,199.26666666667,269.93333333333,179.6,1150.4666666667,1167.2333333333,140.2,2117.7,141.73333333333,1055.8,201.6,637.76666666667,645.8,203.66666666667,995.9,154.86666666667,1892.9,427.23333333333,1087.2666666667,1196.7,184.53333333333,327.96666666667,285.5,480.8,220.5,860.23333333333,692.3,305.66666666667,2106.8333333333,326.16666666667,364.2,1107,795.66666666667,348.83333333333,633.46666666667,1699.2333333333,646.6,494.9,208.16666666667,301.83333333333,873.9,237.3,865.46666666667
2010-09-28 10:01,826.36666666667,212.4,803.1,241.8,235.03333333333,153.46666666667,723,1085.8666666667,521.2,193.96666666667,795.63333333333,234.16666666667,1607.7666666667,194.93333333333,333.96666666667,201.46666666667,416.13333333333,569.73333333333,195.36666666667,201.46666666667,270.4,180.2,1151.5666666667,1172.1666666667,140.06666666667,2123.3,141.8,1058.5,202.13333333333,647.9,642.56666666667,205.16666666667,999.76666666667,154.93333333333,1894.2333333333,427.23333333333,1086.5,1164,181.03333333333,281.9,222.56666666667,447.96666666667,222.2,679.93333333333,619.43333333333,216.23333333333,1764.6,251.4,281.83333333333,799.5,559.13333333333,238.4,468.53333333333,1361.3666666667,563.2,467.63333333333,205.1,280.76666666667,815.86666666667,223.6,824.66666666667
2010-09-28 14:01,824.86206896552,212.65517241379,809.48275862069,245.93103448276,236.44827586207,151.31034482759,725.89655172414,1085.1034482759,525.06896551724,193.89655172414,807.89655172414,234.03448275862,1594.7931034483,192.27586206897,331.72413793103,201.20689655172,415.44827586207,571.55172413793,195.8275862069,198.62068965517,268.51724137931,179.1724137931,1148.2068965517,1177.4482758621,140.79310344828,2125.1724137931,141.48275862069,1051.3103448276,201.13793103448,637.31034482759,636.24137931034,206.48275862069,1004.4827586207,155.65517241379,1906.6206896552,427.79310344828,1087.6206896552,1166.4482758621,181,267.10344827586,193,376.24137931034,197.1724137931,602.96551724138,525.68965517241,182,1326.9655172414,208.1724137931,228.86206896552,615.55172413793,375.24137931034,164,329.20689655172,994.93103448276,453.13793103448,434.8275862069,204.1724137931,263.20689655172,747.10344827586,206.58620689655,755.27586206897
2010-09-28 20:01,820.73076923077,214.73076923077,923.03846153846,293.5,239.69230769231,156.07692307692,734.03846153846,1112,517.30769230769,192.46153846154,793.84615384615,237.57692307692,1569.3076923077,190.57692307692,329.80769230769,198.34615384615,412.34615384615,562.65384615385,193.53846153846,198.69230769231,268.42307692308,179.07692307692,1144.7692307692,1178.7692307692,140.38461538462,2127.5769230769,141.96153846154,1058,203.07692307692,638.57692307692,637.19230769231,206.96153846154,1002.3461538462,155.88461538462,1904.2307692308,431.34615384615,1093.9230769231,1160.9230769231,181,267.34615384615,193,376.07692307692,194.92307692308,594.15384615385,519.92307692308,181.15384615385,1312.5769230769,206.65384615385,228.11538461538,615.34615384615,376.23076923077,164,329.15384615385,971.26923076923,443.07692307692,426.46153846154,202.88461538462,259.61538461538,729.07692307692,206.11538461538,748.23076923077
2010-09-29 02:01,778.26923076923,204.80769230769,769.42307692308,227.26923076923,228.57692307692,152.5,754.19230769231,1055.6923076923,510.23076923077,191.76923076923,790,230.76923076923,1545,190.69230769231,330.76923076923,198.5,412.11538461538,570.65384615385,196.65384615385,200,274.34615384615,181.92307692308,1157.1153846154,1186.6153846154,141.53846153846,2164.7307692308,143.73076923077,1089.7307692308,207.53846153846,652.38461538462,649.88461538462,212.61538461538,1035.3846153846,157.69230769231,1956.1538461538,440.46153846154,1117.8846153846,1187.6923076923,183.76923076923,276.26923076923,197.96153846154,387.07692307692,200.69230769231,604.23076923077,531.80769230769,184.80769230769,1321.1153846154,201.03846153846,228.84615384615,622.53846153846,377.96153846154,164.46153846154,330.46153846154,940.65384615385,426.23076923077,424.11538461538,209.76923076923,249.57692307692,710.57692307692,206.5,746.92307692308
2010-09-29 08:01,893.53571428571,215.10714285714,838.92857142857,255.82142857143,244.03571428571,159.07142857143,806.85714285714,1141.2857142857,526.25,196.17857142857,807.07142857143,235.17857142857,1617.5357142857,193.78571428571,344.21428571429,212.28571428571,418.92857142857,571.60714285714,195.57142857143,199.07142857143,269.67857142857,180.14285714286,1154.9642857143,1176.2857142857,140.17857142857,2123.75,142.07142857143,1058.1071428571,202.39285714286,638.92857142857,721.25,209.10714285714,1015.3214285714,161.21428571429,2149.25,575.14285714286,1852.2142857143,1587.1428571429,211.89285714286,451.67857142857,386.25,743.85714285714,360.32142857143,1467.5357142857,1158.4642857143,420.85714285714,3383.25,535.46428571429,748,2049.0357142857,1386.0357142857,566.64285714286,922.10714285714,2170.6428571429,697.21428571429,508.89285714286,219.53571428571,318.78571428571,883.35714285714,215.96428571429,812.25
2010-10-01 13:19,817.41379310345,208.48275862069,798.89655172414,246.27586206897,235.58620689655,157.03448275862,754.79310344828,1133.2413793103,528.20689655172,195.06896551724,851.72413793103,238.58620689655,1609.2068965517,194.68965517241,335.68965517241,202.62068965517,419.79310344828,577.79310344828,197.65517241379,199.1724137931,269.72413793103,180.55172413793,1153.5517241379,1169.2413793103,140.31034482759,2121.4827586207,141.41379310345,1053.3103448276,201.93103448276,671,644.48275862069,204.58620689655,1002.8275862069,155.37931034483,1903.0689655172,428.68965517241,1092.724137931,1164.8965517241,181.20689655172,267.27586206897,193,382.13793103448,199.06896551724,604.44827586207,534.44827586207,183.89655172414,1342.8620689655,212.41379310345,231.44827586207,619.10344827586,376.68965517241,164.27586206897,329.41379310345,1003.1724137931,460.37931034483,435.68965517241,204.41379310345,266.48275862069,760.65517241379,207.72413793103,763.75862068966
2010-10-01 13:34,821.8275862069,210.37931034483,806.27586206897,245.75862068966,235.13793103448,154.62068965517,737.31034482759,1102.8965517241,529,195.06896551724,837.51724137931,238.62068965517,1613,193.58620689655,335.27586206897,202.79310344828,418.62068965517,577.13793103448,197.37931034483,198.55172413793,268.72413793103,179.24137931034,1153.6896551724,1170.5862068966,140.55172413793,2117.724137931,141.48275862069,1052.5172413793,201.93103448276,711.79310344828,641.44827586207,204.44827586207,1003.1724137931,155.10344827586,1898.1034482759,429.03448275862,1092.6551724138,1163.9655172414,180.79310344828,267.13793103448,193,381.31034482759,197.96551724138,603.65517241379,534.27586206897,182.86206896552,1340.6206896552,212,231.31034482759,617.68965517241,376.93103448276,164.27586206897,329.37931034483,1009.3103448276,461.31034482759,441.06896551724,206.8275862069,266.24137931034,769.65517241379,209.72413793103,770.03448275862
2010-10-01 13:49,808.34482758621,209.89655172414,810.79310344828,245.8275862069,235.31034482759,161.37931034483,745.68965517241,1090.7586206897,535.79310344828,195.1724137931,853.75862068966,236.89655172414,1613.8620689655,195.1724137931,338.34482758621,204.65517241379,420.10344827586,575.68965517241,195.96551724138,198.55172413793,269,179.58620689655,1162.1724137931,1165.0689655172,141.27586206897,2117.6206896552,141.55172413793,1051.8965517241,202.31034482759,758.44827586207,649.27586206897,207,1002.5862068966,155.24137931034,1897.724137931,428.65517241379,1089.6896551724,1160.1034482759,180.86206896552,267.03448275862,193,379.34482758621,202.8275862069,602,532.96551724138,183.31034482759,1338.5517241379,213.10344827586,230.86206896552,618.20689655172,376.20689655172,164.13793103448,329.34482758621,1007.1379310345,460.8275862069,441.13793103448,205.68965517241,264.65517241379,758.41379310345,207.41379310345,764.10344827586
2010-10-01 14:04,821.27586206897,211,823.51724137931,252.10344827586,239.03448275862,153.06896551724,731.89655172414,1105.7931034483,527.37931034483,194.65517241379,856.86206896552,239.37931034483,1622.8965517241,193.58620689655,335.41379310345,202.93103448276,417.41379310345,575.1724137931,197.20689655172,198.41379310345,271.96551724138,225.10344827586,1192.4137931034,1167.1379310345,140.72413793103,2236.1379310345,141.34482758621,1050.6551724138,205.20689655172,742.31034482759,642.06896551724,204.55172413793,1002.6896551724,155.37931034483,1986.724137931,429.86206896552,1096.1724137931,1160.5517241379,181.37931034483,267.03448275862,193,381.37931034483,200.10344827586,600.65517241379,530.20689655172,182.86206896552,1339.275862069,211.51724137931,230.31034482759,618.20689655172,377.10344827586,164.62068965517,330.44827586207,1000.4137931034,460.75862068966,439.89655172414,205.68965517241,300.1724137931,847.62068965517,206.93103448276,775.24137931034
2010-10-01 14:34,832.78571428571,211.78571428571,825.78571428571,251.5,245,166.67857142857,824.32142857143,1286.2857142857,542.92857142857,204.17857142857,942.57142857143,254.21428571429,1685.25,200.75,346.07142857143,212.53571428571,426.10714285714,585.96428571429,199.89285714286,200.53571428571,270.35714285714,180.71428571429,1162.0714285714,1167.75,140.28571428571,2130.5714285714,141.89285714286,1057.1428571429,202.85714285714,645.42857142857,639.89285714286,205.14285714286,1003.4285714286,155.60714285714,1904.5714285714,430.39285714286,1100.2857142857,1165.0357142857,181.03571428571,267.14285714286,193,383.14285714286,200.35714285714,607.07142857143,535.89285714286,184.21428571429,1354.3928571429,217.21428571429,233.57142857143,622.07142857143,378.17857142857,164.96428571429,330.82142857143,1026.7857142857,471,451.57142857143,208.39285714286,268.53571428571,774.21428571429,209.75,794.35714285714
2010-10-01 15:04,837.82142857143,211.82142857143,879.92857142857,279.89285714286,282.46428571429,212.82142857143,1047.6785714286,1501.2857142857,547.03571428571,208.10714285714,1063.7142857143,252.14285714286,1663.1428571429,197.85714285714,344.82142857143,209.17857142857,428.60714285714,589.07142857143,200.60714285714,200.28571428571,270.39285714286,180.60714285714,1170.3571428571,1169.75,140.32142857143,2130.2142857143,141.67857142857,1054.5,201.89285714286,646.64285714286,644.92857142857,204.78571428571,1002.0357142857,155.35714285714,1906.2142857143,429.42857142857,1103.1428571429,1164.7857142857,181.14285714286,267.57142857143,193.07142857143,381.35714285714,198.07142857143,601.32142857143,530.17857142857,182.67857142857,1342.3928571429,214.57142857143,233.42857142857,621,376.67857142857,164.42857142857,329.35714285714,1007.1071428571,462.46428571429,451.64285714286,210.96428571429,267.92857142857,766.75,207.78571428571,786.32142857143
2010-10-01 19:04,964.92,249.56,1034.6,314.16,298.6,246.2,1144.2,1558.88,593.2,215,941.32,248.56,1656.2,199.24,342.28,205.92,421.76,578.08,199.24,200.88,270.32,179.52,1161.48,1174.8,141.2,2141.68,142.28,1067.16,204.12,643.36,639.6,206.04,1002.88,156,1915,433.04,1108.44,1162.92,181,267.36,193,380.16,197.48,598.88,528.24,182.88,1361.36,224.88,234.48,660.84,451.52,211.64,467,1533.08,718.88,631.16,296.4,314.6,988,338.6,1125.76
2010-10-02 01:04,847.8,211.08,799.32,243.84,235.72,167.8,745.44,1078.88,512.24,192.48,797.04,236.92,1577.72,191.92,332.2,199.84,416.24,570.6,196,201.04,272.44,180.76,1148.64,1162.12,141,2143.84,142.52,1068.96,204.92,644.32,652.4,210.28,1031.84,158.76,1936.64,437.08,1107.92,1165.44,182.6,268.8,193.48,382.4,199.32,605.52,535.64,184.64,1346.16,210.6,233.32,626.44,382.04,165.52,331.36,965.8,438.92,416.2,201.68,257.44,718.16,205.28,734.8
2010-10-02 07:04,776.96153846154,204.53846153846,770.65384615385,232.19230769231,228.61538461538,148.30769230769,690.38461538462,1037.3846153846,501.92307692308,190.92307692308,786.11538461538,228.46153846154,1556,188.30769230769,324.19230769231,195.61538461538,408.34615384615,568.42307692308,194.69230769231,199.30769230769,269.57692307692,179.80769230769,1140.9230769231,1166.9230769231,140.5,2121.8076923077,141.76923076923,1056.6538461538,203.26923076923,639.34615384615,628.42307692308,205.5,994.80769230769,154.38461538462,1893,428.92307692308,1083.3846153846,1154.5384615385,181,267.26923076923,193,374.53846153846,193.69230769231,594.96153846154,519.07692307692,181.30769230769,1306.0384615385,200.26923076923,223.69230769231,613.46153846154,375.69230769231,164,329.19230769231,975.34615384615,442.61538461538,424.38461538462,201.15384615385,258.11538461538,729.84615384615,205.96153846154,728.80769230769
2010-10-02 13:04,822.40740740741,208.07407407407,801.85185185185,246.62962962963,235.40740740741,153.11111111111,712.55555555556,1071.7037037037,512.22222222222,190.7037037037,791.22222222222,232.37037037037,1580.8518518519,189.25925925926,327.11111111111,198.33333333333,411.77777777778,566.40740740741,193.51851851852,198.14814814815,268.2962962963,179.03703703704,1141.1111111111,1165.4814814815,140.37037037037,2164.962962963,149.77777777778,1089.1111111111,202.22222222222,644.03703703704,639.7037037037,205.92592592593,996.11111111111,154.81481481481,1897.2222222222,429.07407407407,1087.7407407407,1157.7777777778,181.18518518519,267.07407407407,193,376.40740740741,195,596.62962962963,525.25925925926,181.85185185185,1329.5555555556,212.7037037037,231.2962962963,617.55555555556,376.14814814815,164,329,1012.4074074074,465.81481481481,447.18518518519,203.7037037037,325.77777777778,805.07407407407,222.74074074074,922
2010-10-05 09:37,834.33333333333,211.76666666667,803.73333333333,243.86666666667,237.63333333333,157.9,745.2,1085.0666666667,518.93333333333,194.23333333333,794.9,233.6,1601.3666666667,194.23333333333,334.66666666667,202.56666666667,415.8,569.4,194.7,198.93333333333,269.93333333333,179.8,1151.2,1167.9333333333,140.13333333333,2130.8333333333,141.66666666667,1056.0666666667,201.93333333333,642.06666666667,651.93333333333,204.4,998.66666666667,154.53333333333,2078.0333333333,427.46666666667,1084.5666666667,1170.4666666667,190.6,336.43333333333,232.13333333333,470.3,235.26666666667,792.9,685.5,272.96666666667,2076.5666666667,297.4,327.1,1054.8666666667,701.26666666667,323.36666666667,606.96666666667,1657.3666666667,623.53333333333,478.3,207.83333333333,305.13333333333,864,231.96666666667,895.56666666667
2010-10-05 09:52,829.33333333333,211.3,804.63333333333,244.36666666667,237.63333333333,154.8,730.1,1085.0666666667,519.23333333333,194.16666666667,801.86666666667,234.7,1603.5333333333,194.5,334.9,202.03333333333,417.93333333333,570.1,196.06666666667,199.66666666667,270.2,180.56666666667,1153.1666666667,1167.4666666667,140.16666666667,2198.7666666667,141.36666666667,1055.3,201.73333333333,644.56666666667,644.43333333333,204.26666666667,998.43333333333,154.86666666667,1948.7666666667,427.16666666667,1087.5,1165.3333333333,181.13333333333,274.63333333333,226.9,468.86666666667,219.53333333333,806.5,681.53333333333,244.4,1769.3666666667,288.4,348.66666666667,928.56666666667,547.76666666667,253.76666666667,534.16666666667,1490.7,588.36666666667,484.66666666667,206.5,298.1,872.46666666667,231.66666666667,819.5
2010-10-05 10:07,821.2,209.83333333333,797.6,241.7,235.9,153.53333333333,725.5,1084.5333333333,518.2,193.2,796.53333333333,233.76666666667,1602.8333333333,193.4,333.7,201.46666666667,416.16666666667,570.5,195.1,199.66666666667,269.46666666667,179.93333333333,1153.1333333333,1172.4,142.86666666667,2125.1333333333,142.1,1056.0666666667,201.2,648.93333333333,646.23333333333,205.5,1000.0666666667,155.3,1905,428.4,1087.0333333333,1163.6,180.93333333333,271.73333333333,229.6,400.06666666667,201.73333333333,642.6,646.73333333333,233.26666666667,1644.9333333333,238.06666666667,257.4,804.06666666667,552.6,247.43333333333,424.96666666667,1270.7333333333,545.66666666667,473.26666666667,205.5,279.56666666667,814.16666666667,225.43333333333,811.6
2010-10-05 10:22,826.26666666667,211.7,801.9,242.46666666667,235.26666666667,155.03333333333,724.23333333333,1086,521.46666666667,193.93333333333,802.1,234.16666666667,1604.2333333333,194,333.56666666667,201.53333333333,417.06666666667,570.53333333333,194.96666666667,198.73333333333,268.96666666667,179.33333333333,1148,1176.0333333333,140.7,2121.4,141.86666666667,1058.8333333333,201.46666666667,647.3,642.23333333333,205.73333333333,1003.2666666667,154.8,1895.9,427.4,1084.5333333333,1171.3,180.96666666667,267.23333333333,193,389.73333333333,208.36666666667,621.06666666667,548.8,186.43333333333,1456.3333333333,235.36666666667,247.43333333333,722.4,448.86666666667,204.46666666667,399.3,1208.4,535.86666666667,461.36666666667,206.53333333333,276,791.1,212.2,808.66666666667
2010-10-05 10:52,844.51724137931,214.1724137931,819.1724137931,255.10344827586,238.20689655172,153.24137931034,723.31034482759,1082.2068965517,521.34482758621,194.41379310345,810.31034482759,235.1724137931,1596.2413793103,192.89655172414,332.75862068966,201.13793103448,414.93103448276,571.20689655172,196.72413793103,199.65517241379,270.86206896552,180.51724137931,1152.3793103448,1174.7586206897,140.68965517241,2120.0344827586,141.62068965517,1054.8965517241,202.27586206897,648.31034482759,643.79310344828,205.75862068966,1002.7931034483,155.34482758621,1899.0344827586,427.24137931034,1085.4482758621,1182.1034482759,180.93103448276,267.41379310345,193.13793103448,381.1724137931,198.24137931034,601.86206896552,529.37931034483,182.93103448276,1338.2068965517,211.96551724138,232.93103448276,649.03448275862,395.79310344828,171.8275862069,345.27586206897,1095.4137931034,488.13793103448,446.96551724138,207.06896551724,274.79310344828,800.24137931034,220.72413793103,814.06896551724
2010-10-05 11:22,833.37931034483,212.37931034483,808.10344827586,248.86206896552,238.10344827586,152.1724137931,724.48275862069,1075.724137931,517.51724137931,193.1724137931,797.79310344828,234.62068965517,1588.7931034483,192.13793103448,332.20689655172,200.65517241379,415.44827586207,574.13793103448,196.27586206897,198.75862068966,270.55172413793,179.48275862069,1148.8965517241,1182,140.89655172414,2123.6896551724,141.51724137931,1058.5862068966,202,649.20689655172,646.51724137931,206.13793103448,1004.1034482759,155,1901.9655172414,428.86206896552,1088.1724137931,1186.1034482759,181.1724137931,267.34482758621,193,380.37931034483,199.10344827586,602.51724137931,530.1724137931,182.65517241379,1334.3103448276,209.48275862069,230.79310344828,620,376.62068965517,164.27586206897,329.58620689655,1019.7586206897,469.24137931034,453.06896551724,207.86206896552,272.48275862069,788.03448275862,225.10344827586,827.03448275862
2010-10-05 15:22,853.24137931034,220.37931034483,980.06896551724,288.86206896552,271.8275862069,197.37931034483,1014.1379310345,1474.0689655172,557.8275862069,214.10344827586,957.58620689655,255.93103448276,1794.724137931,214.31034482759,368.51724137931,211.37931034483,432.68965517241,592.44827586207,200.13793103448,199.44827586207,269.10344827586,179.93103448276,1166.8965517241,1174,140.20689655172,2273.3793103448,144.37931034483,1053,202.31034482759,642.8275862069,638.03448275862,205,1000.1724137931,155.41379310345,1905,429.03448275862,1102.1379310345,1164.6206896552,181.03448275862,267.10344827586,193,379.03448275862,197.55172413793,602.06896551724,533.58620689655,183.10344827586,1341.5862068966,212.10344827586,230.86206896552,618,375.93103448276,164.20689655172,329.1724137931,1016.4482758621,462.34482758621,438.55172413793,202.96551724138,266.65517241379,762.55172413793,208.27586206897,772.48275862069
2010-10-05 21:22,823.46153846154,234.76923076923,790.96153846154,236.88461538462,232.80769230769,152.15384615385,710.11538461538,1081.8461538462,523.38461538462,192.03846153846,795.38461538462,237.03846153846,1577,192.65384615385,329.84615384615,197.5,410.42307692308,564.96153846154,195.80769230769,199.88461538462,269.88461538462,180.07692307692,1157.7692307692,1176.6923076923,140.46153846154,2130.5,142.61538461538,1064.7692307692,203.92307692308,641.19230769231,634.38461538462,207.76923076923,998.73076923077,155.92307692308,1908.1923076923,431.11538461538,1092.9615384615,1172.0769230769,184.34615384615,269.88461538462,194.30769230769,380.38461538462,196.26923076923,597.26923076923,523.26923076923,182.07692307692,1319.5,208.34615384615,227.5,615.15384615385,379.73076923077,165.84615384615,335.19230769231,994.23076923077,457.03846153846,434.42307692308,204.23076923077,261.38461538462,742.5,213.15384615385,758.5
2010-10-06 03:22,763.07407407407,207.85185185185,768.96296296296,233.07407407407,230.66666666667,147.11111111111,734.48148148148,1059.1111111111,510,193.18518518519,789.66666666667,233.07407407407,1571.1111111111,190.96296296296,329.48148148148,197.44444444444,413.33333333333,571.74074074074,195.59259259259,200.11111111111,272.48148148148,180.92592592593,1156.5925925926,1190.1481481481,142.74074074074,2173.5185185185,145.40740740741,1096.3703703704,208.48148148148,654.48148148148,644.18518518519,209.40740740741,1029,157.74074074074,1934.037037037,433.07407407407,1098.1111111111,1167.1851851852,182.37037037037,268.81481481481,194.18518518519,377.22222222222,194.7037037037,597.40740740741,522.44444444444,182,1311.2222222222,196.74074074074,223.55555555556,613.55555555556,376.62962962963,164.14814814815,331.33333333333,934.62962962963,422.18518518519,422.2962962963,213.25925925926,248.03703703704,699.55555555556,205.25925925926,719.11111111111
2010-10-06 09:22,840.51851851852,213.2962962963,814.40740740741,245.81481481481,237.07407407407,159.11111111111,753.51851851852,1111.2592592593,528.85185185185,197.77777777778,806.92592592593,234.85185185185,1616.1481481481,195.25925925926,335.18518518519,203.33333333333,419.2962962963,572.88888888889,196.14814814815,199.59259259259,269.62962962963,180.03703703704,1155.0740740741,1180.6666666667,140.96296296296,2135.5925925926,144.07407407407,1070.7037037037,202.92592592593,651.59259259259,655.88888888889,206.03703703704,1008.2962962963,156.33333333333,2245.9259259259,570.55555555556,1434,1258.2592592593,181.74074074074,278.77777777778,231.88888888889,459.48148148148,239.2962962963,821.62962962963,698.07407407407,276.81481481481,2163.3703703704,316.48148148148,344.44444444444,1267.2222222222,937.92592592593,410.18518518519,740.77777777778,1812.8518518519,639.44444444444,480.33333333333,205.18518518519,292.55555555556,818.81481481481,214.07407407407,795.07407407407
2010-10-08 16:58,1977.6538461538,850.38461538462,2772.9230769231,595.42307692308,734.23076923077,425.03846153846,1882.2692307692,2096.4615384615,768,268.15384615385,1108.7307692308,318.23076923077,2055.8076923077,246.26923076923,482.38461538462,259.65384615385,584.11538461538,755.73076923077,238.73076923077,251.07692307692,427,410.76923076923,1455.0769230769,1176.3846153846,148.76923076923,2760.5769230769,144.80769230769,1066.5769230769,225.69230769231,758.46153846154,645.69230769231,205.73076923077,1003.7692307692,155.69230769231,1904.9615384615,430.73076923077,1116.2692307692,1168.0769230769,181.03846153846,267.5,193,381.69230769231,199,600.53846153846,533.53846153846,183.26923076923,1360.8461538462,218.46153846154,234.5,619.34615384615,378.19230769231,166.03846153846,335.96153846154,1212.6153846154,632.92307692308,625.73076923077,256.23076923077,469.11538461538,1280.7307692308,447.80769230769,1316.3461538462
2010-10-08 17:13,2048,880.5,2916.9230769231,681.73076923077,734.88461538462,391.38461538462,1800.6153846154,2123.3846153846,695.07692307692,269.96153846154,1141.0769230769,326.26923076923,2077.0769230769,250.96153846154,480.96153846154,275.88461538462,609.46153846154,794.53846153846,238.80769230769,251.84615384615,440.30769230769,442.92307692308,1568.6923076923,1232.6923076923,157.73076923077,2785.9230769231,144.61538461538,1067.8846153846,240.30769230769,811,649.65384615385,205.5,1004.8846153846,155.92307692308,1909.8461538462,431.03846153846,1117.0769230769,1164.5384615385,181.30769230769,267.61538461538,193.15384615385,383.07692307692,199.23076923077,601.34615384615,536.57692307692,184.46153846154,1358.0769230769,219.03846153846,233,620.88461538462,378.19230769231,165.23076923077,339.19230769231,1338.0769230769,718.88461538462,616.96153846154,267.92307692308,406.23076923077,1152.8461538462,476,1410.2692307692
2010-10-08 17:28,2094.7307692308,958.65384615385,3380.1923076923,749.69230769231,850.5,419.84615384615,1917.8461538462,2073.3846153846,674.5,254.26923076923,1172.2307692308,346.26923076923,2136.2307692308,268.96153846154,528.92307692308,299.88461538462,676,836.11538461538,255.76923076923,287.5,511.57692307692,481.11538461538,1569.1153846154,1309.6538461538,165.46153846154,2337.3076923077,143.96153846154,1079.5,253.38461538462,893.46153846154,651.03846153846,205.84615384615,1004.8461538462,156.03846153846,1908.8846153846,431.23076923077,1118.1538461538,1171,181.80769230769,267.96153846154,193.07692307692,388.96153846154,203.11538461538,612.11538461538,545.61538461538,186.96153846154,1399.4230769231,235.80769230769,237.69230769231,627.30769230769,384,183.15384615385,367.03846153846,1440.4615384615,809.5,706.65384615385,310.84615384615,517.19230769231,1499.4230769231,564.07692307692,1583.4230769231
2010-10-08 17:43,2386.3846153846,969.57692307692,3199.1153846154,743.03846153846,781.5,418.26923076923,1830.5,2012.4615384615,714.61538461538,265.73076923077,1171.4615384615,323.73076923077,2281.3461538462,294.30769230769,536.23076923077,278.15384615385,611.42307692308,823.73076923077,272.65384615385,307.96153846154,494.15384615385,465.11538461538,1592.5769230769,1245.4615384615,143.57692307692,2183.9230769231,144.42307692308,1129,317.84615384615,958.23076923077,650.07692307692,206.34615384615,1008.2692307692,156.15384615385,1914.7692307692,433.76923076923,1117.3846153846,1174.8461538462,182.30769230769,269.03846153846,193.84615384615,390.07692307692,203.34615384615,606.57692307692,542.65384615385,186.46153846154,1412.9230769231,236.26923076923,238.42307692308,630,410.26923076923,193.73076923077,409.92307692308,1696.8461538462,895.42307692308,794.65384615385,351.61538461538,533.07692307692,1564.3846153846,673.73076923077,1605.6153846154
2010-10-08 18:13,1535.9615384615,520,2431.9230769231,603.38461538462,551.53846153846,381.76923076923,1683.4615384615,1874.1538461538,654.38461538462,247.80769230769,1164.3846153846,274.53846153846,1920.8076923077,239.26923076923,410.15384615385,245.07692307692,513.11538461538,702.15384615385,217.65384615385,214.65384615385,304.15384615385,250.46153846154,1374.8076923077,1185.6153846154,141.73076923077,2164.4615384615,144.11538461538,1197.1153846154,246.42307692308,735.53846153846,649.15384615385,205.73076923077,1007.8461538462,155.96153846154,1914.8076923077,434.11538461538,1116.6153846154,1174.8461538462,182.23076923077,268.88461538462,193.15384615385,390,203.07692307692,604.80769230769,542.61538461538,187.03846153846,1388.6923076923,232.03846153846,253.03846153846,693.69230769231,499.46153846154,220.84615384615,443,1648.6923076923,902.19230769231,806.26923076923,338.65384615385,560.5,1616.5384615385,650.69230769231,1537.4615384615
2010-10-08 18:43,1149.8461538462,411.76923076923,1666.1923076923,460.11538461538,489,308.19230769231,1384.3846153846,1551.0769230769,601.19230769231,213.76923076923,1124.2307692308,257,1672.3461538462,204.80769230769,352.57692307692,212.84615384615,450,631.38461538462,209.65384615385,205.07692307692,272.76923076923,183.73076923077,1190.3846153846,1172.3846153846,141,2136.3461538462,142.38461538462,1160.5769230769,226.34615384615,677.76923076923,645.73076923077,205.92307692308,1006.3846153846,155.88461538462,1905.8846153846,432.5,1109.2692307692,1168.6923076923,181.30769230769,267.76923076923,193.07692307692,381.88461538462,198.80769230769,600.57692307692,534.92307692308,184.61538461538,1403.6153846154,243.96153846154,268.30769230769,881.61538461538,511.11538461538,209.53846153846,450.46153846154,1424.1923076923,829.38461538462,694.53846153846,302.76923076923,410.26923076923,1195.6153846154,455.88461538462,1392.8461538462
2010-10-08 22:43,909.6,217.28,822.92,259.44,277.6,174.52,776,1100.32,533.92,195.52,799.08,239.48,1598.88,194.2,334.04,200.48,415.56,569.44,196.44,199.92,273.4,191.6,1154.76,1183.44,141.2,2133.6,142.36,1065.32,204,638.2,649.28,208.2,1010.36,156.32,1925.6,432.76,1097.28,1162.88,180.84,268.04,193.08,381.04,196.52,595.88,524.36,182.6,1329.96,210.08,230.32,620.12,376.56,164.32,331,994.08,449.6,436.16,210.64,262.92,735.12,209.72,759.8
2010-10-09 04:43,774.57692307692,210.57692307692,775.92307692308,233.65384615385,229.11538461538,150.76923076923,710.80769230769,1054.6153846154,504.26923076923,190.34615384615,786.84615384615,231.38461538462,1549.9615384615,189.34615384615,326.57692307692,197.57692307692,413.15384615385,566.80769230769,192.38461538462,198.53846153846,270.65384615385,180.65384615385,1149.3846153846,1181.7307692308,141,2137.8076923077,143.42307692308,1068.0769230769,204.57692307692,643.61538461538,628.5,206.73076923077,999.88461538462,154.96153846154,1903.3846153846,430.73076923077,1086.7692307692,1157.3846153846,180.53846153846,267.57692307692,193.15384615385,374.88461538462,193.46153846154,594.15384615385,517.26923076923,181.26923076923,1306.0769230769,198.76923076923,224.26923076923,614.53846153846,376.5,164,329.76923076923,956.42307692308,433.5,422.69230769231,202.73076923077,252.65384615385,703.34615384615,203.88461538462,718.15384615385
2010-10-09 10:43,838.28,211.16,804.84,245.56,237.08,157.36,722.76,1086.24,518.56,193.24,791.8,232.64,1591.4,191.28,328.52,198.4,414.72,577.56,195.52,198.96,269.32,180.08,1149.72,1170.64,141.32,3106.52,142.48,1066,203.48,644.8,647.2,205.76,1000,155.48,1908.16,430.28,1091.84,1159.2,181.08,267.32,193.08,377.68,195.64,598.76,526.84,181.6,1327.24,209.88,230.64,617.6,376.24,164.16,329.12,1011.48,463.08,437.16,201.92,272.28,776.68,209.32,781.8
2010-10-09 16:43,960.37037037037,221.44444444444,896.33333333333,254.51851851852,240.92592592593,164.7037037037,759.18518518519,1126.962962963,551.96296296296,204.07407407407,801.48148148148,235.81481481481,1620.2592592593,191.85185185185,333,247.55555555556,649.18518518519,589.74074074074,195.44444444444,198.74074074074,268.85185185185,179.33333333333,1146.3333333333,1169.7777777778,140.22222222222,2121.4074074074,141.74074074074,1057.3333333333,202.59259259259,643.59259259259,646.59259259259,205.55555555556,1003.2222222222,155.44444444444,1908.1481481481,430.88888888889,1091.3703703704,1162.6666666667,181.03703703704,267.7037037037,193.07407407407,390.74074074074,234.74074074074,608.44444444444,532.55555555556,183.59259259259,1351.7407407407,213.77777777778,230.51851851852,618.81481481481,377.03703703704,164.96296296296,329.62962962963,1045.1111111111,506.51851851852,445.7037037037,207.11111111111,278.55555555556,799.37037037037,247.51851851852,907.40740740741
2010-10-12 18:25,1639.5925925926,600.37037037037,2419.1111111111,543.88888888889,514,363.92592592593,1751.8888888889,2031.1111111111,735.85185185185,293.85185185185,1354.4814814815,341.59259259259,2170.5555555556,298.11111111111,499.62962962963,273.88888888889,574.40740740741,766.22222222222,230.59259259259,227.11111111111,287.66666666667,183.03703703704,1184.7407407407,1177.8518518519,140.81481481481,2206.3703703704,142.33333333333,1060.7037037037,216.92592592593,742.40740740741,642.77777777778,205.96296296296,1000.2222222222,155.40740740741,1937.8148148148,430.48148148148,1112.0740740741,1162.7777777778,181.51851851852,267.77777777778,193.14814814815,383.18518518519,198.51851851852,599.88888888889,534.18518518519,184.81481481481,1363.2962962963,219.51851851852,233.7037037037,623.51851851852,378.62962962963,165.62962962963,330.22222222222,1167.9259259259,645.03703703704,518.51851851852,218.14814814815,440.44444444444,1272.0740740741,540.62962962963,1520.037037037
2010-10-12 18:40,1379.7777777778,458.11111111111,1834.0740740741,485.2962962963,460.51851851852,364.77777777778,1635.8148148148,1735.7037037037,635.77777777778,227.59259259259,1044.5555555556,279.25925925926,1952.037037037,302.40740740741,452.85185185185,239.22222222222,489.74074074074,610.25925925926,206.77777777778,220.48148148148,287,181.81481481481,1173.5555555556,1178.9259259259,140.51851851852,2148.5185185185,142.2962962963,1058.8518518519,203.40740740741,671.37037037037,640,206.25925925926,999,155.44444444444,1916.0740740741,430.18518518519,1112.7777777778,1159.4814814815,181.11111111111,267.33333333333,193.07407407407,379.03703703704,196.88888888889,595.85185185185,525.66666666667,182.2962962963,1338.4074074074,214.48148148148,231.18518518519,621.51851851852,379.62962962963,165.33333333333,329.96296296296,1078.6296296296,565,496.25925925926,214.25925925926,396.85185185185,1060.037037037,425.92592592593,1316.4444444444
2010-10-12 18:55,1178.5925925926,410.22222222222,1347.7037037037,375.2962962963,341.81481481481,269.25925925926,1294.962962963,1518.3703703704,560.44444444444,206.55555555556,931.48148148148,265.81481481481,1772.4814814815,200.85185185185,345.92592592593,207.33333333333,425.51851851852,631.88888888889,212,219.11111111111,283.51851851852,180.14814814815,1155.5185185185,1175.962962963,139.88888888889,2128.037037037,142.40740740741,1057.7407407407,203.07407407407,641.11111111111,635.33333333333,205.44444444444,994.51851851852,155.44444444444,1899.9259259259,429.37037037037,1102.8888888889,1157.037037037,181,267.03703703704,193,377.88888888889,195.77777777778,595.81481481481,525.25925925926,182.2962962963,1325.8888888889,209.92592592593,229.25925925926,617.03703703704,376.77777777778,164.44444444444,329.55555555556,1029.962962963,530.11111111111,444.40740740741,206.25925925926,283.88888888889,847.55555555556,313.62962962963,1063.4814814815
2010-10-12 19:10,985.25925925926,276.77777777778,1141.5925925926,311.59259259259,303.22222222222,216,1050.4074074074,1371.8518518519,539.18518518519,197.37037037037,877.44444444444,248.44444444444,1642.2962962963,197.74074074074,341.22222222222,205.14814814815,420.03703703704,578.59259259259,197.44444444444,201.22222222222,269.44444444444,179.48148148148,1148.6666666667,1173.5555555556,139.92592592593,2122.037037037,141.92592592593,1056.5185185185,203.25925925926,673.44444444444,637.2962962963,205.66666666667,997.44444444444,155.2962962963,1902.2592592593,429.88888888889,1100.2592592593,1157.0740740741,181,267.25925925926,193,375.62962962963,194.59259259259,595.77777777778,523.96296296296,182.22222222222,1318.037037037,207.96296296296,229.03703703704,617.22222222222,376.92592592593,164.44444444444,329.62962962963,992.2962962963,453.59259259259,437.81481481481,204.40740740741,266.33333333333,762.51851851852,227.51851851852,843.92592592593
2010-10-12 19:40,848.84615384615,225.38461538462,937.61538461538,288.38461538462,243.07692307692,175.73076923077,832.53846153846,1196,522.69230769231,193.92307692308,800.07692307692,238.38461538462,1591.9230769231,193.73076923077,334.15384615385,200.30769230769,415.19230769231,564.11538461538,193.73076923077,198.76923076923,269.73076923077,179.38461538462,1143.4615384615,1174.0769230769,139.80769230769,2127.8461538462,142.61538461538,1059.6153846154,203.26923076923,639.76923076923,637.76923076923,206.30769230769,1001.8846153846,156.07692307692,1902.8846153846,430.42307692308,1102.4230769231,1160.8846153846,181.11538461538,267.46153846154,193,376.42307692308,195.07692307692,595,521.46153846154,181.96153846154,1317.4615384615,207.38461538462,228.80769230769,617.19230769231,376.61538461538,164.30769230769,329.15384615385,985.23076923077,449.07692307692,440.65384615385,204.11538461538,261.65384615385,737.57692307692,205.92307692308,760.92307692308
2010-10-12 20:10,819.65384615385,213.42307692308,900.65384615385,254.73076923077,240.5,154.57692307692,722.84615384615,1109.2307692308,515.88461538462,192.92307692308,793.76923076923,235.84615384615,1575.1923076923,192.26923076923,330.5,198.96153846154,413.61538461538,564.26923076923,193.30769230769,198.23076923077,269.11538461538,179.61538461538,1145.7307692308,1176.5769230769,140.26923076923,2125.8076923077,142.38461538462,1060.3846153846,206.80769230769,639.84615384615,638.15384615385,207.34615384615,1009.6153846154,156.5,1907.4615384615,430.57692307692,1094.1153846154,1162.6538461538,181.15384615385,267.80769230769,193,375.57692307692,194.38461538462,594,519.73076923077,181.69230769231,1313.3461538462,205.46153846154,228.03846153846,615.61538461538,376.38461538462,164,329.07692307692,970.15384615385,444.07692307692,426.30769230769,202.61538461538,260.57692307692,732.80769230769,206.5,747.38461538462
2010-10-13 00:10,791.15384615385,210.65384615385,782.15384615385,234.23076923077,232.26923076923,151.30769230769,792.03846153846,1064.1538461538,510.69230769231,190.84615384615,787.38461538462,231.03846153846,1543.5384615385,187.07692307692,325.03846153846,196.23076923077,407.65384615385,568.15384615385,195.96153846154,199.76923076923,270.26923076923,180,1144.0384615385,1181,140.80769230769,2146.9230769231,144,1078.0384615385,205.30769230769,642.65384615385,645.19230769231,211.80769230769,1026.7692307692,158.76923076923,1936.3076923077,436.03846153846,1107.1153846154,1177.4615384615,185.11538461538,272.57692307692,196.30769230769,384.38461538462,198.26923076923,603.57692307692,532.76923076923,183.69230769231,1322.5,206.96153846154,229,618.38461538462,377.76923076923,164.23076923077,331.46153846154,958.23076923077,442.69230769231,428.76923076923,206.30769230769,255.96153846154,723.69230769231,208.11538461538,738.69230769231
2010-10-13 06:10,767.25925925926,204.96296296296,761.18518518519,229.18518518519,228.40740740741,149.66666666667,692.40740740741,1046.2222222222,502.48148148148,189.74074074074,790.96296296296,234.07407407407,1568.0740740741,190,327.03703703704,196,408,560.03703703704,192.25925925926,198.66666666667,271,180.55555555556,1143.7777777778,1177.037037037,140.40740740741,2123.4444444444,141.66666666667,1059.2222222222,202.22222222222,637.66666666667,632.14814814815,205.88888888889,1002.2592592593,155.7037037037,1908.9259259259,457.51851851852,1329.8518518519,1313.037037037,223.92592592593,307.77777777778,220.59259259259,535.37037037037,241.92592592593,772.18518518519,804.66666666667,299.14814814815,2257.9259259259,323.92592592593,380.62962962963,1152.1851851852,886.37037037037,457.37037037037,862.03703703704,2026.8888888889,638.18518518519,459.03703703704,207.44444444444,293.55555555556,832.55555555556,216.88888888889,825.88888888889
2010-10-13 12:10,838.14285714286,211.07142857143,802.57142857143,241.82142857143,234.75,153.10714285714,713.21428571429,1071.1428571429,517.14285714286,194.32142857143,820.67857142857,236.71428571429,1601.3214285714,194.42857142857,335.64285714286,203.25,416.53571428571,571.39285714286,196.67857142857,199.75,270.89285714286,181.10714285714,1159.5,1178.9285714286,140.82142857143,2132.25,142.5,1063.6071428571,208.5,663.85714285714,662.92857142857,205.42857142857,1007.1428571429,156.75,1910.25,432.42857142857,1095.8214285714,1174.4642857143,181.53571428571,267.25,193,379.67857142857,198.28571428571,603.07142857143,532.57142857143,182.92857142857,1342.2857142857,210.64285714286,229.92857142857,619.96428571429,377.57142857143,164.42857142857,329.32142857143,1012.0714285714,465.96428571429,442.85714285714,205.03571428571,267.10714285714,762.89285714286,208.57142857143,771.03571428571
2010-10-13 18:10,1969.1428571429,772.57142857143,2834.0714285714,694.64285714286,653.60714285714,431.57142857143,1872.5714285714,2253.7142857143,806.46428571429,305.17857142857,1346.6071428571,330.25,2093.9642857143,253.14285714286,461.71428571429,263.78571428571,541.67857142857,756.64285714286,247.28571428571,267.85714285714,401.39285714286,334.07142857143,1474.9285714286,1188.9642857143,143.28571428571,2170.9642857143,143.82142857143,1060.7142857143,206.67857142857,754.71428571429,644.17857142857,205.57142857143,998.60714285714,155.78571428571,1909.5357142857,432.32142857143,1120.2142857143,1171.2857142857,182,268.5,193.28571428571,388.57142857143,202.78571428571,606.67857142857,541.64285714286,186.96428571429,1572.9285714286,238.60714285714,236.32142857143,840.64285714286,506.85714285714,212.28571428571,418.07142857143,1512.25,809.57142857143,719.03571428571,295.5,499.82142857143,1366.1428571429,602.82142857143,1679.3571428571
2010-10-15 14:34,832.78571428571,211.78571428571,825.78571428571,251.5,245,166.67857142857,824.32142857143,1286.2857142857,542.92857142857,204.17857142857,942.57142857143,254.21428571429,1685.25,200.75,346.07142857143,212.53571428571,426.10714285714,585.96428571429,199.89285714286,200.53571428571,270.35714285714,180.71428571429,1162.0714285714,1167.75,140.28571428571,2130.5714285714,141.89285714286,1057.1428571429,202.85714285714,645.42857142857,639.89285714286,205.14285714286,1003.4285714286,155.60714285714,1904.5714285714,430.39285714286,1100.2857142857,1165.0357142857,181.03571428571,267.14285714286,193,383.14285714286,200.35714285714,607.07142857143,535.89285714286,184.21428571429,1354.3928571429,217.21428571429,233.57142857143,622.07142857143,378.17857142857,164.96428571429,330.82142857143,1026.7857142857,471,451.57142857143,208.39285714286,268.53571428571,774.21428571429,209.75,794.35714285714
2010-10-15 14:49,833.57142857143,212.21428571429,849.39285714286,266.07142857143,261.07142857143,179.07142857143,918.64285714286,1397,547.64285714286,214.5,978.96428571429,249.42857142857,1663.3214285714,200.25,350.07142857143,212.35714285714,430.07142857143,593.25,202.17857142857,200.32142857143,269.78571428571,180.42857142857,1173.3571428571,1169.0357142857,140.32142857143,2137.8571428571,141.92857142857,1055.9285714286,202.67857142857,644.53571428571,642.53571428571,204.64285714286,1002.0357142857,155.53571428571,1906.5357142857,430.32142857143,1103.8214285714,1164.8928571429,181.10714285714,267.32142857143,193,381.96428571429,199.64285714286,603.39285714286,532.14285714286,184.03571428571,1347.9285714286,215.5,232.42857142857,619.42857142857,377.53571428571,164.71428571429,329.96428571429,1020.1785714286,472,452.75,207.42857142857,269.17857142857,771.42857142857,208.89285714286,784.92857142857
2010-10-15 15:04,837.82142857143,211.82142857143,879.92857142857,279.89285714286,282.46428571429,212.82142857143,1047.6785714286,1501.2857142857,547.03571428571,208.10714285714,1063.7142857143,252.14285714286,1663.1428571429,197.85714285714,344.82142857143,209.17857142857,428.60714285714,589.07142857143,200.60714285714,200.28571428571,270.39285714286,180.60714285714,1170.3571428571,1169.75,140.32142857143,2130.2142857143,141.67857142857,1054.5,201.89285714286,646.64285714286,644.92857142857,204.78571428571,1002.0357142857,155.35714285714,1906.2142857143,429.42857142857,1103.1428571429,1164.7857142857,181.14285714286,267.57142857143,193.07142857143,381.35714285714,198.07142857143,601.32142857143,530.17857142857,182.67857142857,1342.3928571429,214.57142857143,233.42857142857,621,376.67857142857,164.42857142857,329.35714285714,1007.1071428571,462.46428571429,451.64285714286,210.96428571429,267.92857142857,766.75,207.78571428571,786.32142857143
2010-10-15 15:19,847.25,212.46428571429,1028.8571428571,342.07142857143,374.10714285714,249.17857142857,1227.6428571429,1559.8571428571,581.53571428571,239.96428571429,1078.25,254.67857142857,1689.1428571429,202.53571428571,352.53571428571,213.96428571429,435.21428571429,592.57142857143,202.53571428571,200.46428571429,270.67857142857,181,1174.5357142857,1169.1428571429,140.39285714286,2136.5714285714,142.25,1057.1785714286,202.60714285714,649.89285714286,643.10714285714,204.75,1002.4642857143,155.5,1908.1071428571,430.82142857143,1104.9642857143,1164.3928571429,180.85714285714,267.42857142857,193.53571428571,383.03571428571,199.28571428571,605.67857142857,535.89285714286,183.32142857143,1347.1785714286,214.17857142857,231.71428571429,617.78571428571,376.5,164,329.17857142857,1014.5714285714,468.96428571429,448.92857142857,208.07142857143,269.39285714286,769,208.71428571429,781.28571428571
2010-10-15 15:49,1170.2962962963,527.88888888889,2317.5925925926,527.74074074074,476.7037037037,308.11111111111,1413.4814814815,1583.5555555556,587.14814814815,226.18518518519,1043.037037037,253.37037037037,1729.6666666667,220.92592592593,386.74074074074,231.33333333333,504.2962962963,663.51851851852,206.33333333333,201.81481481481,289.92592592593,215.88888888889,1284.7777777778,1171.0740740741,140.66666666667,2145.3703703704,142.66666666667,1065.7777777778,203.7037037037,674.85185185185,644.22222222222,204.77777777778,1000.962962963,155.44444444444,1904.9259259259,430.92592592593,1106.5555555556,1169.037037037,181.07407407407,267.40740740741,193.14814814815,383.25925925926,198.88888888889,605.07407407407,537.22222222222,184.2962962963,1357.1481481481,217.2962962963,234,619.92592592593,377,164.37037037037,329.51851851852,1036.1481481481,485.37037037037,460.88888888889,210.22222222222,275.74074074074,795.14814814815,212.77777777778,843.85185185185
2010-10-15 16:19,1441.9259259259,617.25925925926,2645.5185185185,576.33333333333,640.59259259259,340.92592592593,1584.3333333333,1824,661.66666666667,224.2962962963,998.85185185185,297.40740740741,1827.1111111111,230.03703703704,442.03703703704,243.2962962963,495.03703703704,674.40740740741,210.85185185185,206.81481481481,346.85185185185,322.37037037037,1383.2592592593,1174.6666666667,141.18518518519,2222,144.22222222222,1064.8148148148,232.25925925926,779.25925925926,643.55555555556,205.48148148148,1001.5555555556,155.48148148148,1905,431.07407407407,1112.5555555556,1166.1851851852,181.81481481481,267.92592592593,193.14814814815,385.11111111111,200.96296296296,608.33333333333,541.25925925926,184.18518518519,1361.4444444444,215.96296296296,233.96296296296,619.44444444444,376.62962962963,164.66666666667,330.25925925926,1084.7777777778,548.51851851852,488.18518518519,212.07407407407,282.03703703704,825.92592592593,225.66666666667,927.18518518519
2010-10-15 20:19,832.84,216.24,825.84,252.68,243.56,172.48,796.6,1097.28,523.4,194.8,800.92,240.08,1603.12,194.56,335.2,201.28,415.96,567.12,196.28,199.68,271.04,180.8,1146.64,1169.24,140.64,2166.52,142.32,1062.48,203.36,638.32,642.2,206.28,1006.12,155.96,1946.28,433,1099.84,1163.92,181.8,267.8,193,379.96,197.12,597.64,524.64,182,1323.64,211.08,231.4,617.68,376.76,164.4,329,990.12,453.4,441.24,210.44,264.32,743.52,210.6,777.8
2010-10-16 02:19,818.80769230769,210.92307692308,783.11538461538,237.30769230769,232.19230769231,152.46153846154,716,1055.5384615385,506.11538461538,191.65384615385,790.5,234.34615384615,1567.5384615385,190.30769230769,327.19230769231,196.30769230769,409.73076923077,571,195.07692307692,200.30769230769,271.34615384615,180.38461538462,1145.1538461538,1168.2692307692,140.5,2143.8846153846,143.69230769231,1066.5,203.92307692308,644.57692307692,647.42307692308,209.15384615385,1026.3076923077,157.76923076923,1938.8846153846,435.38461538462,1107.8076923077,1170.0384615385,182.19230769231,270.42307692308,194.80769230769,384.92307692308,199.69230769231,605.76923076923,533.23076923077,184.19230769231,1330.2692307692,204,228.34615384615,623.34615384615,379.65384615385,164.53846153846,333.03846153846,964.92307692308,437.69230769231,429.76923076923,206.42307692308,256.07692307692,719.19230769231,205.69230769231,734.19230769231
2010-10-16 08:19,816.73076923077,210.46153846154,791.88461538462,237.73076923077,232.15384615385,152,700.03846153846,1059.5384615385,507.30769230769,191.92307692308,788.03846153846,228.80769230769,1563.6923076923,189.46153846154,325.26923076923,197.76923076923,411.15384615385,566.46153846154,193.61538461538,198.69230769231,268.92307692308,179.88461538462,1142.0384615385,1162.8846153846,140.38461538462,2267.6153846154,141.88461538462,1064.5,203.19230769231,639.46153846154,633.11538461538,205.61538461538,991.88461538462,154.23076923077,1894.6923076923,429.34615384615,1084.1923076923,1155.3076923077,181.03846153846,267.03846153846,193,374.30769230769,194.38461538462,595.42307692308,521.38461538462,181.42307692308,1310.6153846154,204.19230769231,227.53846153846,614.61538461538,376.15384615385,164,329,997.73076923077,456.5,432.88461538462,204.15384615385,263.26923076923,745.46153846154,204.53846153846,742.73076923077
2010-10-16 14:19,832.18518518519,208.14814814815,810.03703703704,247.11111111111,236.33333333333,154.81481481481,722.92592592593,1078.3703703704,517.33333333333,191.85185185185,795.2962962963,232.51851851852,1579.1111111111,188.18518518519,325.22222222222,197.11111111111,409.81481481481,564.77777777778,192.66666666667,198.37037037037,268.2962962963,178.81481481481,1139.7037037037,1168.1111111111,140,2117.7407407407,142,1054.1481481481,202.14814814815,641.88888888889,641.62962962963,206.07407407407,995.85185185185,154.81481481481,1897.037037037,428.85185185185,1086.4074074074,1153.1851851852,180.92592592593,267.11111111111,193,376.88888888889,194.62962962963,595.18518518519,524.77777777778,181.81481481481,1329.1111111111,211.07407407407,230.48148148148,616.66666666667,376.07407407407,163.77777777778,329.25925925926,1006.5925925926,458.92592592593,435.77777777778,205.07407407407,268.11111111111,774.40740740741,210.33333333333,807.25925925926
2010-10-19 17:31,2234.7857142857,836.85714285714,3300.3214285714,738.39285714286,861.89285714286,457.32142857143,2101.9285714286,2868.4285714286,997.57142857143,346,1492.4285714286,454.96428571429,2518.5,302.10714285714,547.21428571429,308.14285714286,705.82142857143,797.89285714286,229.42857142857,227.39285714286,384.89285714286,379.96428571429,1558.2142857143,1184.5357142857,141.21428571429,2211.7857142857,143.17857142857,1061.9285714286,207.42857142857,771.28571428571,646,205.35714285714,1000.1428571429,156.28571428571,1899.1428571429,428.82142857143,1111.2857142857,1170.4642857143,181.53571428571,268.17857142857,193.28571428571,386.75,201.35714285714,608.46428571429,544.60714285714,187,1455.0357142857,226.35714285714,236.39285714286,624.71428571429,380.82142857143,169.39285714286,342.14285714286,1297.6071428571,653.5,603.71428571429,256.32142857143,478.35714285714,1345.5,534.10714285714,1460.0357142857
2010-10-19 17:46,2244.0357142857,1023.1785714286,3644.4285714286,837.46428571429,892.07142857143,448.5,2130.1785714286,2868.2857142857,976.85714285714,358.78571428571,1376.9642857143,401.89285714286,2436.3571428571,290.42857142857,500.60714285714,273.46428571429,620.32142857143,772.21428571429,248.35714285714,293.32142857143,452.17857142857,389.82142857143,1495.4642857143,1189,141.53571428571,2144.9642857143,142.5,1061.3928571429,210.25,837.64285714286,644.21428571429,205.64285714286,1000.9285714286,155.82142857143,1900,428.75,1112.4285714286,1167.1785714286,181.64285714286,267.82142857143,193.07142857143,384.25,200.57142857143,602.89285714286,540.10714285714,186.10714285714,1445.9285714286,229.64285714286,235.57142857143,624.39285714286,380.57142857143,176.96428571429,370.78571428571,1394.8928571429,839.25,628.5,246.85714285714,490.85714285714,1365.4642857143,597.96428571429,1507.0714285714
2010-10-19 18:01,2189.4642857143,783.03571428571,3337.1428571429,757.14285714286,829.25,451.28571428571,2160.8571428571,2448.7142857143,851.57142857143,327.28571428571,1258.5357142857,372.60714285714,2503.1071428571,291.67857142857,497.57142857143,296.67857142857,634.5,759.85714285714,245.21428571429,262,370.42857142857,300.42857142857,1394.4642857143,1186.5714285714,141.25,2146.3214285714,142.71428571429,1060.9642857143,220.03571428571,818.28571428571,641.75,205.21428571429,998.28571428571,155.03571428571,1900.8928571429,429.53571428571,1109.1071428571,1161.6071428571,181.82142857143,267.64285714286,193,381.92857142857,198.5,601.25,533.89285714286,184.5,1401.5,225.64285714286,233.5,624.78571428571,382.10714285714,177.28571428571,372.89285714286,1401.2857142857,834.5,648.67857142857,253.96428571429,469.35714285714,1396.4285714286,560.71428571429,1514.4285714286
2010-10-19 18:16,1827.5555555556,811.03703703704,2752.8518518519,674.14814814815,657.48148148148,426.92592592593,1898.037037037,2123.4074074074,759.51851851852,296.7037037037,1305.8148148148,394.81481481481,2390.0740740741,266.40740740741,465.44444444444,264.33333333333,625.96296296296,820.77777777778,234.51851851852,223.55555555556,291.74074074074,187.51851851852,1241.7407407407,1182.1111111111,140.81481481481,2141.6666666667,142.74074074074,1060.7777777778,222,759.33333333333,641.55555555556,206.51851851852,1002.8148148148,155.88888888889,1906.1851851852,431.25925925926,1116.1481481481,1165.5555555556,181.55555555556,268.48148148148,193.2962962963,381.96296296296,198.66666666667,598.85185185185,533.37037037037,184.03703703704,1351.6666666667,218,233.48148148148,623.85185185185,378.88888888889,165.92592592593,344.96296296296,1311.8518518519,753.03703703704,591.14814814815,241.66666666667,472.51851851852,1358.1111111111,523.85185185185,1507.962962963
2010-10-19 18:46,1303.6296296296,413.7037037037,1650.9259259259,454.88888888889,461.85185185185,301.81481481481,1441,1611.2592592593,593,221.25925925926,1023.7407407407,266.96296296296,1893.2962962963,211.22222222222,375.18518518519,220.2962962963,451.51851851852,613.22222222222,206.88888888889,217.55555555556,292.59259259259,182.40740740741,1168.8518518519,1177.2592592593,140,2126.7777777778,141.88888888889,1056.1111111111,203.14814814815,641.07407407407,638,206.2962962963,998.11111111111,155.44444444444,1899.2222222222,430.55555555556,1103.3703703704,1157.7777777778,181.25925925926,267.14814814815,193.14814814815,377.66666666667,196.22222222222,597.14814814815,527.25925925926,182.66666666667,1334.3333333333,211.7037037037,230.44444444444,620.92592592593,378.7037037037,164.74074074074,329.59259259259,1065.5185185185,599.92592592593,504.07407407407,224.96296296296,336.62962962963,948.33333333333,400.66666666667,1222.037037037
2010-10-19 19:16,965.96296296296,263.03703703704,1024.1111111111,297.33333333333,302.25925925926,215.92592592593,1007.8518518519,1313.037037037,533.92592592593,196.51851851852,830.51851851852,241.33333333333,1615.8148148148,196.11111111111,337.62962962963,203.25925925926,417.03703703704,566.85185185185,196,200.74074074074,268.96296296296,179.18518518519,1146.8888888889,1171.3333333333,139.66666666667,2121.962962963,141.85185185185,1055.5925925926,202.92592592593,646.74074074074,635.48148148148,206.03703703704,1000.2222222222,156.14814814815,1899.9259259259,429.11111111111,1099.3703703704,1158.962962963,181.18518518519,267.44444444444,193,376.81481481481,195.11111111111,595.14814814815,522.85185185185,182.03703703704,1322,208.81481481481,228.48148148148,616.66666666667,377.11111111111,164.44444444444,329.37037037037,990.92592592593,452.40740740741,438.77777777778,204.2962962963,264.11111111111,747.66666666667,207.25925925926,776.62962962963
2010-10-19 23:16,800,209.30769230769,798.46153846154,244.34615384615,236.73076923077,151.53846153846,714.19230769231,1108,641.69230769231,191.07692307692,786.57692307692,230.92307692308,1543.8076923077,188.07692307692,325.23076923077,196.23076923077,411.15384615385,563.80769230769,193.92307692308,199.19230769231,269.26923076923,180.15384615385,1145.0384615385,1181.5769230769,140.69230769231,2135.4615384615,142.96153846154,1070.3461538462,204.61538461538,645,649.38461538462,211.65384615385,1018.2692307692,157.88461538462,1934.1923076923,433.57692307692,1106.3076923077,1173.8846153846,183.07692307692,269.96153846154,194.11538461538,381.65384615385,196.69230769231,599.26923076923,522.84615384615,182.57692307692,1316,205.57692307692,227.23076923077,616.34615384615,376.30769230769,165.11538461538,333.46153846154,975.80769230769,455.15384615385,437.34615384615,208.03846153846,258.88461538462,728.03846153846,208.53846153846,744.88461538462
2010-10-20 05:16,743.51851851852,202.25925925926,753.44444444444,224.74074074074,225.22222222222,147.66666666667,689.74074074074,1032.7407407407,500.33333333333,190.25925925926,785.44444444444,229.11111111111,1540.5185185185,188.11111111111,324.2962962963,195.2962962963,407.74074074074,561.07407407407,191.88888888889,199.03703703704,270.51851851852,179.07407407407,1139.2592592593,1182,141.11111111111,2132.2962962963,142.18518518519,1067,206.22222222222,644.48148148148,622.25925925926,204.85185185185,991.44444444444,154.96296296296,1904.6666666667,430.74074074074,1089.3333333333,1166.4074074074,181,267.37037037037,193,379.44444444444,196.77777777778,596.51851851852,529.51851851852,182.51851851852,1321.1851851852,203.88888888889,226.18518518519,614.07407407407,376,164,329,965.77777777778,436.18518518519,422.14814814815,201.11111111111,251.77777777778,704.11111111111,198.33333333333,704.14814814815
2010-10-20 11:16,817.46428571429,210.32142857143,798.10714285714,241.07142857143,235.92857142857,154.71428571429,721.17857142857,1077.4285714286,520.32142857143,194.67857142857,799.60714285714,234.35714285714,1601.25,194.46428571429,333.03571428571,201.39285714286,414.82142857143,572.78571428571,196.71428571429,200.14285714286,270.28571428571,180.42857142857,1164.4285714286,1179.9285714286,141.14285714286,2141.3928571429,143.10714285714,1065.1785714286,208.78571428571,652.17857142857,674.53571428571,204.89285714286,1006.6071428571,158.78571428571,1980.9285714286,432.32142857143,1094,1175.8214285714,181.10714285714,267.10714285714,193,379.53571428571,197.25,604.21428571429,532,182.46428571429,1350.3571428571,218.03571428571,231.28571428571,618.78571428571,378.85714285714,164.42857142857,329.53571428571,1020.6428571429,471.07142857143,434.85714285714,201.57142857143,278.78571428571,782.14285714286,219.85714285714,795.89285714286
2010-10-20 17:16,2390.275862069,884.96551724138,3512.3793103448,771.31034482759,817.89655172414,353.37931034483,1708.9655172414,2258.4827586207,825.65517241379,316.27586206897,1369.4137931034,450.86206896552,2412.3448275862,314.37931034483,601,307.93103448276,664.24137931034,796.89655172414,241.41379310345,259.62068965517,433.89655172414,399.37931034483,1573.6896551724,1184.6896551724,141.58620689655,2154.4827586207,143.10344827586,1056.3103448276,204.24137931034,728.58620689655,646.55172413793,204.89655172414,994.31034482759,154.86206896552,1898.3448275862,428.44827586207,1110.0344827586,1163.6551724138,181.20689655172,267.31034482759,193,383.93103448276,200.31034482759,607.31034482759,544,185.96551724138,1371.4827586207,222.24137931034,233.75862068966,622.55172413793,407,198.10344827586,359.34482758621,1238.5172413793,698.20689655172,593.86206896552,258.89655172414,497.55172413793,1399.5172413793,471.86206896552,1361.3448275862
2010-10-23 10:43,838.28,211.16,804.84,245.56,237.08,157.36,722.76,1086.24,518.56,193.24,791.8,232.64,1591.4,191.28,328.52,198.4,414.72,577.56,195.52,198.96,269.32,180.08,1149.72,1170.64,141.32,3106.52,142.48,1066,203.48,644.8,647.2,205.76,1000,155.48,1908.16,430.28,1091.84,1159.2,181.08,267.32,193.08,377.68,195.64,598.76,526.84,181.6,1327.24,209.88,230.64,617.6,376.24,164.16,329.12,1011.48,463.08,437.16,201.92,272.28,776.68,209.32,781.8
2010-10-23 10:58,838.28,211.08,806.84,244.68,236.36,155.56,715.44,1073.76,515.2,193,794.56,232.4,1588.16,190.2,329.48,199.2,416,571,195.2,198.72,269.52,179.28,1148,1172.68,142.68,3081.88,142.8,1072.84,203.24,649.56,651.16,206.04,1001.56,155.48,1905.84,431.64,1092.64,1158.8,180.72,267.04,193,377.68,195.48,596.92,525.12,181.6,1328,210.76,231.4,617.76,376.32,164,329.28,1019.64,468,437.44,202.76,270.36,779.6,207.52,769
2010-10-23 11:13,837.48,210.56,803.04,245,235.88,156.92,721.28,1073.28,514.88,192.92,791.44,232.2,1581.88,189.68,329.08,200.24,414.92,571.04,195.4,198.8,269.08,179.56,1146.68,1172.2,141,3043.8,142.68,1063.16,203.4,647,650.6,206.16,1000.56,155.52,1906.44,431.04,1093.08,1161.24,180.8,267.28,193.08,377.24,195.08,598.72,527.8,181.72,1329.76,211.16,231.72,616.04,376.64,164,329.12,1020.52,468.96,435.44,202.84,273.04,780.64,211.2,778.84
2010-10-23 11:28,828.38461538462,210.46153846154,805.46153846154,246.26923076923,237.23076923077,156.65384615385,722.5,1074.3076923077,513,191.96153846154,792.38461538462,232.15384615385,1590.8461538462,192.46153846154,332.76923076923,202.65384615385,414.65384615385,568.30769230769,194.5,198.61538461538,268.92307692308,179.65384615385,1147.8846153846,1174.0769230769,141.15384615385,2997.5769230769,142.88461538462,1062.9230769231,203.57692307692,645.88461538462,651.5,206.38461538462,1000.8461538462,156.65384615385,1922.6153846154,431.26923076923,1092.2307692308,1157.6153846154,180.84615384615,267.11538461538,193,376.23076923077,194.38461538462,595.73076923077,525.96153846154,181.80769230769,1338.9230769231,211.5,230.57692307692,617.15384615385,376.30769230769,164,329.11538461538,1022.6538461538,468.69230769231,438.96153846154,202.26923076923,273.84615384615,795.69230769231,210.69230769231,779.34615384615
2010-10-23 11:58,826.25925925926,210.07407407407,801.92592592593,243.81481481481,235.77777777778,155.07407407407,718.03703703704,1071.7037037037,513.44444444444,191.37037037037,791.11111111111,232.33333333333,1584.9259259259,191.07407407407,329.18518518519,198.96296296296,412.2962962963,566.14814814815,193.88888888889,198.22222222222,268.7037037037,179.03703703704,1145.1851851852,1168.4814814815,140.66666666667,2773.8888888889,143.51851851852,1058.6666666667,203.7037037037,645.77777777778,647.48148148148,206.88888888889,995.88888888889,154.62962962963,1902.5555555556,428.92592592593,1088.2962962963,1153.8148148148,180.77777777778,267,193,378.14814814815,195.22222222222,597.59259259259,526.92592592593,182.03703703704,1332.5555555556,211.22222222222,231.33333333333,618.33333333333,376,164,329,1017.037037037,465.96296296296,443.59259259259,202.33333333333,275,792.11111111111,210.55555555556,795.92592592593
2010-10-23 12:28,826.96296296296,209.96296296296,806.2962962963,246,236.18518518519,155.14814814815,718.85185185185,1075.2592592593,515.51851851852,192.25925925926,791.55555555556,232.59259259259,1583.5185185185,190.33333333333,328.62962962963,199.40740740741,412.18518518519,567.7037037037,194.55555555556,198.2962962963,268.37037037037,178.92592592593,1142.8888888889,1168.1111111111,140.44444444444,2579.9259259259,168.55555555556,1089.6666666667,202.22222222222,642.85185185185,649.66666666667,205.25925925926,996.37037037037,155,2010.2962962963,429.18518518519,1083.1851851852,1156.6296296296,180.85185185185,267.03703703704,193,378.07407407407,196,597.96296296296,527.37037037037,185.51851851852,1363.2592592593,211.55555555556,231.25925925926,616.62962962963,376.22222222222,164,329.22222222222,1016.8518518519,469.33333333333,442.37037037037,203.62962962963,278.11111111111,824.66666666667,226.92592592593,860.92592592593
2010-10-23 16:28,925.92592592593,216.88888888889,895.2962962963,252.07407407407,240.88888888889,161.51851851852,745.81481481481,1120.8888888889,545.62962962963,197.88888888889,801.96296296296,236.14814814815,1599.5925925926,192.7037037037,331.92592592593,200.74074074074,414.18518518519,570.96296296296,194.48148148148,198.81481481481,269.59259259259,179.48148148148,1144.4444444444,1168,139.96296296296,2115.3333333333,141.59259259259,1057.2222222222,202.25925925926,644.74074074074,645.37037037037,206.48148148148,1005.037037037,155.33333333333,1907.5925925926,431.77777777778,1091.7777777778,1158.8518518519,180.77777777778,267.22222222222,193,377.88888888889,197.14814814815,601.62962962963,527.77777777778,182.88888888889,1334.5555555556,213.40740740741,230.14814814815,616.07407407407,376.44444444444,164.07407407407,329.03703703704,1034.037037037,519.44444444444,435.62962962963,205.51851851852,314.25925925926,788.40740740741,241.22222222222,875.55555555556
2010-10-23 22:28,839.37037037037,218.88888888889,821.33333333333,293.85185185185,238.48148148148,159.77777777778,729.44444444444,1104.4444444444,525.85185185185,193.92592592593,800.44444444444,240.11111111111,1594.7037037037,193.96296296296,333.48148148148,200.85185185185,416.77777777778,570.48148148148,196.77777777778,200.51851851852,271.40740740741,179.81481481481,1145.1111111111,1166.8888888889,140.48148148148,2122.7777777778,142.62962962963,1055.8148148148,203.11111111111,638.07407407407,642.37037037037,206.81481481481,1008.6666666667,156.03703703704,1911.4444444444,433.07407407407,1091.962962963,1160.6666666667,181.92592592593,268.66666666667,193.2962962963,383.51851851852,198.11111111111,598.7037037037,528.59259259259,183.18518518519,1341.2962962963,215.33333333333,233.03703703704,623.74074074074,377.25925925926,164.22222222222,353.44444444444,1012.4444444444,462.7037037037,432.88888888889,206.22222222222,265.62962962963,742.59259259259,211.81481481481,768.59259259259
2010-10-24 04:28,787.46428571429,209.64285714286,766.35714285714,228,227.10714285714,148.14285714286,695.67857142857,1047.7142857143,504.10714285714,189.5,786.39285714286,230.42857142857,1543.9642857143,189.28571428571,328.03571428571,198.35714285714,412.03571428571,566.03571428571,194,200.14285714286,272.10714285714,180.21428571429,1149.7142857143,1174.5714285714,140.14285714286,2126.8214285714,143.85714285714,1067.9285714286,207.53571428571,648.71428571429,642.53571428571,206.60714285714,1014.0357142857,157.75,1923.6785714286,430.39285714286,1097.3214285714,1161.0357142857,181.42857142857,269.03571428571,193.64285714286,380.42857142857,195.39285714286,598.60714285714,525.32142857143,182.5,1312.6785714286,201.39285714286,226.82142857143,617.35714285714,378.03571428571,164.42857142857,329.82142857143,949.57142857143,431.96428571429,420,205.92857142857,256.64285714286,710.96428571429,203.78571428571,726.75
2010-10-24 10:28,830.72413793103,211.75862068966,793.41379310345,237.68965517241,230.65517241379,149.10344827586,698.24137931034,1058.8965517241,506.72413793103,189.72413793103,788.65517241379,229.89655172414,1572.5172413793,188.75862068966,326.86206896552,198.51724137931,412.75862068966,567.13793103448,195.44827586207,199.10344827586,270.68965517241,180.13793103448,1140.9310344828,1167.9310344828,140.24137931034,2115.0689655172,141.65517241379,1421.1379310345,202.58620689655,639.89655172414,640.89655172414,204.03448275862,993.58620689655,154.1724137931,1885.8275862069,426.06896551724,1082.3448275862,1152.1379310345,180.75862068966,267.03448275862,193,375.48275862069,193.75862068966,596.75862068966,522.44827586207,181.41379310345,1318.5862068966,207.03448275862,228.65517241379,615.44827586207,376,164,329.06896551724,998.72413793103,455.89655172414,440.10344827586,201.79310344828,265.68965517241,753.65517241379,208.06896551724,762.10344827586
2010-10-26 19:49,836.88461538462,219.69230769231,955.15384615385,289.34615384615,242.88461538462,161.96153846154,753.42307692308,1117.5384615385,518.80769230769,192.84615384615,796.26923076923,236.26923076923,1582.5769230769,192.46153846154,329.53846153846,198.23076923077,415.03846153846,563.38461538462,193.73076923077,198.76923076923,268.5,179.57692307692,1145.1923076923,1176.5,139.96153846154,2125.6153846154,142.15384615385,1059.7692307692,203.07692307692,640.88461538462,636.69230769231,206.5,1002.4615384615,156,1903.3076923077,430.46153846154,1097,1160.4230769231,181,267.34615384615,193,374.92307692308,194.15384615385,594.53846153846,521.88461538462,181.42307692308,1314.9230769231,207.76923076923,228.80769230769,615,376.30769230769,164.07692307692,329,978.26923076923,445.80769230769,431.07692307692,203.19230769231,261.80769230769,738.07692307692,207.53846153846,760.92307692308
2010-10-26 20:04,822.65384615385,216.34615384615,934.84615384615,282.46153846154,239.61538461538,155.57692307692,738.46153846154,1109.8461538462,513.42307692308,192.23076923077,795.11538461538,237.23076923077,1574.4230769231,191.11538461538,329.65384615385,197.88461538462,410.23076923077,560.76923076923,193.23076923077,198.73076923077,268.69230769231,178.96153846154,1146.3076923077,1175.7692307692,140.46153846154,2128.0769230769,142.46153846154,1060.6923076923,203.38461538462,640.57692307692,636.19230769231,206.96153846154,1005.2692307692,156.38461538462,1905.7307692308,431.15384615385,1094.1923076923,1163.3846153846,181.11538461538,267.23076923077,193,375.76923076923,194.69230769231,594.80769230769,521.88461538462,181.61538461538,1311.1923076923,206.65384615385,227.34615384615,615.23076923077,376.42307692308,164,329.42307692308,974.5,446.38461538462,423.96153846154,203.5,260.03846153846,731.03846153846,207.42307692308,745.15384615385
2010-10-26 20:19,811.46153846154,212.5,804.57692307692,242.5,236.61538461538,155.03846153846,722.53846153846,1083.0769230769,513.03846153846,191.34615384615,792.07692307692,236.92307692308,1575.5384615385,190.92307692308,329.80769230769,198.03846153846,412.76923076923,563.07692307692,193.53846153846,198.53846153846,268.73076923077,179.61538461538,1144.1923076923,1177.9615384615,140.34615384615,2143.6923076923,142.15384615385,1060.6538461538,211.38461538462,638.84615384615,639.15384615385,206.88461538462,1008.2692307692,157.38461538462,1922.3076923077,431.65384615385,1095.6923076923,1162.5769230769,181,267.38461538462,193,376.26923076923,195.30769230769,593.42307692308,523.19230769231,181.88461538462,1312.9615384615,206.80769230769,228.26923076923,616.11538461538,376.57692307692,164,329.23076923077,971.46153846154,441,423.73076923077,202.76923076923,259.23076923077,725.84615384615,204.96153846154,742.46153846154
2010-10-26 20:34,811.84615384615,212.15384615385,790.73076923077,236.80769230769,232.84615384615,152.80769230769,713.76923076923,1083.6923076923,513.53846153846,191.30769230769,794.69230769231,237.15384615385,1577.0384615385,192.53846153846,330.46153846154,198.53846153846,412.15384615385,563.38461538462,193.23076923077,198.53846153846,268.42307692308,179.69230769231,1144.1538461538,1174.2692307692,140.42307692308,2128.3846153846,142.30769230769,1061.3846153846,203.46153846154,641.65384615385,638.11538461538,207.19230769231,1005.8461538462,156.42307692308,1905.6923076923,431.23076923077,1097,1167.4615384615,182.61538461538,267.80769230769,193.38461538462,377.03846153846,194.92307692308,594.5,519.88461538462,181.76923076923,1316.3461538462,207.07692307692,227.92307692308,614.30769230769,376,164.15384615385,329.15384615385,973.46153846154,442.30769230769,426.30769230769,203.80769230769,259.11538461538,726.38461538462,206.42307692308,746.03846153846
2010-10-26 21:04,813.11538461538,213.30769230769,790,237.80769230769,232.69230769231,152.11538461538,707.34615384615,1070,510.92307692308,191.15384615385,790.96153846154,235.88461538462,1571.6153846154,192.03846153846,330.65384615385,198.84615384615,413.92307692308,565.57692307692,194.15384615385,199.34615384615,269.38461538462,179.57692307692,1151.5384615385,1175.6538461538,140.15384615385,2126.2692307692,142.34615384615,1062.5384615385,204.73076923077,640.42307692308,636.07692307692,207.03846153846,1002.9615384615,155.84615384615,1909.7692307692,431.19230769231,1094,1163.3076923077,182.34615384615,268.84615384615,193.53846153846,379.26923076923,199.23076923077,597.15384615385,523.46153846154,182.15384615385,1320.3461538462,207.61538461538,228.19230769231,615.73076923077,376.46153846154,164.23076923077,329.5,973.61538461538,445.65384615385,423.69230769231,204.30769230769,257.69230769231,730.03846153846,208.65384615385,745.30769230769
2010-10-26 21:34,829.69230769231,218.30769230769,794.65384615385,238.65384615385,233.46153846154,154.26923076923,715.65384615385,1078.3076923077,514.96153846154,192.07692307692,793.07692307692,236.65384615385,1574.3076923077,191.84615384615,330.26923076923,198.76923076923,412.61538461538,567.11538461538,198.65384615385,200.61538461538,270.23076923077,179.57692307692,1158.6538461538,1181.6538461538,139.80769230769,2130.3846153846,142.96153846154,1068.2307692308,204.07692307692,642.03846153846,637,209.92307692308,1012.3076923077,156.23076923077,1905.1923076923,431,1089.5,1169.6153846154,183.42307692308,269.23076923077,194.03846153846,379.61538461538,196.80769230769,597.15384615385,523.07692307692,182.57692307692,1321.9230769231,209.11538461538,228.19230769231,614.84615384615,377.34615384615,167.23076923077,330.03846153846,999.53846153846,461.96153846154,434.38461538462,205.57692307692,263.73076923077,741.61538461538,211.53846153846,760.42307692308
2010-10-27 01:34,779.03846153846,205.61538461538,772,232.26923076923,230.96153846154,149.53846153846,733.57692307692,1052.4615384615,509.69230769231,194.92307692308,794.03846153846,233.76923076923,1565.6923076923,192.23076923077,333.11538461538,199.03846153846,415.46153846154,567.34615384615,197.46153846154,200.65384615385,271.69230769231,181.23076923077,1150.8846153846,1180.4230769231,140.65384615385,2166.7307692308,142.92307692308,1077,207.84615384615,667.23076923077,650.80769230769,211.69230769231,1027.3846153846,159.46153846154,1950.6923076923,440.30769230769,1106.6538461538,1172,183.34615384615,272.38461538462,196.23076923077,389.34615384615,203.46153846154,610.96153846154,535.38461538462,184.07692307692,1318.6153846154,202.19230769231,227.46153846154,621.30769230769,377.73076923077,164.69230769231,331.57692307692,955.69230769231,436,415.42307692308,203.38461538462,256.96153846154,718.19230769231,206.5,745.61538461538
2010-10-27 07:34,871.57142857143,214.67857142857,822.03571428571,248.89285714286,241.53571428571,159.82142857143,743.07142857143,1102.7142857143,519.64285714286,194.32142857143,798.03571428571,233.28571428571,1606.2857142857,193.32142857143,333.53571428571,202.17857142857,418.64285714286,572.85714285714,196.64285714286,200.21428571429,270.03571428571,180.17857142857,1152.2142857143,1174.1785714286,140.5,2124.6428571429,142.35714285714,1060.3571428571,201.60714285714,637.96428571429,661.78571428571,206.35714285714,1008.5357142857,155.64285714286,2115.3571428571,598.78571428571,1899.5357142857,1518.6428571429,197.28571428571,360.71428571429,330.10714285714,671.75,301.92857142857,956.5,1124.75,475.82142857143,3176.4642857143,516.03571428571,657.53571428571,2104.9285714286,1270.8571428571,554.75,931.10714285714,2241.1071428571,712.89285714286,565.64285714286,234.21428571429,331.17857142857,954.5,232.14285714286,1019.9285714286
2010-10-27 13:34,855.1724137931,294.86206896552,874.20689655172,256.41379310345,252.37931034483,175.79310344828,807.51724137931,1089.1034482759,522.86206896552,194.51724137931,813.48275862069,236.51724137931,1606.4827586207,193.8275862069,333.96551724138,202.51724137931,415.89655172414,571.48275862069,195,198.34482758621,268.72413793103,181.03448275862,1242.8965517241,1175.0344827586,140.93103448276,2131.8275862069,142.31034482759,1056.275862069,201.79310344828,655.1724137931,647.31034482759,204.96551724138,1004.6206896552,156.8275862069,1911.7931034483,430.96551724138,1093.9310344828,1179.6206896552,181.72413793103,267.41379310345,193,379.37931034483,197.10344827586,601.03448275862,532.58620689655,182.62068965517,1367.8275862069,222.86206896552,230.93103448276,617.51724137931,376.8275862069,164.34482758621,329.27586206897,1058,552.27586206897,437.37931034483,204.1724137931,262.06896551724,752.37931034483,207.37931034483,806.75862068966
2010-10-27 19:34,840.39285714286,234.92857142857,894.75,252.75,249.17857142857,174.39285714286,828.89285714286,1193,525.17857142857,193.67857142857,808.14285714286,240.10714285714,1601.5,195.71428571429,335.78571428571,201.92857142857,415.21428571429,568.10714285714,195.71428571429,200.14285714286,270.17857142857,179.82142857143,1145.3214285714,1172.2142857143,140.35714285714,2118.6071428571,141.53571428571,1050.1428571429,202.82142857143,636.32142857143,636.46428571429,206.14285714286,998.53571428571,155.5,1901.1785714286,429.35714285714,1096.6785714286,1154.75,181.21428571429,267.75,193,376.10714285714,195.28571428571,594.92857142857,523.89285714286,182.53571428571,1321.5714285714,210.17857142857,229,616.57142857143,376.57142857143,164,329.07142857143,983.42857142857,451.82142857143,444.75,212.82142857143,300.32142857143,926.28571428571,216.71428571429,780.03571428571
2010-10-29 11:49,834.03333333333,212.33333333333,834.6,266.16666666667,297.46666666667,183.1,795.43333333333,1102.1333333333,525.76666666667,194.06666666667,814.76666666667,237.16666666667,1608.1333333333,194.13333333333,335.66666666667,203.03333333333,418.23333333333,574.33333333333,196.2,199,271.5,180.1,1152.6666666667,1170.6666666667,140.46666666667,2121.9333333333,141.16666666667,1056.8,202.73333333333,667,645.63333333333,205,1004.7,155.5,1897.7666666667,428.4,1088,1173.7666666667,181.43333333333,267.9,193.8,382.43333333333,199.23333333333,607.6,536.76666666667,183.63333333333,1347.7666666667,212.86666666667,232.16666666667,620.73333333333,377.3,164.53333333333,329.76666666667,1050.0333333333,506.66666666667,448.53333333333,208.4,271.8,775.96666666667,208.46666666667,769.46666666667
2010-10-29 12:04,825.9,211.43333333333,830.66666666667,250.63333333333,247.5,167.76666666667,779.56666666667,1105.7333333333,526.73333333333,195.23333333333,813.43333333333,235.43333333333,1598.1333333333,193.46666666667,334.23333333333,201.1,416.16666666667,577.03333333333,195.83333333333,198.73333333333,270.46666666667,180.1,1148.1333333333,1171.5,140,2114.6,140.66666666667,1053.9,201.73333333333,676.73333333333,644.2,204.63333333333,1002.8666666667,154.6,1901.7,428.36666666667,1087.5666666667,1169.7,181.53333333333,267.86666666667,193.73333333333,381.63333333333,198.66666666667,605.3,534.8,182.73333333333,1340.7,212.33333333333,231.7,619,376.9,164.6,330.46666666667,1023.6333333333,489.13333333333,448.46666666667,207.4,270.93333333333,771.03333333333,207.06666666667,764.23333333333
2010-10-29 12:19,819.23333333333,209.16666666667,800.03333333333,244.23333333333,239.53333333333,164.56666666667,799.63333333333,1108,526.46666666667,194.1,809.66666666667,235.76666666667,1604.8333333333,194.23333333333,333.76666666667,201.36666666667,417.1,574.63333333333,195.86666666667,198.53333333333,269.4,179.63333333333,1150.7,1163.2,139.93333333333,2113.5333333333,141.23333333333,1051.9666666667,201.6,683.46666666667,643.66666666667,204.26666666667,1003.2333333333,154.96666666667,1897.3666666667,428,1087.5333333333,1167.5666666667,181.16666666667,267.66666666667,193.06666666667,383.53333333333,201.16666666667,606.63333333333,535.5,183.16666666667,1344.3,210.83333333333,230.96666666667,620.06666666667,377.1,164.53333333333,330.23333333333,1013.3333333333,465.23333333333,444.46666666667,207.33333333333,270.1,768.76666666667,206.93333333333,764.8
2010-10-29 12:34,809.36666666667,208.5,794.6,242.2,248.26666666667,167.1,837.33333333333,1108.5333333333,523.8,193.96666666667,818.2,237.56666666667,1602.8,193.7,336.06666666667,203.73333333333,421.53333333333,579,197.36666666667,199.53333333333,270.1,180.23333333333,1157.3666666667,1169,140.2,2116.9,142.1,1056.3,202.06666666667,665.3,641.43333333333,203.76666666667,1000,154.7,1899.3666666667,431.43333333333,1091.4666666667,1168.5333333333,181.06666666667,267.4,193.06666666667,380.83333333333,199.1,605.46666666667,534.73333333333,183.56666666667,1348.0666666667,212.23333333333,231.13333333333,619.3,376.96666666667,164.26666666667,329.63333333333,1013.9666666667,468.66666666667,443.23333333333,205.9,267.76666666667,766.66666666667,206.6,763.8
2010-10-29 13:04,819.23333333333,209.73333333333,806.4,246.56666666667,234.93333333333,157.7,758.93333333333,1119.0666666667,524.63333333333,194.7,836.1,239.23333333333,1610.2333333333,194.56666666667,338.96666666667,205.66666666667,420.9,575.83333333333,196.33333333333,198.6,269.63333333333,179.56666666667,1153.8,1166.1333333333,140.36666666667,2116.0666666667,141.1,1053.0333333333,201.53333333333,665,638.9,204.06666666667,1000.4,155,1898.1,428.2,1090.1666666667,1162.4333333333,181.23333333333,267.7,193.2,380,197.4,601.4,532.33333333333,183.4,1342.7333333333,210.96666666667,230.26666666667,617.66666666667,376.5,164.33333333333,329.46666666667,1000.0333333333,457.13333333333,443.76666666667,203.8,263.6,753.5,206.83333333333,760.63333333333
2010-10-29 13:34,821.8275862069,210.37931034483,806.27586206897,245.75862068966,235.13793103448,154.62068965517,737.31034482759,1102.8965517241,529,195.06896551724,837.51724137931,238.62068965517,1613,193.58620689655,335.27586206897,202.79310344828,418.62068965517,577.13793103448,197.37931034483,198.55172413793,268.72413793103,179.24137931034,1153.6896551724,1170.5862068966,140.55172413793,2117.724137931,141.48275862069,1052.5172413793,201.93103448276,711.79310344828,641.44827586207,204.44827586207,1003.1724137931,155.10344827586,1898.1034482759,429.03448275862,1092.6551724138,1163.9655172414,180.79310344828,267.13793103448,193,381.31034482759,197.96551724138,603.65517241379,534.27586206897,182.86206896552,1340.6206896552,212,231.31034482759,617.68965517241,376.93103448276,164.27586206897,329.37931034483,1009.3103448276,461.31034482759,441.06896551724,206.8275862069,266.24137931034,769.65517241379,209.72413793103,770.03448275862
2010-10-29 17:34,2376.6923076923,975.57692307692,3312.2307692308,742.15384615385,804.11538461538,449.69230769231,1932.9230769231,2005.5384615385,685.23076923077,276.76923076923,1183.1153846154,334.84615384615,2200.8076923077,298.92307692308,549.23076923077,293.19230769231,652.03846153846,815.73076923077,264.5,304.80769230769,525.92307692308,494.26923076923,1626.3076923077,1347.8461538462,153.11538461538,2217.1538461538,144.53846153846,1096.8461538462,298.80769230769,932.07692307692,646.03846153846,206.07692307692,1005.8461538462,155.69230769231,1907.9615384615,432.11538461538,1120.5384615385,1175.7692307692,182.34615384615,269.46153846154,193.46153846154,387.42307692308,202.07692307692,609.03846153846,546.57692307692,187.19230769231,1408.7692307692,240.80769230769,238.92307692308,629.34615384615,399.23076923077,185.11538461538,378.42307692308,1551.5384615385,837,771.80769230769,331.42307692308,548.73076923077,1515.0769230769,641.73076923077,1548.7692307692
2010-10-29 23:34,941.44,218.96,813.08,250.12,254.64,168.68,748.56,1096.16,519.88,192.64,796.2,238.52,1577.88,192.08,330.6,199.2,412.96,565.48,195.6,199.92,270.28,181.32,1147.72,1173.92,140.72,2142.28,142.64,1063.12,204.48,640.96,649.44,209.32,1016.8,156.88,1936.6,435.36,1100.32,1165.2,181.28,268.48,193.48,380.64,196.56,602.92,524.32,182.52,1323.52,209.4,229.64,618.4,376.4,164.48,332.8,972.16,450.8,436.12,211.56,264.08,733.4,209.4,755.8
2010-10-30 05:34,761.19230769231,205.92307692308,764.61538461538,228.65384615385,229.34615384615,153.30769230769,710.46153846154,1045.0769230769,503.61538461538,189.57692307692,786.57692307692,231.65384615385,1536.5,188.30769230769,324.76923076923,196.92307692308,410.30769230769,563.88461538462,193.15384615385,199.30769230769,272.23076923077,179.92307692308,1145,1165.6923076923,140.65384615385,2137.3076923077,142.38461538462,1064.1538461538,202.76923076923,637.76923076923,629.80769230769,205.80769230769,995.15384615385,155.46153846154,1903.5769230769,430.11538461538,1084.1153846154,1159.5384615385,180.84615384615,267.23076923077,193,375.80769230769,194.46153846154,592.76923076923,520.96153846154,181.42307692308,1309.0384615385,201.76923076923,225.15384615385,615.65384615385,376.15384615385,164.07692307692,329,965.07692307692,439.5,418.42307692308,203.11538461538,254.65384615385,712.19230769231,202.23076923077,724.07692307692
2010-10-30 11:34,828.84615384615,209.19230769231,805.69230769231,244.23076923077,236.03846153846,156.5,721.46153846154,1074.3076923077,514.38461538462,192.19230769231,792.61538461538,232.88461538462,1587.3076923077,190.07692307692,329.80769230769,200.5,415.57692307692,573.84615384615,196.84615384615,200.34615384615,269.38461538462,179.07692307692,1146.9230769231,1170.3846153846,141.26923076923,2988.1923076923,142.30769230769,1066,203.96153846154,646.46153846154,650.26923076923,205.84615384615,998.26923076923,155.03846153846,1902.6923076923,430.53846153846,1089.6153846154,1159.3461538462,180.84615384615,267,193,377.30769230769,195.61538461538,596.92307692308,526.61538461538,181.96153846154,1332.2307692308,211.61538461538,231.03846153846,618.96153846154,376.38461538462,164,329.11538461538,1019.9230769231,468.03846153846,441.11538461538,202.57692307692,274.92307692308,789.76923076923,210.42307692308,780.96153846154
2010-11-03 18:04,2083.7857142857,842.03571428571,3094.3214285714,693.46428571429,741.96428571429,467.46428571429,1966.0357142857,2348.8571428571,834.07142857143,310.03571428571,1342.7857142857,338.78571428571,2255.0714285714,282.78571428571,503.75,271.21428571429,552.10714285714,799.71428571429,252.28571428571,285.71428571429,460.60714285714,378.07142857143,1508.6071428571,1192.25,142.53571428571,2816.25,144.71428571429,1062.75,212.21428571429,780.85714285714,642.60714285714,205.67857142857,1000.6071428571,155.60714285714,1907.7857142857,430.96428571429,1116.0357142857,1175.5714285714,182.53571428571,268.71428571429,193.07142857143,386.5,201.25,602.89285714286,539.10714285714,184.67857142857,1525.25,239.67857142857,237.78571428571,747.17857142857,531.46428571429,244.5,447.57142857143,1526.75,782.64285714286,704.75,296.85714285714,550.75,1372.9285714286,558.25,1546.6428571429
2010-11-03 18:19,1621.2142857143,608.46428571429,2408.0714285714,586.96428571429,563.96428571429,378.71428571429,1733.7142857143,2182.1428571429,801.17857142857,284.14285714286,1281.6785714286,305.67857142857,2002.4285714286,227.78571428571,409.25,240.71428571429,512.25,708.60714285714,221.60714285714,225.60714285714,326.71428571429,269.92857142857,1362.5357142857,1190.5714285714,147.21428571429,2212.5714285714,143.71428571429,1058.8571428571,204.57142857143,693.53571428571,645.67857142857,207.57142857143,1000.1785714286,155.71428571429,1910.75,431.89285714286,1118.8214285714,1169.3214285714,181.5,268.39285714286,193.07142857143,385.14285714286,200.46428571429,601.67857142857,538.10714285714,200.07142857143,1613.8571428571,238.07142857143,271.75,754.75,460.28571428571,205.5,403.07142857143,1364.1071428571,792.42857142857,677.03571428571,298.60714285714,556.28571428571,1509.2142857143,649.14285714286,1628.5
2010-11-03 18:34,1346.6785714286,474.28571428571,1848.7142857143,508.03571428571,479.57142857143,318.35714285714,1565.2857142857,1949.8571428571,676.42857142857,241.17857142857,1065.4642857143,296.82142857143,1903.6428571429,211.07142857143,370.21428571429,222.25,462.96428571429,642.71428571429,207.17857142857,205.17857142857,274.82142857143,191.14285714286,1235.8214285714,1251.3571428571,178.92857142857,2215.9285714286,143.28571428571,1056.3571428571,203.57142857143,648.85714285714,638.92857142857,205.46428571429,998.28571428571,156.28571428571,1904.5,430.82142857143,1111.1428571429,1165.8571428571,181.5,267.57142857143,193,381.75,198.57142857143,600.67857142857,534.46428571429,231.5,1598.9285714286,234.96428571429,260.28571428571,765.28571428571,502.17857142857,198.92857142857,365.32142857143,1188.0357142857,712.14285714286,739.25,331.28571428571,523.92857142857,1418.25,556.21428571429,1550.8928571429
2010-11-03 18:49,1165.8928571429,377.35714285714,1529,397.64285714286,365.39285714286,252.17857142857,1243,1729.2857142857,636.96428571429,212.85714285714,962.46428571429,285.5,1774.0714285714,204.42857142857,352.07142857143,210.89285714286,428.21428571429,599.71428571429,202.39285714286,202.67857142857,271.14285714286,180.64285714286,1194.7142857143,1251.6428571429,159.71428571429,2172.0714285714,142.21428571429,1053,203.5,643.17857142857,640.82142857143,205.64285714286,996.67857142857,154.92857142857,1899.7857142857,429.78571428571,1107.4285714286,1163.2857142857,181.28571428571,267.82142857143,193.07142857143,378.89285714286,196.35714285714,596.35714285714,527.46428571429,195.39285714286,1599.1785714286,225.64285714286,233.10714285714,654.57142857143,406.17857142857,177.17857142857,351.10714285714,1110.3571428571,584.14285714286,638.75,282.82142857143,428.75,1238.6785714286,526.46428571429,1412.6785714286
2010-11-03 19:19,894.57142857143,231.42857142857,909.60714285714,277.07142857143,356.53571428571,252,1216.5714285714,1285,533.71428571429,199.67857142857,880.92857142857,253.53571428571,1644.3928571429,197.32142857143,338.07142857143,203.10714285714,417.32142857143,567.17857142857,194.46428571429,199.14285714286,269.14285714286,179.42857142857,1150.3214285714,1173.6428571429,140.39285714286,2121.0714285714,141.75,1052.0714285714,203.46428571429,639.28571428571,638.67857142857,205.57142857143,996.67857142857,155.57142857143,1901.1071428571,430.03571428571,1101.1785714286,1161.6785714286,181.71428571429,268.10714285714,193.28571428571,377.10714285714,195.75,594.21428571429,524.17857142857,182.39285714286,1324.5357142857,209.57142857143,227.60714285714,616.5,376.64285714286,164.14285714286,329.39285714286,1002.2857142857,472.60714285714,516.53571428571,250.96428571429,415.28571428571,1158.75,242.89285714286,830.60714285714
2010-11-03 19:49,819.78571428571,212.32142857143,799.57142857143,240.92857142857,235.64285714286,161.71428571429,762.25,1102.4285714286,518.07142857143,193.10714285714,801.10714285714,236.96428571429,1584.8214285714,191.60714285714,329.35714285714,198.42857142857,412.71428571429,564.85714285714,194.32142857143,199.64285714286,269,179.35714285714,1142.0714285714,1170.8928571429,140.25,2121.8928571429,141.96428571429,1050.9642857143,202.5,636.53571428571,638.32142857143,205.46428571429,997.82142857143,155.89285714286,1902.4285714286,430.10714285714,1090.8928571429,1155,181.5,267.89285714286,193.21428571429,377.39285714286,195.42857142857,595.14285714286,523.64285714286,181.60714285714,1316.7142857143,207.82142857143,227.25,614.92857142857,376.07142857143,164.21428571429,329.07142857143,979.92857142857,446.78571428571,432.78571428571,209,262.64285714286,853.5,207.85714285714,751.75
2010-11-03 23:49,777.21428571429,214.07142857143,779.25,232.96428571429,231.21428571429,153.78571428571,708.46428571429,1060.8571428571,504.5,190.25,787.5,233.17857142857,1542.7857142857,187.85714285714,324.35714285714,195.28571428571,410.57142857143,568.89285714286,195.92857142857,203.5,272.42857142857,181.42857142857,1150.6071428571,1181.3214285714,140.71428571429,2172.0714285714,142.89285714286,1065.5357142857,202.5,641.53571428571,649.10714285714,209.39285714286,1012.75,156.82142857143,1915.1785714286,432,1103.3571428571,1172.7142857143,184.42857142857,271.57142857143,195.32142857143,384.25,200.03571428571,605.67857142857,528.35714285714,184.03571428571,1314.6428571429,201.17857142857,225.10714285714,615.07142857143,377.46428571429,164,329,957.03571428571,440.17857142857,424.78571428571,206.07142857143,259.32142857143,724.82142857143,206.75,737.21428571429
2010-11-04 05:49,758.67741935484,204.64516129032,761.64516129032,228.38709677419,226.16129032258,146.32258064516,685.87096774194,1041.0322580645,503.03225806452,189.74193548387,789.74193548387,232.74193548387,1561.7741935484,190.54838709677,328.61290322581,197.96774193548,410.1935483871,559.51612903226,191.96774193548,198.32258064516,268.70967741935,178.41935483871,1128.7741935484,1170.3225806452,139,2106.3548387097,140.70967741935,1049.1612903226,200.51612903226,632.90322580645,627.58064516129,203.16129032258,996.06451612903,155.25806451613,1905.1290322581,430.06451612903,1114.064516129,1279.1290322581,191.45161290323,279.90322580645,205.90322580645,498.51612903226,245.12903225806,686.12903225806,670.38709677419,222.93548387097,1734.064516129,259.83870967742,249.8064516129,655.41935483871,393.35483870968,180.83870967742,383.06451612903,1328.4838709677,582.67741935484,459.90322580645,204.61290322581,267.93548387097,763.77419354839,207.54838709677,758.96774193548
2010-11-04 11:49,827.77419354839,211.45161290323,799.03225806452,241.45161290323,235.32258064516,150.87096774194,720.96774193548,1094.5806451613,519.12903225806,194.25806451613,800.70967741935,235,1602.6451612903,226.51612903226,513.22580645161,300.06451612903,542.54838709677,571.16129032258,196.22580645161,199.22580645161,269.83870967742,180.12903225806,1154.8064516129,1167.3870967742,140.16129032258,2136.5806451613,141.1935483871,1055.6129032258,201.61290322581,641.93548387097,644.74193548387,203.67741935484,1001.5806451613,155.03225806452,1906.7419354839,427.61290322581,1093.5483870968,1161.3548387097,181.03225806452,267.03225806452,193,380.09677419355,197.58064516129,602.8064516129,533.83870967742,182.83870967742,1392.3548387097,212.70967741935,231.74193548387,618.12903225806,376.67741935484,164.25806451613,329.22580645161,1008.5483870968,461.06451612903,451.41935483871,207.06451612903,268.96774193548,768.77419354839,207.22580645161,767.41935483871
2010-11-04 17:49,2368.6206896552,963.62068965517,3517.4482758621,772.89655172414,778.34482758621,356.86206896552,1831.1034482759,2266.6206896552,829.8275862069,309.48275862069,1270.8620689655,387.06896551724,2426.9655172414,333.58620689655,623.8275862069,336.65517241379,738.03448275862,952.37931034483,282.24137931034,357.48275862069,603.1724137931,536.93103448276,1730.7586206897,1214.4482758621,142,2386.9310344828,144,1060.9655172414,204.65517241379,701.41379310345,646.62068965517,204.31034482759,998.62068965517,154.96551724138,2004.6206896552,426.79310344828,1111.724137931,1181.8965517241,182.41379310345,268.65517241379,193.13793103448,385.37931034483,200.27586206897,606.48275862069,545.37931034483,186.48275862069,1425.1034482759,231.51724137931,236.89655172414,629.93103448276,411,183.48275862069,383.34482758621,1444.7586206897,911.24137931034,691.24137931034,258.24137931034,574.51724137931,1544.0689655172,634.03448275862,1647.9655172414
2010-11-07 08:16,784,207.10714285714,767.64285714286,229.25,225.42857142857,148.28571428571,684.67857142857,1039.8571428571,502.71428571429,189.67857142857,785.57142857143,227.64285714286,1550.0357142857,186.75,323,196.25,408.53571428571,562.57142857143,192.67857142857,198.21428571429,269.14285714286,178.64285714286,1135.75,1168.8214285714,139.60714285714,2113.3571428571,141.21428571429,1050.6785714286,201.82142857143,635.39285714286,629.71428571429,203.82142857143,991.39285714286,154.57142857143,1886.7857142857,425.96428571429,1079.9285714286,1148.2142857143,180.75,267.28571428571,193,375,192.71428571429,593.71428571429,516.96428571429,180.78571428571,1302.25,200.60714285714,224.82142857143,613.92857142857,376.07142857143,164,329.32142857143,962.89285714286,433.57142857143,421.03571428571,201.25,254.03571428571,713.14285714286,201.96428571429,718.89285714286
2010-11-07 08:31,783.93103448276,206.86206896552,769.96551724138,230.86206896552,226.41379310345,147.27586206897,686.03448275862,1040.5517241379,501.55172413793,189.62068965517,786.03448275862,228.48275862069,1553.8275862069,187.44827586207,324.51724137931,196.68965517241,408.8275862069,562.41379310345,192.72413793103,198.96551724138,270.31034482759,179.51724137931,1134.7931034483,1170.0689655172,140,2125.0689655172,140.89655172414,1049.1724137931,201.06896551724,633,627.86206896552,203.37931034483,988.10344827586,152.79310344828,1920.0689655172,424.86206896552,1074.0344827586,1143.0689655172,180.86206896552,267,193,373.65517241379,192.79310344828,594.48275862069,517.24137931034,181.10344827586,1300.2068965517,201.27586206897,224.24137931034,613.55172413793,376,164,329,968.51724137931,435.1724137931,422.1724137931,200.13793103448,256,721,204.13793103448,727.58620689655
2010-11-07 08:46,792.44827586207,208.13793103448,777.51724137931,232.51724137931,228.48275862069,148.62068965517,683.8275862069,1040.8275862069,503.79310344828,190.1724137931,786.34482758621,228.44827586207,1559.4827586207,187.1724137931,324.58620689655,196.41379310345,408.72413793103,563.03448275862,192.89655172414,198.68965517241,269,179.1724137931,1134.8275862069,1166.275862069,139.24137931034,2107.1724137931,140.72413793103,1050.4137931034,201.8275862069,634.96551724138,630.62068965517,203.72413793103,987.55172413793,153.62068965517,1884.1379310345,425.06896551724,1073.1379310345,1148.6896551724,180.79310344828,267.10344827586,193,374,192.24137931034,592.8275862069,516.51724137931,181.79310344828,1303.3448275862,201.44827586207,225.31034482759,614.31034482759,376.34482758621,164,329.06896551724,969.96551724138,438.37931034483,425.31034482759,200.86206896552,257.93103448276,724.48275862069,203.62068965517,732.27586206897
2010-11-07 09:01,792.86206896552,208.13793103448,775.48275862069,232.37931034483,228.93103448276,148.75862068966,688.20689655172,1044.1379310345,502.20689655172,189.55172413793,786.10344827586,228.96551724138,1557.5172413793,187.10344827586,324.51724137931,196.62068965517,408.55172413793,564.8275862069,192.86206896552,198.96551724138,269.27586206897,179.31034482759,1134.2413793103,1171.3103448276,140.10344827586,2109.7586206897,140.48275862069,1045.4482758621,201.48275862069,635.13793103448,628.51724137931,203.55172413793,991.03448275862,153,1884.9310344828,425.48275862069,1076.2413793103,1146.1379310345,180.8275862069,267.03448275862,193,373.24137931034,192.03448275862,593.37931034483,517.55172413793,181.06896551724,1306.6896551724,202.10344827586,225.48275862069,613.72413793103,376.20689655172,164,329,969.75862068966,438.65517241379,424.65517241379,198.8275862069,256.51724137931,720.89655172414,203.1724137931,729.37931034483
2010-11-07 09:31,813.03448275862,209.8275862069,781.68965517241,233.03448275862,229.20689655172,149.13793103448,691.03448275862,1049.6551724138,504.72413793103,190.37931034483,788.20689655172,229.1724137931,1564.6206896552,187.96551724138,324.51724137931,196.75862068966,410.34482758621,565.55172413793,193.93103448276,199.37931034483,270.06896551724,179.86206896552,1139.275862069,1164.9655172414,139.68965517241,2109.6896551724,141.20689655172,1052.275862069,202.24137931034,636.8275862069,633.96551724138,203.86206896552,988.34482758621,153.51724137931,1879.7931034483,425.86206896552,1078.8275862069,1149.2413793103,180.8275862069,267.06896551724,193,375.75862068966,193.27586206897,595.03448275862,520.20689655172,181.20689655172,1313.5517241379,205.27586206897,228.89655172414,615.75862068966,376.27586206897,164,329.03448275862,991.68965517241,467.79310344828,431.34482758621,201.55172413793,261.62068965517,738.1724137931,205.58620689655,744.72413793103
2010-11-07 10:01,818.53333333333,209.43333333333,786.16666666667,235.6,230.7,148.13333333333,694.03333333333,1055.2,506.13333333333,189.83333333333,788.83333333333,230.6,1569.6666666667,188.3,324.96666666667,197.46666666667,410.46666666667,565.8,194.1,198.53333333333,269.2,179.13333333333,1139.3,1165.0666666667,139.7,2105.1666666667,140.83333333333,1279.0666666667,202,636.4,638.26666666667,203.76666666667,987.96666666667,152.53333333333,1875.0333333333,424.16666666667,1078.4,1148.3666666667,180.86666666667,267.3,193.06666666667,375.5,193.4,595.3,519.73333333333,181.3,1313.6333333333,205.8,228.16666666667,615.06666666667,376.2,164,329,994.6,451.86666666667,431.7,200.46666666667,260.5,740.73333333333,206.06666666667,749.43333333333
2010-11-07 14:01,835.09375,210.78125,798.09375,239.96875,233.1875,149.40625,704.46875,1090,533.84375,190.25,789,231.40625,1572.53125,188.53125,325.8125,198.375,411.78125,567.9375,193.625,198.5625,269.25,179.0625,1135.6875,1157.59375,139.40625,2116.78125,140.53125,1045.4375,201.34375,640.03125,639.90625,203.40625,993.21875,153.53125,1893.9375,426.5,1082.65625,1148.75,180.875,267,193,374.84375,194.4375,595.21875,523.875,181.6875,1391.90625,233.03125,231.28125,856.90625,496.9375,197.40625,346.65625,1026.46875,465.21875,439.875,200.9375,283,803.875,224.125,811.8125
2010-11-07 20:01,810.12903225806,213.06451612903,798.8064516129,240.58064516129,235.29032258065,152.58064516129,712.32258064516,1074.9677419355,514.96774193548,192.06451612903,793.29032258065,237.74193548387,1587.7096774194,193.8064516129,332.8064516129,199.22580645161,414.8064516129,566.67741935484,194.96774193548,200.48387096774,270.1935483871,179.8064516129,1142.7419354839,1160.3225806452,139.93548387097,2107.5483870968,141.51612903226,1054.6774193548,202.1935483871,635.90322580645,638.83870967742,205.16129032258,1002.9677419355,155.12903225806,1901.0322580645,428.58064516129,1086.6451612903,1157.7419354839,181.74193548387,268.58064516129,193.12903225806,380.25806451613,196.90322580645,597.1935483871,527.83870967742,182.96774193548,1334.3870967742,212.38709677419,231.67741935484,618.06451612903,377.03225806452,164.12903225806,329.16129032258,984.64516129032,448.35483870968,439.12903225806,201.16129032258,262.12903225806,732.16129032258,207.29032258065,747.45161290323
2010-11-08 02:01,767.58064516129,211.58064516129,768.38709677419,231.45161290323,229.90322580645,153.25806451613,723.25806451613,1046.8387096774,508.16129032258,192.12903225806,791.83870967742,233.77419354839,1558.3870967742,188.16129032258,327.96774193548,199.06451612903,416.25806451613,577.45161290323,198.12903225806,206.8064516129,275.61290322581,182.16129032258,1164.3870967742,1177.0967741935,140.77419354839,2140.4193548387,146.90322580645,1072.0322580645,203.70967741935,642.09677419355,655.58064516129,213.8064516129,1069.6129032258,161.54838709677,1955.3870967742,438,1123.7741935484,1169.8387096774,182.48387096774,271.25806451613,195.06451612903,386.09677419355,200.77419354839,609.1935483871,534.29032258065,184.22580645161,1324.1290322581,201.51612903226,225.16129032258,619.38709677419,376.93548387097,164.1935483871,329.22580645161,934.83870967742,421.32258064516,410.12903225806,209.22580645161,252.38709677419,712.32258064516,206.03225806452,727.87096774194
2010-11-08 08:01,913.84848484848,223.66666666667,900.75757575758,260.90909090909,245.33333333333,156.90909090909,767.9696969697,1118.6666666667,522.90909090909,194.72727272727,804.09090909091,235.0303030303,1598.4848484848,192.72727272727,332.84848484848,201.78787878788,416.54545454545,574.45454545455,196.72727272727,199.33333333333,270.66666666667,179.48484848485,1148.3636363636,1163,139.66666666667,2102.3636363636,141.48484848485,1048.5757575758,201.45454545455,637.57575757576,681.51515151515,205.87878787879,1003.0303030303,154.93939393939,1897.9393939394,433.57575757576,1203.4545454545,1304.0909090909,187.09090909091,284.69696969697,223.42424242424,463.66666666667,217.42424242424,738.63636363636,791.39393939394,274.87878787879,2152,342.87878787879,441.54545454545,1571.9696969697,1131,488.36363636364,820.84848484848,2002,656.51515151515,495.06060606061,208.75757575758,310.81818181818,875.27272727273,218.63636363636,793.18181818182
